Date,HomeTeam,AwayTeam,FTHG,FTAG,FTR,Season,Home_Form_Points,Home_Form_GoalsFor,Home_Form_GoalsAgainst,Away_Form_Points,Away_Form_GoalsFor,Away_Form_GoalsAgainst,Home_Elo,Away_Elo,H2H_HomeWinRate,H2H_Meetings
2020-09-12,Fulham,Arsenal,0,3,A,PL_2020-21,1.3726810954063604,1.4400618374558305,1.4534452296819789,1.4046296296296297,1.4593180482069372,1.4349353321575544,1500.0,1500.0,0.5,0
2020-09-12,Crystal Palace,Southampton,1,0,H,PL_2020-21,1.3726810954063604,1.4400618374558305,1.4534452296819789,1.4046296296296297,1.4593180482069372,1.4349353321575544,1500.0,1500.0,0.5,0
2020-09-12,Liverpool,Leeds,4,3,H,PL_2020-21,1.3726810954063604,1.4400618374558305,1.4534452296819789,1.4046296296296297,1.4593180482069372,1.4349353321575544,1500.0,1500.0,0.5,0
2020-09-12,West Ham,Newcastle,0,2,A,PL_2020-21,1.3726810954063604,1.4400618374558305,1.4534452296819789,1.4046296296296297,1.4593180482069372,1.4349353321575544,1500.0,1500.0,0.5,0
2020-09-13,West Brom,Leicester,0,3,A,PL_2020-21,1.3726810954063604,1.4400618374558305,1.4534452296819789,1.4046296296296297,1.4593180482069372,1.4349353321575544,1500.0,1500.0,0.5,0
2020-09-13,Tottenham,Everton,0,1,A,PL_2020-21,1.3726810954063604,1.4400618374558305,1.4534452296819789,1.4046296296296297,1.4593180482069372,1.4349353321575544,1500.0,1500.0,0.5,0
2020-09-14,Brighton,Chelsea,1,3,A,PL_2020-21,1.3726810954063604,1.4400618374558305,1.4534452296819789,1.4046296296296297,1.4593180482069372,1.4349353321575544,1500.0,1500.0,0.5,0
2020-09-14,Sheffield United,Wolves,0,2,A,PL_2020-21,1.3726810954063604,1.4400618374558305,1.4534452296819789,1.4046296296296297,1.4593180482069372,1.4349353321575544,1500.0,1500.0,0.5,0
2020-09-19,Everton,West Brom,5,2,H,PL_2020-21,3.0,1.0,0.0,0.0,0.0,3.0,1512.8012999960577,1487.1987000039423,0.5,0
2020-09-19,Leeds,Fulham,4,3,H,PL_2020-21,0.0,3.0,4.0,0.0,0.0,3.0,1492.8012999960577,1487.1987000039423,0.5,0
2020-09-19,Man United,Crystal Palace,1,3,A,PL_2020-21,1.3726810954063604,1.4400618374558305,1.4534452296819789,3.0,1.0,0.0,1500.0,1507.1987000039423,0.5,0
2020-09-19,Arsenal,West Ham,2,1,H,PL_2020-21,3.0,3.0,0.0,0.0,0.0,2.0,1512.8012999960577,1487.1987000039423,0.5,0
2020-09-20,Southampton,Tottenham,2,5,A,PL_2020-21,0.0,0.0,1.0,0.0,0.0,1.0,1492.8012999960577,1487.1987000039423,0.5,0
2020-09-20,Newcastle,Brighton,0,3,A,PL_2020-21,3.0,2.0,0.0,0.0,1.0,3.0,1512.8012999960577,1487.1987000039423,0.5,0
2020-09-20,Chelsea,Liverpool,0,2,A,PL_2020-21,3.0,3.0,1.0,3.0,4.0,3.0,1512.8012999960577,1507.1987000039423,0.5,0
2020-09-20,Leicester,Burnley,4,2,H,PL_2020-21,3.0,3.0,0.0,1.4046296296296297,1.4593180482069372,1.4349353321575544,1512.8012999960577,1500.0,0.5,0
2020-09-21,Wolves,Man City,1,3,A,PL_2020-21,3.0,2.0,0.0,1.4046296296296297,1.4593180482069372,1.4349353321575544,1512.8012999960577,1500.0,0.5,0
2020-09-21,Aston Villa,Sheffield United,1,0,H,PL_2020-21,1.3726810954063604,1.4400618374558305,1.4534452296819789,0.0,0.0,2.0,1500.0,1487.1987000039423,0.5,0
2020-09-26,Brighton,Man United,2,3,A,PL_2020-21,1.5,2.0,1.5,0.0,1.0,3.0,1500.6641633125025,1487.390723106448,0.5,0
2020-09-26,Crystal Palace,Everton,1,2,A,PL_2020-21,3.0,2.0,0.5,3.0,3.0,1.0,1519.8079768974944,1519.3358366874975,0.5,0
2020-09-26,West Brom,Chelsea,3,3,D,PL_2020-21,0.0,1.0,4.0,1.5,1.5,1.5,1480.6641633125025,1499.8520794225028,0.5,0
2020-09-26,Burnley,Southampton,0,1,A,PL_2020-21,0.0,2.0,4.0,0.0,1.0,3.0,1493.1372184859022,1479.8520794225028,0.5,0
2020-09-27,Tottenham,Newcastle,1,1,D,PL_2020-21,1.5,2.5,1.5,1.5,1.0,1.5,1500.1479205774972,1499.3358366874975,0.5,0
2020-09-27,Man City,Leicester,2,5,A,PL_2020-21,3.0,3.0,1.0,3.0,3.5,1.0,1513.1372184859022,1519.6640815101555,0.5,0
2020-09-27,West Ham,Wolves,4,0,H,PL_2020-21,0.0,0.5,2.0,1.5,1.5,1.5,1480.6641633125025,1499.6640815101555,0.5,0
2020-09-27,Sheffield United,Leeds,0,1,A,PL_2020-21,0.0,0.0,1.5,1.5,3.5,3.5,1480.3359184898445,1499.8520794225028,0.5,0
2020-09-28,Fulham,Aston Villa,0,3,A,PL_2020-21,0.0,1.5,3.5,3.0,1.0,0.0,1480.1479205774972,1506.8627815140978,0.5,0
2020-09-28,Liverpool,Arsenal,3,1,H,PL_2020-21,3.0,3.0,1.5,3.0,2.5,0.5,1520.1479205774972,1519.3358366874975,0.5,0
2020-10-03,Chelsea,Crystal Palace,4,0,H,PL_2020-21,1.3333333333333333,2.0,2.0,2.0,1.6666666666666667,1.0,1502.1369809901953,1506.9941587765602,0.5,0
2020-10-03,Everton,Brighton,4,2,H,PL_2020-21,3.0,2.6666666666666665,1.0,1.0,2.0,2.0,1532.1496548084317,1487.5146982442432,0.5,0
2020-10-03,Leeds,Man City,1,1,D,PL_2020-21,2.0,2.6666666666666665,2.3333333333333335,1.5,2.5,3.0,1512.1280246543452,1500.5099302074054,0.5,0
2020-10-03,Newcastle,Burnley,3,1,H,PL_2020-21,1.3333333333333333,1.0,1.3333333333333333,0.0,1.0,2.5,1502.1586620071387,1479.9874501003912,0.5,0
2020-10-04,Man United,Tottenham,1,6,A,PL_2020-21,1.5,2.0,2.5,1.3333333333333333,2.0,1.3333333333333333,1500.5401881747073,1497.325095257856,0.5,0
2020-10-04,Wolves,Fulham,1,0,H,PL_2020-21,1.0,1.0,2.3333333333333335,0.0,1.0,3.3333333333333335,1491.9541109613142,1468.069340488421,0.5,0
2020-10-04,Aston Villa,Liverpool,7,2,H,PL_2020-21,3.0,2.0,0.0,3.0,3.0,1.3333333333333333,1518.941361603174,1527.325095257856,0.5,0
2020-10-04,Arsenal,Sheffield United,2,1,H,PL_2020-21,2.0,2.0,1.3333333333333333,0.0,0.0,1.3333333333333333,1512.1586620071387,1468.0599732580022,0.5,0
2020-10-04,Leicester,West Ham,0,3,A,PL_2020-21,3.0,4.0,1.3333333333333333,1.0,1.6666666666666667,1.3333333333333333,1532.2913697886522,1488.3741338613438,0.5,0
2020-10-04,Southampton,West Brom,2,0,H,PL_2020-21,1.0,1.0,2.0,0.3333333333333333,1.6666666666666667,3.6666666666666665,1493.0018478080137,1478.37926174481,0.5,0
2020-10-17,Everton,Liverpool,2,2,D,PL_2020-21,3.0,3.0,1.25,2.25,2.75,2.75,1538.2116269560695,1519.9025581354424,0.5,0
2020-10-17,Chelsea,Southampton,3,3,D,PL_2020-21,1.75,2.5,1.5,1.5,1.25,1.5,1509.465009300406,1499.8174458543758,0.5,0
2020-10-17,Man City,Arsenal,1,0,H,PL_2020-21,1.3333333333333333,2.0,2.3333333333333335,2.25,2.0,1.25,1503.6164123598555,1518.2336834306955,0.5,0
2020-10-17,Newcastle,Man United,1,4,A,PL_2020-21,1.75,1.5,1.25,1.0,1.6666666666666667,3.6666666666666665,1508.7803966820873,1487.6538349766017,0.5,0
2020-10-18,Sheffield United,Fulham,1,1,D,PL_2020-21,0.0,0.25,1.5,0.0,0.75,2.75,1461.9849518344454,1461.4912242117573,0.5,0
2020-10-18,Crystal Palace,Brighton,1,1,D,PL_2020-21,1.5,1.25,1.75,0.75,2.0,2.5,1499.6661304663494,1481.4527260966054,0.5,0
2020-10-18,Tottenham,West Ham,3,3,D,PL_2020-21,1.75,3.0,1.25,1.5,2.0,1.0,1510.2114484559615,1502.2946934706474,0.5,0
2020-10-18,Leicester,Aston Villa,0,1,A,PL_2020-21,2.25,3.0,1.75,3.0,3.6666666666666665,0.6666666666666666,1518.3708101793486,1526.3638987255877,0.5,0
2020-10-19,West Brom,Burnley,0,0,D,PL_2020-21,0.25,1.25,3.25,0.0,1.0,2.6666666666666665,1471.563663698448,1473.3657154254427,0.5,0
2020-10-19,Leeds,Wolves,0,1,A,PL_2020-21,1.75,2.25,2.0,1.5,1.0,1.75,1509.021542501895,1498.5322272379778,0.5,0
2020-10-23,Aston Villa,Leeds,0,3,A,PL_2020-21,3.0,3.0,0.5,1.4,1.8,1.8,1538.9518552753073,1495.9444435261128,0.5,0
2020-10-24,Liverpool,Sheffield United,2,1,H,PL_2020-21,2.0,2.6,2.6,0.2,0.4,1.4,1523.181981426454,1459.170561582534,0.5,0
2020-10-24,Man United,Chelsea,0,0,D,PL_2020-21,1.5,2.25,3.0,1.6,2.6,1.8,1501.0054373499343,1506.409860214093,0.5,0
2020-10-24,West Ham,Man City,1,1,D,PL_2020-21,1.4,2.2,1.4,1.75,1.75,1.75,1505.3046072684929,1511.207205993262,0.5,0
2020-10-24,Fulham,Crystal Palace,1,2,A,PL_2020-21,0.2,0.8,2.4,1.4,1.2,1.6,1464.3056144636687,1496.3891647190317,0.5,0
2020-10-25,Southampton,Everton,2,0,H,PL_2020-21,1.4,1.6,1.8,2.6,2.8,1.4,1502.872594940689,1534.9322036650578,0.5,0
2020-10-25,Wolves,Newcastle,1,1,D,PL_2020-21,1.8,1.0,1.4,1.4,1.4,1.8,1511.6093262137601,1495.4287943087547,0.5,0
2020-10-25,Arsenal,Leicester,0,1,A,PL_2020-21,1.8,1.6,1.2,1.8,2.4,1.6,1510.642889797289,1505.782853629629,0.5,0
2020-10-26,Brighton,West Brom,1,1,D,PL_2020-21,0.8,1.8,2.2,0.4,1.0,2.6,1484.729691843923,1468.8102298719632,0.5,0
2020-10-26,Burnley,Tottenham,0,1,A,PL_2020-21,0.25,0.75,2.0,1.6,3.0,1.6,1476.1191492519274,1507.201534658116,0.5,0
2020-10-30,Wolves,Crystal Palace,2,0,H,PL_2020-21,1.4,0.8,1.6,1.4,1.4,1.8,1508.3846877914891,1508.3194331231782,0.5,0
2020-10-31,Sheffield United,Man City,0,1,A,PL_2020-21,0.2,0.6,1.4,1.6,1.6,1.6,1453.569206799727,1513.8512138806936,0.5,0
2020-10-31,Burnley,Chelsea,0,3,A,PL_2020-21,0.2,0.6,1.8,1.2,2.0,1.6,1464.1611541658426,1509.0671993087858,0.5,0
2020-10-31,Liverpool,West Ham,2,1,H,PL_2020-21,2.0,2.2,2.2,1.6,2.4,1.2,1528.783336209261,1502.6605993810613,0.5,0
2020-11-01,Aston Villa,Southampton,3,4,A,PL_2020-21,2.4,2.4,1.0,2.0,2.0,1.6,1525.0534801119725,1510.9416631278652,0.5,0
2020-11-01,Newcastle,Everton,2,1,H,PL_2020-21,1.0,1.2,2.0,2.0,2.6,1.8,1498.6534327310258,1526.8631354778815,0.5,0
2020-11-01,Man United,Arsenal,0,1,A,PL_2020-21,1.4,1.8,2.4,1.2,1.0,1.4,1498.3480982552414,1497.7131952297793,0.5,0
2020-11-01,Tottenham,Brighton,2,1,H,PL_2020-21,2.2,3.2,1.4,1.0,1.8,1.8,1519.1595297442009,1481.5117879007016,0.5,0
2020-11-02,Fulham,West Brom,2,0,H,PL_2020-21,0.2,1.0,2.2,0.6,1.2,2.2,1452.3753460595221,1472.0281338151847,0.5,0
2020-11-02,Leeds,Leicester,1,4,A,PL_2020-21,2.0,1.8,1.0,1.8,2.0,1.6,1509.8428186894475,1518.7125481971386,0.5,0
2020-11-06,Southampton,Newcastle,2,0,H,PL_2020-21,2.6,2.4,1.2,1.6,1.6,1.6,1524.1128485422298,1506.616055348219,0.5,0
2020-11-06,Brighton,Burnley,0,0,D,PL_2020-21,0.4,1.4,2.2,0.2,0.2,1.6,1475.2785623471227,1452.588581644071,0.5,0
2020-11-07,Everton,Man United,1,3,A,PL_2020-21,1.4,1.8,1.8,1.4,1.6,2.0,1518.9005128606882,1485.5299669265323,0.5,0
2020-11-07,Crystal Palace,Leeds,4,1,H,PL_2020-21,0.8,0.8,2.0,1.4,1.2,1.2,1501.1224638223878,1497.278419325772,0.5,0
2020-11-07,Chelsea,Sheffield United,4,1,H,PL_2020-21,1.8,2.6,1.2,0.2,0.6,1.4,1520.6397718305575,1442.4309850415605,0.5,0
2020-11-07,West Ham,Fulham,1,0,H,PL_2020-21,1.6,2.4,1.2,0.8,0.8,1.4,1496.1392286891369,1460.103129900008,0.5,0
2020-11-08,Man City,Liverpool,1,1,D,PL_2020-21,1.6,1.2,1.4,2.0,2.2,2.4,1524.9894356388602,1535.3047069011855,0.5,0
2020-11-08,Arsenal,Aston Villa,0,3,A,PL_2020-21,1.2,0.8,1.2,1.8,2.8,1.8,1510.5313265584884,1511.882294697608,0.5,0
2020-11-08,West Brom,Tottenham,0,1,A,PL_2020-21,0.6,0.8,1.6,2.2,2.6,1.2,1464.3003499746987,1525.3927552977798,0.5,0
2020-11-08,Leicester,Wolves,1,0,H,PL_2020-21,1.8,2.0,1.4,2.0,1.0,1.0,1531.2769475608143,1515.5816570922796,0.5,0
2020-11-21,Newcastle,Chelsea,0,2,A,PL_2020-21,1.4,1.4,1.8,2.2,2.8,0.8,1499.874597836476,1525.917552307008,0.5,0
2020-11-21,Aston Villa,Brighton,1,2,A,PL_2020-21,1.8,2.8,1.8,0.6,1.0,1.6,1524.6477231485069,1471.8870764029816,0.5,0
2020-11-21,Tottenham,Man City,2,0,H,PL_2020-21,2.6,2.6,1.0,1.8,1.0,0.6,1536.5079480358168,1522.4639475301258,0.5,0
2020-11-21,Man United,West Brom,1,0,H,PL_2020-21,1.4,1.6,1.8,0.4,0.2,1.2,1499.1906142402852,1453.1851572366618,0.5,0
2020-11-22,Sheffield United,West Ham,0,1,A,PL_2020-21,0.2,0.8,2.0,1.6,1.8,1.2,1437.15320456511,1502.4123288099252,0.5,0
2020-11-22,Leeds,Arsenal,0,0,D,PL_2020-21,0.8,1.2,2.0,1.2,0.6,1.2,1490.1813583804706,1497.7658981075895,0.5,0
2020-11-22,Liverpool,Leicester,3,0,H,PL_2020-21,1.6,1.8,2.4,1.8,1.2,1.0,1537.8301950099199,1538.0648288758853,0.5,0
2020-11-22,Fulham,Everton,2,3,A,PL_2020-21,0.8,0.8,1.0,0.8,1.6,2.2,1453.8300297792198,1505.2398655469353,0.5,0
2020-11-23,Wolves,Southampton,1,1,D,PL_2020-21,2.0,1.0,0.4,2.6,2.6,1.2,1508.7937757772086,1530.854306053973,0.5,0
2020-11-23,Burnley,Crystal Palace,1,0,H,PL_2020-21,0.4,0.2,1.4,1.4,1.4,1.8,1455.980067588212,1508.219524767689,0.5,0
2020-11-27,Crystal Palace,Newcastle,0,2,A,PL_2020-21,1.4,1.4,1.2,0.8,0.8,2.0,1499.5855897278923,1487.77752172432,0.5,0
2020-11-28,Brighton,Liverpool,1,1,D,PL_2020-21,1.2,1.0,1.0,2.2,2.0,1.0,1486.0208720204585,1545.0351195450944,0.5,0
2020-11-28,Man City,Burnley,5,0,H,PL_2020-21,1.6,0.8,0.8,1.0,0.2,0.8,1515.6333772134076,1464.6140026280088,0.5,0
2020-11-28,Everton,Leeds,0,1,A,PL_2020-21,0.8,1.4,2.2,0.8,1.0,1.8,1516.6293556418966,1487.5824337532729,0.5,0
2020-11-28,West Brom,Sheffield United,1,0,H,PL_2020-21,0.4,0.2,1.0,0.2,0.6,1.8,1447.1564620598747,1426.156601068974,0.5,0
2020-11-29,Southampton,Man United,2,3,A,PL_2020-21,2.2,2.4,1.4,2.0,1.6,0.6,1533.0606971713619,1505.2193094170723,0.5,0
2020-11-29,Chelsea,Tottenham,0,0,D,PL_2020-21,2.2,2.4,0.8,2.6,1.8,0.8,1538.014628419164,1543.338518352535,0.5,0
2020-11-29,Arsenal,Wolves,1,2,A,PL_2020-21,0.8,0.2,1.0,1.6,1.0,0.6,1500.3648227347871,1506.5873846598197,0.5,0
2020-11-30,Leicester,Fulham,1,2,A,PL_2020-21,1.8,1.2,1.0,0.8,1.2,1.4,1530.8599043407107,1442.4405396842585,0.5,0
2020-11-30,West Ham,Aston Villa,2,1,H,PL_2020-21,1.6,1.4,1.2,1.2,1.6,1.8,1513.4089323060612,1510.51392753103,0.5,0
2020-12-05,Burnley,Everton,1,1,D,PL_2020-21,0.8,0.2,1.8,0.6,1.0,2.0,1458.7061587553937,1503.0769638918302,0.5,0
2020-12-05,Man City,Fulham,2,0,H,PL_2020-21,1.6,1.6,0.8,1.2,1.4,1.4,1521.5412210860227,1457.3879194490526,0.5,0
2020-12-05,West Ham,Man United,1,3,A,PL_2020-21,2.0,1.2,0.8,2.0,1.4,0.8,1520.5310267012023,1518.7413445268708,0.5,0
2020-12-05,Chelsea,Leeds,3,1,H,PL_2020-21,2.2,1.8,0.2,1.4,1.2,1.6,1535.3551352121926,1501.1348255033392,0.5,0
2020-12-06,West Brom,Crystal Palace,1,5,A,PL_2020-21,0.8,0.4,1.0,1.2,1.2,1.4,1453.8080971748388,1486.474168199361,0.5,0
2020-12-06,Sheffield United,Leicester,1,2,A,PL_2020-21,0.0,0.4,1.8,1.8,1.4,1.2,1419.5049659540098,1515.9125245759167,0.5,0
2020-12-06,Tottenham,Arsenal,2,0,H,PL_2020-21,2.6,1.2,0.2,0.8,0.4,1.2,1545.9980115595063,1487.729382411899,0.5,0
2020-12-06,Liverpool,Wolves,4,0,H,PL_2020-21,2.2,1.8,0.8,1.6,1.2,0.8,1546.2093425109504,1519.2228249827078,0.5,0
2020-12-07,Brighton,Southampton,1,2,A,PL_2020-21,1.2,1.0,1.0,2.0,2.2,1.4,1484.8466490546025,1519.5386620615634,0.5,0
2020-12-11,Leeds,West Ham,1,2,A,PL_2020-21,0.8,0.8,2.2,1.8,1.2,1.2,1494.8166345184513,1507.6823265567566,0.5,0
2020-12-12,Wolves,Aston Villa,0,1,A,PL_2020-21,1.4,1.0,1.4,0.6,1.6,2.2,1512.7232885009496,1503.3918331358889,0.5,0
2020-12-12,Newcastle,West Brom,2,1,H,PL_2020-21,1.4,1.0,1.2,0.6,0.4,1.8,1500.8889432528513,1441.89397557526,0.5,0
2020-12-12,Man United,Man City,0,0,D,PL_2020-21,2.4,2.0,1.0,2.0,1.8,0.6,1531.5900446713165,1527.139282889126,0.5,0
2020-12-12,Everton,Chelsea,1,0,H,PL_2020-21,0.8,1.2,1.8,2.6,2.4,0.4,1504.6645572342395,1541.6733261970805,0.5,0
2020-12-13,Crystal Palace,Tottenham,1,1,D,PL_2020-21,1.2,1.8,1.4,2.6,1.4,0.2,1498.38828979894,1551.7336405691638,0.5,0
2020-12-13,Southampton,Sheffield United,3,0,H,PL_2020-21,2.0,2.2,1.6,0.0,0.4,1.8,1531.3965466772522,1409.4015708641873,0.5,0
2020-12-13,Fulham,Liverpool,1,1,D,PL_2020-21,1.2,1.2,1.4,2.2,2.2,0.6,1451.7898576459493,1552.7088789927086,0.5,0
2020-12-13,Arsenal,Burnley,0,1,A,PL_2020-21,0.8,0.4,1.4,1.0,0.4,1.8,1481.9937534022415,1457.1185654129845,0.5,0
2020-12-13,Leicester,Brighton,3,0,H,PL_2020-21,1.8,1.6,1.4,1.0,1.0,1.2,1526.0159196657391,1472.9887644389137,0.5,0
2020-12-15,Wolves,Chelsea,2,1,H,PL_2020-21,0.8,0.6,1.6,2.0,1.8,0.6,1499.6763907963705,1533.4667519877912,0.5,0
2020-12-15,Man City,West Brom,1,1,D,PL_2020-21,1.6,1.6,0.6,0.6,0.6,1.8,1530.0582049588345,1436.1754353366357,0.5,0
2020-12-16,Fulham,Brighton,0,0,D,PL_2020-21,0.8,1.0,1.6,1.0,0.8,1.4,1451.816309144922,1467.1289179749162,0.5,0
2020-12-16,Arsenal,Southampton,1,1,D,PL_2020-21,0.2,0.2,1.6,2.0,2.0,1.0,1468.5467256754957,1535.7546849320338,0.5,0
2020-12-16,Liverpool,Tottenham,2,1,H,PL_2020-21,1.8,2.0,0.6,2.2,1.2,0.2,1552.682427493736,1553.0684558642636,0.5,0
2020-12-16,West Ham,Crystal Palace,1,1,D,PL_2020-21,2.4,1.4,1.0,1.4,2.0,1.2,1520.138963214102,1497.05347450384,0.5,0
2020-12-16,Leicester,Everton,0,2,A,PL_2020-21,1.8,1.4,1.2,1.4,1.2,1.4,1531.8757661297366,1512.8711314435288,0.5,0
2020-12-16,Leeds,Newcastle,5,2,H,PL_2020-21,0.8,0.8,1.8,1.8,1.2,1.2,1482.359997861106,1506.6074834914755,0.5,0
2020-12-17,Aston Villa,Burnley,0,0,D,PL_2020-21,1.2,1.8,1.6,1.6,0.6,1.2,1516.438730840468,1470.5655931397303,0.5,0
2020-12-17,Sheffield United,Man United,2,3,A,PL_2020-21,0.0,0.4,2.2,2.6,2.0,0.8,1405.0434326094057,1528.671122601608,0.5,0
2020-12-19,Crystal Palace,Liverpool,0,7,A,PL_2020-21,1.0,1.4,1.2,2.2,2.2,0.6,1500.4550308253397,1559.8913695759595,0.5,0
2020-12-19,Southampton,Man City,0,1,A,PL_2020-21,1.6,1.8,1.2,1.6,1.6,0.6,1536.6957230844412,1524.9929914479212,0.5,0
2020-12-19,Everton,Arsenal,2,1,H,PL_2020-21,2.0,1.4,0.8,0.4,0.4,1.2,1526.1684099091578,1467.6056875230884,0.5,0
2020-12-19,Newcastle,Fulham,1,1,D,PL_2020-21,1.2,1.2,2.0,1.0,1.0,1.4,1498.7539107818181,1449.4259636421295,0.5,0
2020-12-20,Brighton,Sheffield United,1,1,D,PL_2020-21,1.0,0.8,1.4,0.0,0.6,2.0,1469.5192634777086,1395.7224457474742,0.5,0
2020-12-20,Tottenham,Leicester,0,2,A,PL_2020-21,1.6,1.2,0.6,1.2,1.2,1.6,1545.85951378204,1518.5784876641076,0.5,0
2020-12-20,Man United,Leeds,6,2,H,PL_2020-21,2.6,2.0,1.0,1.4,1.6,1.4,1537.9921094635395,1490.2135705707633,0.5,0
2020-12-20,West Brom,Aston Villa,0,3,A,PL_2020-21,0.8,0.8,1.8,1.4,1.2,0.8,1441.240648847549,1512.4706343164962,0.5,0
2020-12-21,Burnley,Wolves,2,1,H,PL_2020-21,1.6,0.6,1.2,1.4,1.0,1.6,1474.533689663702,1507.7934624677916,0.5,0
2020-12-21,Chelsea,West Ham,3,0,H,PL_2020-21,1.4,1.2,0.8,2.0,1.4,1.2,1525.34968031637,1516.7374068926024,0.5,0
2020-12-26,Sheffield United,Everton,0,1,A,PL_2020-21,0.2,0.8,2.0,2.0,1.2,0.6,1400.3454059242765,1531.897116026459,0.5,0
2020-12-26,Man City,Newcastle,2,0,H,PL_2020-21,2.2,1.8,0.2,1.4,1.4,1.8,1538.1016744030583,1494.7023660724653,0.5,0
2020-12-26,Arsenal,Chelsea,3,1,H,PL_2020-21,0.2,0.6,1.6,1.4,1.4,0.8,1461.8769814057873,1532.3215724796755,0.5,0
2020-12-26,Fulham,Southampton,0,0,D,PL_2020-21,1.2,0.8,1.0,1.4,1.6,1.2,1453.4775083514824,1523.5870401293041,0.5,0
2020-12-26,Aston Villa,Crystal Palace,3,0,H,PL_2020-21,1.4,1.2,0.8,1.0,1.4,2.4,1523.296814400421,1489.292790817981,0.5,0
2020-12-26,Leicester,Man United,2,2,D,PL_2020-21,1.8,1.6,1.0,2.6,3.0,1.4,1532.0863869495374,1543.9779071646915,0.5,0
2020-12-27,Leeds,Burnley,1,0,H,PL_2020-21,1.2,2.0,2.6,1.6,0.8,1.4,1484.2277728696113,1482.6360354604972,0.5,0
2020-12-27,West Ham,Brighton,2,2,D,PL_2020-21,1.4,1.2,1.8,0.6,0.6,1.4,1509.765514729297,1464.8963033009063,0.5,0
2020-12-27,Liverpool,West Brom,1,1,D,PL_2020-21,2.2,3.0,0.6,0.8,0.8,2.2,1571.0536095833181,1430.4144687636242,0.5,0
2020-12-27,Wolves,Tottenham,1,1,D,PL_2020-21,1.2,1.0,1.8,1.0,0.8,1.0,1499.6911166709965,1532.3516144966102,0.5,0
2020-12-28,Crystal Palace,Leicester,1,1,D,PL_2020-21,1.0,1.4,2.6,2.0,1.8,1.0,1482.9692172575526,1529.603421744307,0.5,0
2020-12-28,Chelsea,Aston Villa,1,1,D,PL_2020-21,1.2,1.6,1.4,2.0,1.6,0.4,1523.1701995020203,1529.6203879608495,0.5,0
2020-12-29,Brighton,Arsenal,0,1,A,PL_2020-21,0.6,0.8,1.6,0.8,1.0,1.4,1468.8400264219947,1471.0283543834425,0.5,0
2020-12-29,West Brom,Leeds,0,5,A,PL_2020-21,0.4,0.8,2.4,1.2,2.0,2.6,1436.4110625085063,1491.3843085408473,0.5,0
2020-12-29,Southampton,West Ham,0,0,D,PL_2020-21,1.6,1.2,0.6,1.0,1.2,2.0,1524.4452406955263,1505.8217916082085,0.5,0
2020-12-29,Burnley,Sheffield United,1,0,H,PL_2020-21,1.6,0.8,0.6,0.2,0.8,2.0,1475.4794997892611,1391.2510488892713,0.5,0
2020-12-29,Man United,Wolves,1,0,H,PL_2020-21,2.2,2.8,1.4,0.8,0.8,1.8,1546.4608723699218,1497.776840539517,0.5,0
2020-12-30,Newcastle,Liverpool,0,0,D,PL_2020-21,1.4,1.4,1.8,2.2,3.0,0.6,1488.6103025061082,1565.057015838436,0.5,0
2021-01-01,Everton,West Ham,0,1,A,PL_2020-21,2.6,1.4,0.4,1.2,1.0,1.4,1540.9914730614641,1509.1092879514865,0.5,0
2021-01-01,Man United,Aston Villa,2,1,H,PL_2020-21,2.2,2.4,1.2,2.2,1.6,0.2,1552.4248304002688,1532.2497306591188,0.5,0
2021-01-02,Brighton,Wolves,3,3,D,PL_2020-21,0.6,0.6,1.4,0.8,0.8,1.2,1456.0968707673876,1491.81288250917,0.5,0
2021-01-02,West Brom,Arsenal,0,4,A,PL_2020-21,0.4,0.6,2.4,1.4,1.2,1.0,1425.122295444866,1483.7715100380497,0.5,0
2021-01-02,Crystal Palace,Sheffield United,2,0,H,PL_2020-21,0.6,0.6,2.6,0.2,0.6,1.8,1481.4451926611891,1386.1067866703634,0.5,0
2021-01-02,Tottenham,Leeds,3,0,H,PL_2020-21,1.0,1.0,1.2,1.8,2.8,2.0,1534.2658906280897,1502.6730756044876,0.5,0
2021-01-03,Newcastle,Leicester,1,2,A,PL_2020-21,1.0,1.0,1.8,1.6,1.6,1.0,1487.9334210252534,1531.1274463406705,0.5,0
2021-01-03,Chelsea,Man City,1,3,A,PL_2020-21,0.8,1.2,1.4,2.2,1.2,0.2,1520.540856803751,1544.1937379694155,0.5,0
2021-01-04,Southampton,Liverpool,1,0,H,PL_2020-21,1.2,0.8,0.4,1.8,2.2,0.6,1521.1577443522483,1565.7338973192907,0.5,0
2021-01-12,Sheffield United,Newcastle,1,0,H,PL_2020-21,0.2,0.6,1.6,0.4,0.8,2.0,1381.2030814730144,1476.312828795979,0.5,0
2021-01-12,Burnley,Man United,0,1,A,PL_2020-21,2.0,0.8,0.4,2.6,2.8,1.4,1480.623762008169,1559.0975593217422,0.5,0
2021-01-12,Wolves,Everton,1,2,A,PL_2020-21,1.0,1.4,1.6,2.4,1.2,0.4,1493.6422958961314,1527.3679817554266,0.5,0
2021-01-13,Man City,Brighton,1,0,H,PL_2020-21,2.2,1.4,0.4,0.8,1.2,1.4,1556.3564848692442,1454.2674573804263,0.5,0
2021-01-13,Tottenham,Fulham,1,1,D,PL_2020-21,1.0,1.2,1.2,0.8,0.4,0.8,1540.649636707391,1452.6193077852602,0.5,0
2021-01-14,Arsenal,Crystal Palace,0,0,D,PL_2020-21,2.0,2.0,0.8,1.0,0.8,2.4,1494.9560933507998,1486.348897858538,0.5,0
2021-01-16,West Ham,Burnley,1,0,H,PL_2020-21,1.2,0.8,1.2,1.4,0.6,0.6,1522.732779257524,1470.0049796649885,0.5,0
2021-01-16,Fulham,Chelsea,0,1,A,PL_2020-21,1.0,0.6,0.6,0.8,1.4,1.8,1457.558226244168,1508.3781099039222,0.5,0
2021-01-16,Leicester,Southampton,2,0,H,PL_2020-21,1.6,1.4,1.2,1.2,0.4,0.4,1542.748038569945,1529.575912967029,0.5,0
2021-01-16,Wolves,West Brom,2,3,A,PL_2020-21,0.4,1.2,1.8,0.4,0.4,2.8,1481.757572122988,1413.9377121321158,0.5,0
2021-01-16,Leeds,Brighton,0,1,A,PL_2020-21,1.8,2.6,2.2,0.6,1.2,1.6,1496.2893295251863,1449.5061590158396,0.5,0
2021-01-17,Sheffield United,Tottenham,1,3,A,PL_2020-21,0.8,0.4,1.0,1.0,1.2,1.2,1391.0623379808465,1535.710718248483,0.5,0
2021-01-17,Liverpool,Man United,0,0,D,PL_2020-21,1.6,2.0,0.6,2.6,2.4,1.0,1557.31572870451,1569.7163416649228,0.5,0
2021-01-17,Man City,Crystal Palace,4,0,H,PL_2020-21,2.6,1.6,0.4,1.0,0.6,2.2,1561.117783233831,1489.3768729415833,0.5,0
2021-01-18,Arsenal,Newcastle,3,0,H,PL_2020-21,2.0,1.8,0.6,0.4,0.4,1.2,1491.9281182677546,1466.453572288147,0.5,0
2021-01-19,West Ham,West Brom,2,1,H,PL_2020-21,1.6,0.8,1.0,0.8,0.8,3.0,1528.599767532357,1428.4243368054294,0.5,0
2021-01-19,Leicester,Chelsea,2,0,H,PL_2020-21,2.2,1.8,0.8,1.4,1.4,1.4,1549.601200562918,1519.784248407978,0.5,0
2021-01-20,Man City,Aston Villa,2,0,H,PL_2020-21,3.0,2.2,0.2,1.6,1.6,0.6,1566.5414774348474,1525.5770017376453,0.5,0
2021-01-20,Fulham,Man United,1,2,A,PL_2020-21,0.8,0.4,0.6,2.2,1.2,0.6,1446.1520877401122,1572.185552374966,0.5,0
2021-01-21,Liverpool,Burnley,0,1,A,PL_2020-21,1.2,1.6,0.4,1.2,0.6,0.8,1554.846517994467,1464.1379913901555,0.5,0
2021-01-23,Aston Villa,Newcastle,2,0,H,PL_2020-21,1.4,1.6,1.0,0.2,0.2,1.6,1519.4253985815521,1459.9157921224935,0.5,0
2021-01-26,Crystal Palace,West Ham,2,3,A,PL_2020-21,1.0,0.6,1.6,2.2,1.2,0.6,1483.953178740567,1533.401143338977,0.0,1
2021-01-26,Newcastle,Leeds,1,2,A,PL_2020-21,0.2,0.2,1.6,1.2,1.6,2.0,1454.2093414394983,1482.2991873862877,0.0,1
2021-01-26,Southampton,Arsenal,1,3,A,PL_2020-21,1.0,0.2,0.6,2.6,2.2,0.2,1522.722750974056,1498.465898433408,0.0,1
2021-01-26,West Brom,Man City,0,5,A,PL_2020-21,0.8,1.0,2.8,3.0,2.4,0.2,1423.6229609988095,1572.6930805909406,0.0,1
2021-01-27,Man United,Sheffield United,1,2,A,PL_2020-21,2.6,1.2,0.4,0.6,0.4,1.4,1581.4376482228256,1382.3403939569366,1.0,1
2021-01-27,Everton,Leicester,1,1,D,PL_2020-21,2.4,1.4,0.6,2.2,1.8,0.8,1539.25270552857,1556.0294577163145,1.0,1
2021-01-27,Brighton,Fulham,0,0,D,PL_2020-21,1.0,1.2,1.4,0.6,0.6,1.0,1463.4963011547381,1436.8999918922525,0.0,1
2021-01-27,Chelsea,Wolves,0,0,D,PL_2020-21,0.8,0.8,1.8,0.4,1.4,2.0,1513.3559912545816,1467.2709474496744,0.0,1
2021-01-27,Burnley,Aston Villa,3,2,H,PL_2020-21,1.2,0.4,0.6,1.4,1.4,1.0,1479.1349691721343,1525.1318492645473,0.0,1
2021-01-28,Tottenham,Liverpool,1,3,A,PL_2020-21,1.6,1.6,1.0,0.6,0.2,0.6,1544.432662272393,1539.8495402124881,0.0,1
2021-01-30,Everton,Newcastle,0,2,A,PL_2020-21,2.0,1.2,0.8,0.0,0.4,2.0,1536.9021334316492,1442.1686577293424,0.0,1
2021-01-30,Crystal Palace,Wolves,1,0,H,PL_2020-21,1.0,1.0,1.6,0.4,1.2,1.8,1472.5083556592529,1471.2441815185466,0.0,1
2021-01-30,Man City,Sheffield United,1,0,H,PL_2020-21,3.0,3.0,0.2,1.2,0.8,1.4,1581.290045587662,1399.3074560831542,1.0,1
2021-01-30,West Brom,Fulham,2,2,D,PL_2020-21,0.6,0.8,3.6,0.6,0.4,0.8,1415.025996002088,1440.390596615827,0.0,1
2021-01-30,Arsenal,Man United,0,0,D,PL_2020-21,2.6,2.2,0.2,2.0,1.2,0.8,1511.8972340796406,1564.470586096608,1.0,1
2021-01-30,Southampton,Aston Villa,0,1,A,PL_2020-21,1.0,0.4,1.0,0.8,1.2,1.6,1509.2914153278234,1516.6737864443198,1.0,1
2021-01-31,Chelsea,Burnley,2,0,H,PL_2020-21,1.0,0.6,1.2,1.8,1.0,0.8,1509.3827571857094,1487.5930319923618,1.0,1
2021-01-31,Leicester,Leeds,1,3,A,PL_2020-21,2.2,1.6,0.6,1.8,1.6,1.0,1558.3800298132353,1494.3398710964436,1.0,1
2021-01-31,West Ham,Liverpool,1,3,A,PL_2020-21,2.6,1.4,0.6,1.0,0.6,0.6,1544.845966420291,1552.7719469446179,0.0,1
2021-01-31,Brighton,Tottenham,1,0,H,PL_2020-21,1.0,0.8,1.0,1.6,1.8,1.2,1460.0056964311636,1531.5102555402632,0.0,1
2021-02-02,Man United,Southampton,9,0,H,PL_2020-21,1.6,0.8,0.6,0.8,0.4,1.2,1565.8272188958845,1496.687065672284,1.0,1
2021-02-02,Newcastle,Crystal Palace,1,2,A,PL_2020-21,0.6,0.6,1.6,1.4,1.0,1.4,1457.2520519041243,1479.6735593970075,1.0,1
2021-02-02,Sheffield United,West Brom,2,1,H,PL_2020-21,1.2,0.8,1.4,0.8,1.2,3.0,1396.0122368957302,1412.9102615982733,0.0,1
2021-02-02,Wolves,Arsenal,2,1,H,PL_2020-21,0.4,1.2,1.8,2.2,2.0,0.2,1464.078977780792,1510.5406012803642,1.0,1
2021-02-03,Fulham,Leicester,0,2,A,PL_2020-21,0.6,0.8,1.2,2.0,1.6,1.0,1442.5063310196417,1543.9807174908165,1.0,1
2021-02-03,Liverpool,Brighton,0,1,A,PL_2020-21,1.4,1.2,0.8,1.6,1.0,0.8,1565.3617055641728,1469.1873657798812,0.0,1
2021-02-03,Burnley,Man City,0,2,A,PL_2020-21,1.2,0.8,1.2,3.0,2.6,0.0,1480.961566761576,1584.585264775086,0.0,1
2021-02-03,Leeds,Everton,1,2,A,PL_2020-21,1.8,2.0,1.2,1.4,0.8,1.0,1508.7391834188625,1521.8187392568673,1.0,1
2021-02-03,Aston Villa,West Ham,1,3,A,PL_2020-21,1.2,1.2,1.4,2.4,1.6,1.2,1529.2781360998592,1532.256207800736,0.0,1
2021-02-04,Tottenham,Chelsea,0,1,A,PL_2020-21,1.4,1.6,1.2,1.4,0.8,1.0,1522.3285861915456,1516.0142224164952,0.0,1
2021-02-06,Aston Villa,Arsenal,1,0,H,PL_2020-21,1.2,1.2,1.6,1.6,1.4,0.6,1516.5560137165712,1502.0694774165802,1.0,1
2021-02-06,Burnley,Brighton,1,1,D,PL_2020-21,1.2,0.8,1.4,2.0,0.6,0.2,1471.0658613926676,1484.3014498995294,0.0,1
2021-02-06,Newcastle,Southampton,3,2,H,PL_2020-21,0.6,0.8,1.8,0.6,0.4,3.0,1445.0555470186475,1491.2039900890766,0.0,1
2021-02-06,Fulham,West Ham,0,0,D,PL_2020-21,0.4,0.6,1.4,2.4,2.0,1.4,1432.5487670187808,1544.9783301840241,0.0,1
2021-02-06,Man United,Everton,3,3,D,PL_2020-21,1.6,2.4,0.6,1.4,1.0,1.2,1571.310294479092,1534.2695910332404,1.0,1
2021-02-07,Tottenham,West Brom,2,0,H,PL_2020-21,0.8,1.0,1.4,0.8,1.4,2.6,1509.360672600033,1405.25753577811,1.0,1
2021-02-07,Wolves,Leicester,0,0,D,PL_2020-21,0.8,1.0,1.4,2.0,1.6,0.8,1472.550101644576,1553.9382814916773,0.0,1
2021-02-07,Liverpool,Man City,1,4,A,PL_2020-21,1.4,1.2,0.8,3.0,2.8,0.0,1550.2476214445246,1594.4809701439945,0.0,1
2021-02-07,Sheffield United,Chelsea,1,2,A,PL_2020-21,1.8,1.2,1.2,2.0,0.8,0.4,1403.6649627158936,1528.9821360080077,0.0,1
2021-02-08,Leeds,Crystal Palace,2,0,H,PL_2020-21,1.2,1.2,1.6,1.4,1.0,1.6,1496.2883316424893,1491.8700642824842,0.0,1
2021-02-13,Man City,Tottenham,3,0,H,PL_2020-21,3.0,2.8,0.2,1.2,1.2,1.2,1606.0724198412408,1514.080037539165,0.0,1
2021-02-13,Leicester,Liverpool,3,1,H,PL_2020-21,1.6,1.2,0.8,1.2,1.4,1.6,1554.4734609089878,1538.6561717472782,0.0,1
2021-02-13,Brighton,Aston Villa,0,0,D,PL_2020-21,2.2,0.8,0.2,1.8,1.4,1.2,1486.7480799889204,1523.3751309474032,1.0,1
2021-02-13,Crystal Palace,Burnley,0,3,A,PL_2020-21,1.2,1.0,2.0,1.4,1.0,1.4,1484.7881307497262,1468.6192313032766,0.0,1
2021-02-14,Southampton,Wolves,1,2,A,PL_2020-21,0.0,0.6,3.6,1.0,0.8,1.0,1482.74166836701,1472.0149222272655,0.0,1
2021-02-14,West Brom,Man United,1,1,D,PL_2020-21,0.2,0.8,2.6,1.6,3.0,1.2,1400.538170838978,1567.5585228346806,0.0,1
2021-02-14,Arsenal,Leeds,4,2,H,PL_2020-21,1.4,1.4,0.8,1.8,1.6,1.0,1495.2503601857481,1503.3702651752474,0.0,1
2021-02-14,Everton,Fulham,0,2,A,PL_2020-21,1.6,1.6,1.6,0.6,0.6,1.2,1538.0213626776517,1432.906366058368,1.0,1
2021-02-15,West Ham,Sheffield United,3,0,H,PL_2020-21,2.0,1.8,1.4,1.2,1.2,1.6,1544.620731144437,1394.3923625340894,1.0,1
2021-02-15,Chelsea,Newcastle,2,0,H,PL_2020-21,2.0,1.0,0.6,1.2,1.4,1.6,1538.2547361898119,1453.517868740714,1.0,1
2021-02-17,Burnley,Fulham,1,1,D,PL_2020-21,1.4,1.4,1.4,1.2,0.8,0.8,1481.8435697276661,1448.207971310313,0.5,0
2021-02-17,Everton,Man City,1,3,A,PL_2020-21,1.0,1.2,1.8,3.0,3.0,0.2,1522.7197574257066,1611.04776786815,0.5,0
2021-02-19,Wolves,Leeds,1,0,H,PL_2020-21,1.6,0.8,0.6,1.8,2.0,1.6,1485.0982066494328,1495.954815796918,1.0,1
2021-02-20,Burnley,West Brom,0,0,D,PL_2020-21,1.0,1.0,1.2,0.4,0.8,2.4,1478.1763177241603,1402.4435961483277,0.0,1
2021-02-20,Liverpool,Everton,0,2,A,PL_2020-21,1.2,1.6,2.0,0.8,1.2,2.2,1531.8714391851574,1512.3839368877093,0.0,1
2021-02-20,Fulham,Sheffield United,1,0,H,PL_2020-21,1.2,1.0,1.0,1.2,1.0,1.6,1451.8752233138189,1390.5627880078523,0.0,1
2021-02-20,Southampton,Chelsea,1,1,D,PL_2020-21,0.0,0.8,3.6,2.6,1.4,0.2,1469.6583839448429,1543.38782324458,0.0,1
2021-02-21,Arsenal,Man City,0,1,A,PL_2020-21,1.4,1.6,1.2,3.0,2.6,0.4,1502.6658095640776,1621.3835884061473,0.0,1
2021-02-21,Man United,Newcastle,3,1,H,PL_2020-21,1.2,2.8,1.2,1.2,1.4,1.6,1565.6530975253308,1448.3847816859459,1.0,1
2021-02-21,Aston Villa,Leicester,1,2,A,PL_2020-21,1.4,1.0,1.2,1.6,1.4,1.0,1525.1791879919306,1561.2581934711086,1.0,1
2021-02-21,West Ham,Tottenham,2,1,H,PL_2020-21,2.0,2.0,1.2,0.6,0.6,1.6,1548.4503056706742,1509.1046895122558,0.0,1
2021-02-22,Brighton,Crystal Palace,1,2,A,PL_2020-21,1.8,0.6,0.2,1.2,1.0,1.8,1484.944022944393,1471.5637923253366,0.0,1
2021-02-23,Leeds,Southampton,3,0,H,PL_2020-21,1.2,1.6,1.6,0.2,0.8,3.2,1488.4657109858863,1468.9036941384995,0.5,0
2021-02-27,Man City,West Ham,2,1,H,PL_2020-21,3.0,2.6,0.4,2.0,1.8,1.0,1630.8453680373004,1554.6416736433825,0.0,1
2021-02-27,West Brom,Brighton,1,0,H,PL_2020-21,0.6,0.8,1.4,1.6,0.8,0.6,1407.1102548009321,1471.7917893509048,0.0,1
2021-02-27,Leeds,Aston Villa,0,1,A,PL_2020-21,1.2,1.6,1.4,1.4,0.8,1.0,1495.1541415187417,1513.3598746692794,1.0,1
2021-02-27,Newcastle,Wolves,1,1,D,PL_2020-21,1.2,1.4,1.8,2.0,1.0,0.6,1443.9331913959936,1492.5873114604644,0.0,1
2021-02-28,Crystal Palace,Fulham,0,0,D,PL_2020-21,1.8,1.0,1.4,1.6,0.8,0.6,1484.716025918825,1457.5394444935173,1.0,1
2021-02-28,Leicester,Arsenal,1,3,A,PL_2020-21,2.0,1.6,1.0,0.8,1.0,1.2,1573.0775067937598,1493.2040299329244,1.0,1
2021-02-28,Tottenham,Burnley,4,0,H,PL_2020-21,0.6,0.6,1.4,1.2,1.0,0.8,1502.9133215395475,1473.509659071556,1.0,1
2021-02-28,Chelsea,Man United,0,0,D,PL_2020-21,2.6,1.6,0.4,1.8,3.2,1.0,1544.1425130509233,1570.1046878152831,0.0,1
2021-02-28,Sheffield United,Liverpool,0,2,A,PL_2020-21,0.6,0.6,1.6,0.6,1.0,2.2,1384.898566828154,1518.561779356274,0.0,1
2021-03-01,Everton,Southampton,1,0,H,PL_2020-21,1.4,1.6,1.8,0.2,0.8,3.6,1525.6935967165928,1462.2152636056442,0.0,1
2021-03-02,Man City,Wolves,4,1,H,PL_2020-21,3.0,2.6,0.6,2.2,1.2,0.6,1636.1681125246928,1494.0544988328843,1.0,1
2021-03-03,Crystal Palace,Man United,0,0,D,PL_2020-21,1.4,0.8,1.4,1.8,3.2,1.0,1481.2107631525282,1572.2039865975062,1.0,1
2021-03-03,Sheffield United,Aston Villa,1,0,H,PL_2020-21,0.6,0.6,1.8,1.4,0.8,1.0,1375.8644513588033,1525.6715524811373,0.0,1
2021-03-03,Burnley,Leicester,1,1,D,PL_2020-21,1.2,1.0,1.2,2.0,1.6,1.0,1467.0710196201937,1558.3181423980745,0.0,1
2021-03-04,Fulham,Tottenham,0,1,A,PL_2020-21,1.8,0.8,0.2,1.2,1.4,1.2,1461.044707259814,1509.3519609909097,0.0,1
2021-03-04,West Brom,Everton,0,1,A,PL_2020-21,1.0,0.6,1.0,1.4,1.4,1.6,1416.0971947949906,1531.3073346499616,0.0,1
2021-03-04,Liverpool,Chelsea,0,1,A,PL_2020-21,0.6,0.8,2.0,2.2,1.2,0.4,1527.5958948256246,1542.0432142687002,1.0,1
2021-03-06,Burnley,Arsenal,1,1,D,PL_2020-21,1.2,1.0,1.2,1.2,1.6,1.4,1466.8191448466976,1507.9633943286096,1.0,1
2021-03-06,Sheffield United,Southampton,0,2,A,PL_2020-21,0.6,0.4,1.6,0.2,0.8,2.0,1387.2882746172168,1456.6015256722753,0.0,1
2021-03-06,Aston Villa,Wolves,0,0,D,PL_2020-21,1.4,0.6,0.6,1.6,1.0,1.2,1514.2477292227238,1490.0782015619175,1.0,1
2021-03-06,Brighton,Leicester,1,2,A,PL_2020-21,1.0,0.6,0.8,1.6,1.4,1.2,1462.8048493568463,1558.5700171715707,0.0,1
2021-03-07,West Brom,Newcastle,0,0,D,PL_2020-21,1.0,0.4,0.8,0.8,1.2,2.0,1406.5346983492082,1442.4660040235738,0.0,1
2021-03-07,Liverpool,Fulham,0,1,A,PL_2020-21,0.6,0.8,2.0,1.6,0.8,0.4,1515.182081323279,1449.5677526169086,0.0,1
2021-03-07,Man City,Man United,0,2,A,PL_2020-21,3.0,2.6,0.6,1.4,1.4,1.0,1640.1444097956596,1572.4631644093763,0.0,1
2021-03-07,Tottenham,Crystal Palace,4,1,H,PL_2020-21,1.8,1.6,1.0,1.0,0.4,1.2,1520.828915633815,1480.951585340658,0.0,1
2021-03-08,Chelsea,Everton,2,0,H,PL_2020-21,2.2,1.2,0.4,1.8,1.0,1.0,1554.457027771046,1540.869831095744,0.0,1
2021-03-08,West Ham,Leeds,2,0,H,PL_2020-21,2.0,1.8,0.8,1.2,1.4,1.2,1549.3189291559902,1482.8424637068838,1.0,1
2021-03-10,Man City,Southampton,5,2,H,PL_2020-21,2.4,2.0,1.0,0.8,0.8,1.4,1625.6609722332907,1467.4824717275492,1.0,1
2021-03-12,Newcastle,Aston Villa,1,1,D,PL_2020-21,1.0,1.0,1.6,1.0,0.4,0.6,1444.2894274616108,1510.8186112490318,0.0,1
2021-03-13,Everton,Burnley,1,2,A,PL_2020-21,1.8,1.0,1.0,0.8,0.6,1.4,1534.027428725213,1465.141160322579,0.0,1
2021-03-13,Fulham,Man City,0,3,A,PL_2020-21,1.6,0.6,0.4,2.4,2.4,1.2,1464.0035313211113,1629.3508429663157,0.0,1
2021-03-13,Leeds,Chelsea,0,0,D,PL_2020-21,0.6,1.0,1.6,2.2,1.2,0.2,1477.2981522528073,1561.299430141577,0.0,1
2021-03-13,Crystal Palace,West Brom,1,0,H,PL_2020-21,1.0,0.6,1.6,1.2,0.4,0.4,1474.773293755308,1404.7112749111711,1.0,1
2021-03-14,Man United,West Ham,1,0,H,PL_2020-21,1.8,1.2,0.4,2.0,1.6,0.6,1586.9466019717452,1554.8632406100667,1.0,1
2021-03-14,Arsenal,Tottenham,2,1,H,PL_2020-21,1.4,1.6,1.2,1.8,2.0,1.2,1509.6413788527282,1527.0072072191651,0.0,1
2021-03-14,Leicester,Sheffield United,5,0,H,PL_2020-21,2.0,1.8,1.4,0.6,0.2,1.6,1568.691899403982,1376.407328561943,1.0,1
2021-03-14,Southampton,Brighton,1,2,A,PL_2020-21,0.8,1.0,2.0,0.4,0.6,1.2,1463.7926009945243,1452.682967124435,1.0,1
2021-03-15,Wolves,Liverpool,0,1,A,PL_2020-21,1.6,1.0,1.2,0.6,0.6,1.4,1493.5073195356094,1500.7463026190762,0.0,1
2021-03-19,Fulham,Leeds,1,2,A,PL_2020-21,1.4,0.4,0.8,0.8,0.6,0.8,1455.8625086996697,1476.837997209565,0.0,1
2021-03-20,Brighton,Newcastle,3,0,H,PL_2020-21,0.8,0.8,1.2,0.6,0.6,1.4,1465.7762208802703,1443.3290291727467,1.0,1
2021-03-21,West Ham,Arsenal,3,3,D,PL_2020-21,1.8,1.6,0.8,2.0,2.0,1.2,1548.4917609276179,1517.306831307742,0.0,1
2021-03-21,Aston Villa,Tottenham,0,2,A,PL_2020-21,1.0,0.6,0.8,1.8,2.2,1.0,1511.779009537896,1519.3417547641513,0.5,0
2021-04-03,Arsenal,Liverpool,0,3,A,PL_2020-21,1.6,1.8,1.4,1.2,0.6,0.8,1520.912876272524,1513.3544989781833,0.0,1
2021-04-03,Leicester,Man City,0,2,A,PL_2020-21,2.0,2.2,1.2,2.4,2.8,1.2,1571.8271269049858,1637.4918655877573,1.0,1
2021-04-03,Leeds,Sheffield United,2,1,H,PL_2020-21,1.4,1.0,0.8,0.6,0.2,2.0,1489.0740774578978,1373.2721010609391,1.0,1
2021-04-03,Chelsea,West Brom,2,5,A,PL_2020-21,1.8,0.8,0.2,1.0,0.2,0.4,1561.7595851848193,1399.2492939118551,0.0,1
2021-04-04,Southampton,Burnley,3,2,H,PL_2020-21,0.6,1.0,2.2,1.2,0.8,1.4,1450.699347238689,1479.6522663259004,1.0,1
2021-04-04,Newcastle,Tottenham,2,2,D,PL_2020-21,0.6,0.6,1.6,2.4,2.4,0.6,1436.7143293983293,1531.9412643078226,0.0,1
2021-04-04,Aston Villa,Fulham,3,1,H,PL_2020-21,1.0,0.4,0.8,0.8,0.4,1.2,1499.1794999942247,1443.6264284513368,1.0,1
2021-04-04,Man United,Brighton,2,1,H,PL_2020-21,2.2,1.2,0.2,1.2,1.4,1.2,1593.318081654194,1472.3909206546878,1.0,1
2021-04-05,Everton,Crystal Palace,1,1,D,PL_2020-21,1.8,1.0,0.8,1.6,0.8,1.0,1519.5163227218916,1480.235274754624,1.0,1
2021-04-05,Wolves,West Ham,2,3,A,PL_2020-21,1.0,0.6,1.2,1.4,1.6,1.4,1480.8991231765024,1544.8857159628358,0.0,1
2021-04-09,Fulham,Wolves,0,1,A,PL_2020-21,0.6,0.6,1.8,0.4,0.8,1.8,1437.8266401645128,1469.866270454755,0.0,1
2021-04-10,Man City,Leeds,1,2,A,PL_2020-21,2.4,2.8,1.0,1.4,0.8,1.0,1648.4769091757012,1493.5549481454852,0.0,1
2021-04-10,Liverpool,Aston Villa,2,1,H,PL_2020-21,1.8,1.2,0.4,1.0,0.8,1.0,1526.355029417258,1504.9792882810486,0.0,1
2021-04-10,Crystal Palace,Chelsea,1,4,A,PL_2020-21,1.2,0.6,1.0,1.6,1.0,1.0,1484.042317824236,1545.3750108377633,0.0,1
2021-04-11,Burnley,Newcastle,1,2,A,PL_2020-21,1.0,1.2,2.0,0.8,0.8,1.4,1471.6691312549187,1436.5769581837806,0.0,1
2021-04-11,West Ham,Leicester,3,2,H,PL_2020-21,1.4,1.8,1.6,1.4,1.8,1.4,1555.918568684583,1560.842083317042,1.0,1
2021-04-11,Tottenham,Man United,1,3,A,PL_2020-21,2.0,2.0,1.0,2.2,1.0,0.2,1532.0786355223713,1597.6972075405245,1.0,1
2021-04-11,Sheffield United,Arsenal,0,3,A,PL_2020-21,0.6,0.4,2.2,1.6,1.8,1.8,1368.7912303733517,1507.9123458334493,0.0,1
2021-04-12,Brighton,Everton,0,0,D,PL_2020-21,1.2,1.4,1.2,1.4,0.8,1.0,1468.0117947683573,1515.7092796522795,0.0,1
2021-04-12,West Brom,Southampton,3,0,H,PL_2020-21,1.4,1.2,0.8,1.2,1.6,2.0,1415.6338682589112,1458.6824823096706,0.0,1
2021-04-16,Everton,Tottenham,2,2,D,PL_2020-21,1.0,0.6,1.0,1.4,2.0,1.6,1517.2033975398317,1521.092276061567,1.0,1
2021-04-17,Newcastle,West Ham,3,2,H,PL_2020-21,1.2,1.0,1.4,2.0,2.2,1.6,1450.2804396695285,1563.2483700979606,1.0,1
2021-04-17,Wolves,Sheffield United,1,0,H,PL_2020-21,0.8,0.8,1.6,0.6,0.4,2.4,1481.7977558471746,1359.9124918865252,1.0,1
2021-04-18,Arsenal,Fulham,1,1,D,PL_2020-21,1.6,1.8,1.6,0.6,0.6,1.8,1516.7910843202758,1425.8951547720933,1.0,1
2021-04-18,Man United,Burnley,3,1,H,PL_2020-21,2.6,1.6,0.4,1.0,1.4,1.6,1608.6835670013288,1457.9656497691708,1.0,1
2021-04-19,Leeds,Liverpool,1,1,D,PL_2020-21,2.0,1.2,1.0,1.8,1.2,0.6,1509.8083341784325,1532.9970622578523,0.0,1
2021-04-20,Chelsea,Brighton,0,0,D,PL_2020-21,2.0,1.8,1.2,1.4,1.4,1.0,1556.4833730260057,1466.517676880805,1.0,1
2021-04-21,Aston Villa,Man City,1,2,A,PL_2020-21,1.0,1.0,1.2,1.8,2.2,1.2,1498.3372554404543,1632.223523142754,0.0,1
2021-04-21,Tottenham,Southampton,2,1,H,PL_2020-21,1.0,1.6,1.8,1.2,1.6,2.4,1523.790108567365,1450.3071496163222,1.0,1
2021-04-22,Leicester,West Brom,3,0,H,PL_2020-21,1.4,2.0,1.4,1.4,1.6,0.8,1553.5122819036644,1424.0092009522596,1.0,1
2021-04-23,Arsenal,Everton,0,1,A,PL_2020-21,1.6,1.8,1.6,0.6,0.8,1.4,1511.7900605818097,1514.5055650340337,0.0,1
2021-04-24,Liverpool,Newcastle,1,1,D,PL_2020-21,2.0,1.4,0.6,1.6,1.6,1.8,1535.1725399890354,1460.6535134795483,0.0,1
2021-04-24,West Ham,Chelsea,0,1,A,PL_2020-21,1.4,2.2,2.2,1.6,1.6,1.2,1552.8752962879407,1551.5024541205423,0.0,1
2021-04-24,Sheffield United,Brighton,1,0,H,PL_2020-21,0.0,0.2,2.6,1.6,1.2,0.6,1355.552200621675,1471.4985957862684,0.0,1
2021-04-25,Wolves,Burnley,0,4,A,PL_2020-21,1.4,0.8,0.8,0.8,1.4,2.0,1486.1580471120249,1454.1447932214253,0.0,1
2021-04-25,Leeds,Man United,0,0,D,PL_2020-21,2.2,1.4,0.8,3.0,2.2,0.6,1507.6328564472494,1612.5044235490743,0.0,1
2021-04-25,Aston Villa,West Brom,2,2,D,PL_2020-21,0.8,1.2,1.6,1.4,1.6,1.2,1489.3094997251435,1419.7965803793393,1.0,1
2021-04-26,Leicester,Crystal Palace,2,1,H,PL_2020-21,1.8,2.4,1.2,1.0,0.8,1.8,1557.7249024765847,1472.9339556359937,0.0,1
2021-04-30,Southampton,Leicester,1,1,D,PL_2020-21,0.6,1.4,2.8,1.8,2.4,1.2,1444.9230038811656,1562.8568017841294,0.0,1
2021-05-01,Crystal Palace,Man City,0,2,A,PL_2020-21,0.8,1.0,2.2,2.4,2.6,1.0,1467.802056328449,1641.2512788580648,0.0,1
2021-05-01,Brighton,Leeds,2,0,H,PL_2020-21,1.0,0.8,0.6,2.2,1.4,0.8,1461.0399436549853,1507.7730622314582,1.0,1
2021-05-01,Chelsea,Fulham,2,0,H,PL_2020-21,1.6,1.4,1.2,0.2,0.6,2.0,1564.340126499373,1430.8961785105594,1.0,1
2021-05-01,Everton,Aston Villa,1,2,A,PL_2020-21,1.2,1.0,1.0,0.8,1.4,1.8,1527.234683278072,1484.7840393870829,0.5,0
2021-05-02,Newcastle,Arsenal,0,2,A,PL_2020-21,1.6,1.6,1.8,1.0,1.4,1.6,1465.2928022675455,1499.0609423377714,0.0,1
2021-05-02,Tottenham,Sheffield United,4,0,H,PL_2020-21,1.6,1.8,1.6,0.6,0.4,2.2,1529.1742543025216,1366.010852752958,1.0,1
2021-05-03,Burnley,West Ham,1,2,A,PL_2020-21,1.2,2.0,1.8,1.4,2.2,2.2,1467.7715612295176,1540.0376239091102,0.0,1
2021-05-03,West Brom,Wolves,1,1,D,PL_2020-21,1.4,2.0,1.6,1.2,0.8,1.6,1424.3220407174,1472.5312791039325,1.0,1
2021-05-07,Leicester,Newcastle,2,4,A,PL_2020-21,1.4,1.6,1.4,1.6,1.6,1.6,1562.3410835292957,1453.4092570467405,1.0,1
2021-05-08,Leeds,Tottenham,3,1,H,PL_2020-21,1.6,1.0,1.0,1.6,2.2,1.6,1499.2943058562023,1532.7785578914513,0.0,1
2021-05-08,Sheffield United,Crystal Palace,0,2,A,PL_2020-21,0.6,0.4,2.0,0.8,0.8,1.8,1362.4065491640283,1459.8851546313463,0.0,1
2021-05-08,Man City,Chelsea,1,2,A,PL_2020-21,2.4,2.0,0.6,2.0,1.8,1.2,1649.1681805551675,1568.4778060217207,1.0,1
2021-05-08,Liverpool,Southampton,2,0,H,PL_2020-21,2.2,1.6,0.6,0.8,1.2,2.0,1530.5332512010382,1445.4387221359993,0.0,1
2021-05-09,Wolves,Brighton,2,1,H,PL_2020-21,1.4,1.0,1.6,1.0,0.6,0.6,1474.0109932006612,1469.5187000302412,0.0,1
2021-05-09,Aston Villa,Man United,1,3,A,PL_2020-21,1.4,1.8,1.6,2.6,1.8,0.6,1498.6688163820763,1612.3642177648655,0.0,1
2021-05-09,West Ham,Everton,0,1,A,PL_2020-21,1.8,2.0,1.8,1.2,1.0,1.0,1550.83417963116,1513.3499062830786,1.0,1
2021-05-09,Arsenal,West Brom,3,1,H,PL_2020-21,1.4,1.2,1.0,1.6,2.2,1.6,1510.9444875585764,1422.8423266206712,1.0,1
2021-05-10,Fulham,Burnley,0,2,A,PL_2020-21,0.2,0.6,1.8,0.6,1.8,2.0,1426.7584989882116,1456.9750055074678,0.0,1
2021-05-11,Man United,Leicester,1,2,A,PL_2020-21,2.6,2.2,0.8,1.4,2.0,1.8,1621.9702364641796,1546.9609591341639,0.0,1
2021-05-11,Southampton,Crystal Palace,3,1,H,PL_2020-21,0.8,1.0,2.0,0.8,1.0,1.8,1440.3134870719375,1469.9577249256536,0.0,1
2021-05-12,Chelsea,Arsenal,0,1,A,PL_2020-21,2.6,1.8,0.4,2.0,1.8,0.6,1583.2553363819347,1516.0040060891654,0.0,1
2021-05-13,Aston Villa,Everton,0,0,D,PL_2020-21,0.8,1.4,2.0,1.6,1.0,0.8,1489.0627976827623,1527.1126425859823,1.0,1
2021-05-13,Man United,Liverpool,2,4,A,PL_2020-21,2.0,2.0,1.0,2.2,1.8,0.6,1607.3198813893162,1535.6584862651,0.0,1
2021-05-14,Newcastle,Man City,3,4,A,PL_2020-21,2.0,2.0,1.6,1.8,1.6,1.0,1468.7893814418724,1634.3906501949534,0.0,1
2021-05-15,Burnley,Leeds,0,4,A,PL_2020-21,1.2,1.8,1.4,1.6,1.2,1.0,1468.9569554066284,1507.4028807798538,0.0,1
2021-05-15,Southampton,Fulham,3,1,H,PL_2020-21,0.8,1.0,1.8,0.2,0.4,1.8,1448.3157181450224,1414.776549089051,0.0,1
2021-05-15,Brighton,West Ham,1,1,D,PL_2020-21,1.0,0.6,0.6,1.2,1.4,1.6,1462.4387155844895,1537.0714433282562,0.0,1
2021-05-16,Crystal Palace,Aston Villa,3,2,H,PL_2020-21,0.6,1.0,2.2,1.0,1.2,1.6,1461.9554938525687,1487.2983881992184,0.0,1
2021-05-16,Tottenham,Wolves,2,0,H,PL_2020-21,1.4,2.0,1.8,2.0,1.0,1.2,1524.6699829677998,1481.090977646413,0.0,1
2021-05-16,West Brom,Liverpool,1,2,A,PL_2020-21,1.0,1.4,1.8,2.2,2.0,1.0,1417.7828080900822,1550.2329825422435,0.0,1
2021-05-16,Everton,Sheffield United,0,1,A,PL_2020-21,1.6,1.0,0.8,0.6,0.2,2.0,1528.8770520695261,1352.333978869721,1.0,1
2021-05-18,Man United,Fulham,1,1,D,PL_2020-21,1.4,1.8,1.6,0.2,0.4,1.8,1592.7453851121727,1408.441398652305,1.0,1
2021-05-18,Southampton,Leeds,0,2,A,PL_2020-21,1.4,1.6,1.4,1.6,1.6,0.8,1454.6508685817685,1519.15624283528,0.0,1
2021-05-18,Brighton,Man City,3,2,H,PL_2020-21,1.0,0.8,0.8,1.8,2.0,1.6,1461.709881446832,1642.5246169038292,0.0,1
2021-05-18,Chelsea,Leicester,2,1,H,PL_2020-21,2.0,1.0,0.4,2.0,2.0,1.4,1568.7817909393373,1561.6113142090273,0.0,1
2021-05-19,Burnley,Liverpool,0,3,A,PL_2020-21,1.2,1.6,1.8,2.2,2.0,1.0,1457.2035933512022,1559.3016978568767,1.0,1
2021-05-19,Crystal Palace,Arsenal,1,3,A,PL_2020-21,1.2,1.4,1.8,2.0,1.4,0.6,1469.8391626662349,1530.4775515317629,0.0,1
2021-05-19,West Brom,West Ham,1,3,A,PL_2020-21,0.4,1.0,2.2,0.8,1.0,1.4,1408.714092775449,1537.8002774659137,0.0,1
2021-05-19,Newcastle,Sheffield United,1,0,H,PL_2020-21,1.4,2.2,2.2,1.2,0.4,1.4,1460.6554147329966,1368.9516717143658,0.0,1
2021-05-19,Tottenham,Aston Villa,1,2,A,PL_2020-21,2.0,2.2,1.2,1.0,1.4,1.8,1530.757665205632,1479.4147193855522,1.0,1
2021-05-19,Everton,Wolves,1,0,H,PL_2020-21,1.4,0.6,0.6,1.4,0.8,1.6,1512.2593592248813,1475.0032954085807,1.0,1
2021-05-23,Liverpool,Crystal Palace,2,0,H,PL_2020-21,2.6,2.4,0.8,1.2,1.4,2.0,1569.2413102889566,1458.7110666882236,1.0,1
2021-05-23,Wolves,Man United,1,2,A,PL_2020-21,0.8,0.6,1.8,1.0,1.4,1.6,1468.7603918860323,1586.0039898461766,0.0,1
2021-05-23,West Ham,Southampton,3,0,H,PL_2020-21,1.4,1.2,1.0,1.4,1.4,1.4,1546.9650600701727,1443.6327905691205,0.0,1
2021-05-23,Sheffield United,Burnley,1,0,H,PL_2020-21,1.2,0.4,1.4,1.2,1.4,1.8,1363.9701108462684,1447.2639809191223,0.0,1
2021-05-23,Man City,Everton,5,0,H,PL_2020-21,1.8,2.2,1.8,1.4,0.6,0.6,1630.2396430024332,1518.5022627474298,1.0,1
2021-05-23,Fulham,Newcastle,0,2,A,PL_2020-21,0.4,0.6,1.8,1.4,1.8,1.8,1415.182793918301,1465.636975601094,0.0,1
2021-05-23,Aston Villa,Chelsea,2,1,H,PL_2020-21,1.4,1.4,1.6,2.4,1.4,0.6,1493.514626133149,1575.7914234001344,0.0,1
2021-05-23,Arsenal,Brighton,2,0,H,PL_2020-21,2.4,1.8,0.6,1.4,1.4,1.2,1541.6056475097741,1473.994855348228,1.0,1
2021-05-23,Leicester,Tottenham,2,4,A,PL_2020-21,1.4,1.6,1.8,1.8,2.0,1.2,1554.6016817482302,1516.6577584580352,1.0,1
2021-05-23,Leeds,West Brom,3,1,H,PL_2020-21,2.0,1.8,0.6,0.4,1.2,2.2,1530.174320847928,1399.54931017119,1.0,1
2021-08-13,Brentford,Arsenal,2,0,H,PL_2021-22,1.3726810954063604,1.4400618374558305,1.4534452296819789,3.0,2.2,0.4,1500.0,1547.123830287756,0.5,0
2021-08-14,Watford,Aston Villa,3,2,H,PL_2021-22,1.3726810954063604,1.4400618374558305,1.4534452296819789,1.4,1.4,1.6,1500.0,1503.0049533615281,0.5,0
2021-08-14,Everton,Southampton,3,1,H,PL_2021-22,1.4,0.4,1.2,1.2,1.2,1.8,1513.9395142636236,1438.8974065075465,0.5,2
2021-08-14,Man United,Leeds,5,1,H,PL_2021-22,1.4,1.8,1.8,2.4,2.4,0.8,1595.5080863110682,1534.365505538282,0.5,2
2021-08-14,Leicester,Wolves,1,0,H,PL_2021-22,0.8,1.6,2.4,0.8,0.8,1.4,1540.8275944116147,1459.2562954211407,0.5,2
2021-08-14,Chelsea,Crystal Palace,3,0,H,PL_2021-22,1.8,1.4,1.0,1.2,1.4,2.0,1566.3010961717553,1454.123799466477,1.0,2
2021-08-14,Norwich,Liverpool,0,3,A,PL_2021-22,1.3726810954063604,1.4400618374558305,1.4534452296819789,3.0,2.6,0.6,1500.0,1573.828577510703,0.5,0
2021-08-14,Burnley,Brighton,1,2,A,PL_2021-22,0.6,0.6,2.0,1.4,1.4,1.4,1437.7444517519493,1468.4766725702461,0.0,2
2021-08-15,Newcastle,West Ham,2,4,A,PL_2021-22,1.8,2.0,1.6,2.0,1.8,0.8,1477.0534302057042,1551.7004441317467,1.0,2
2021-08-15,Tottenham,Man City,1,0,H,PL_2021-22,1.8,2.4,1.4,1.8,2.8,1.6,1530.4318457946508,1634.8023914862395,0.5,2
2021-08-21,Liverpool,Burnley,2,0,H,PL_2021-22,3.0,2.8,0.6,0.6,0.6,2.0,1584.580430080826,1425.7767664201592,0.5,2
2021-08-21,Aston Villa,Newcastle,2,0,H,PL_2021-22,1.4,1.6,1.6,1.8,2.4,2.0,1495.7263593453401,1466.3250050744168,0.5,2
2021-08-21,Crystal Palace,Brentford,0,0,D,PL_2021-22,0.6,1.0,2.6,3.0,2.0,0.0,1449.5699633544027,1508.4897435938947,0.5,0
2021-08-21,Leeds,Everton,2,2,D,PL_2021-22,2.4,2.6,1.4,1.4,0.8,1.4,1528.697313756457,1519.2884186355932,0.5,2
2021-08-21,Man City,Norwich,5,0,H,PL_2021-22,1.2,2.4,1.8,0.0,0.0,3.0,1624.676603704183,1489.248147429877,0.5,0
2021-08-21,Brighton,Watford,2,0,H,PL_2021-22,1.4,1.4,1.6,3.0,3.0,2.0,1480.4443579020362,1507.278594016188,0.5,0
2021-08-22,Southampton,Man United,1,1,D,PL_2021-22,1.2,1.4,2.0,1.4,2.2,1.8,1433.5485021355769,1601.176278092893,0.0,2
2021-08-22,Wolves,Tottenham,0,1,A,PL_2021-22,0.6,0.6,1.4,1.8,1.8,1.4,1454.05336987171,1540.5576335767073,0.0,2
2021-08-22,Arsenal,Chelsea,0,2,A,PL_2021-22,2.4,1.8,0.8,1.8,1.6,1.0,1538.6340866938613,1570.8549322838296,1.0,2
2021-08-23,West Ham,Leicester,4,1,H,PL_2021-22,2.0,2.2,1.0,1.2,1.6,2.2,1562.4288692630341,1546.0305199610455,1.0,2
2021-08-28,West Ham,Crystal Palace,2,2,D,PL_2021-22,2.6,3.0,1.0,0.8,0.8,2.0,1569.1986145872493,1448.3930589765719,0.5,2
2021-08-28,Norwich,Leicester,1,2,A,PL_2021-22,0.0,0.0,4.0,1.2,1.4,2.2,1485.1478312467011,1539.2607746368303,0.5,0
2021-08-28,Liverpool,Chelsea,1,1,D,PL_2021-22,3.0,2.4,0.2,1.8,1.6,0.8,1588.2594841250573,1582.7813959575467,0.5,2
2021-08-28,Newcastle,Southampton,2,2,D,PL_2021-22,1.2,1.6,2.0,0.8,1.0,2.0,1459.8863076138402,1435.4707701358,0.5,2
2021-08-28,Aston Villa,Brentford,1,1,D,PL_2021-22,1.8,2.0,1.6,2.0,1.0,0.0,1502.1650568059167,1509.6666479717255,0.5,0
2021-08-28,Brighton,Everton,0,2,A,PL_2021-22,2.0,1.6,1.2,1.4,1.2,1.8,1488.3690654938068,1522.3373381767656,0.0,2
2021-08-28,Man City,Arsenal,5,0,H,PL_2021-22,1.8,3.2,1.4,1.8,1.2,1.0,1628.7769198873589,1526.7076230201442,1.0,2
2021-08-29,Burnley,Leeds,1,1,D,PL_2021-22,0.0,0.2,2.4,2.0,2.4,1.6,1422.097712375928,1525.6483942152847,0.0,2
2021-08-29,Tottenham,Watford,1,0,H,PL_2021-22,2.4,1.8,0.8,1.5,1.5,2.0,1550.9458768452155,1499.3538864244174,0.5,0
2021-08-29,Wolves,Man United,0,1,A,PL_2021-22,0.0,0.2,1.4,1.6,2.2,1.6,1443.6651266032018,1599.25401009267,0.0,2
2021-09-11,Southampton,West Ham,0,0,D,PL_2021-22,0.4,0.8,2.2,2.6,3.2,1.2,1438.9061347108277,1563.5801352044718,0.0,2
2021-09-11,Chelsea,Aston Villa,3,0,H,PL_2021-22,2.0,1.8,0.8,2.0,1.8,1.2,1585.7273441570392,1499.563906123619,0.0,2
2021-09-11,Watford,Wolves,0,2,A,PL_2021-22,1.0,1.0,1.6666666666666667,0.0,0.2,1.2,1493.4597545994302,1435.251588913837,0.5,0
2021-09-11,Man United,Newcastle,4,1,H,PL_2021-22,2.2,2.0,0.8,1.4,1.4,1.6,1607.6675477820347,1456.4509430388125,1.0,2
2021-09-11,Leicester,Man City,0,1,A,PL_2021-22,1.2,1.4,2.2,1.8,3.4,0.8,1550.5738841142602,1633.5386303046346,0.5,2
2021-09-11,Crystal Palace,Tottenham,3,0,H,PL_2021-22,0.4,0.6,2.0,2.4,1.6,0.8,1454.0115383593493,1556.8400086702027,0.0,2
2021-09-11,Brentford,Brighton,0,1,A,PL_2021-22,1.6666666666666667,1.0,0.3333333333333333,1.8,1.4,1.4,1512.2677986540232,1476.4910767949953,0.5,0
2021-09-11,Arsenal,Norwich,1,0,H,PL_2021-22,1.2,1.0,2.0,0.0,0.3333333333333333,3.3333333333333335,1521.9459126028685,1473.8347217692713,0.5,0
2021-09-12,Leeds,Liverpool,0,3,A,PL_2021-22,1.6,1.8,1.8,2.6,2.2,0.2,1525.5462009345988,1585.3135359255648,0.0,2
2021-09-13,Everton,Burnley,3,1,H,PL_2021-22,2.0,1.6,1.6,0.2,0.4,1.8,1534.2153268755771,1422.199905656614,0.0,2
2021-09-17,Newcastle,Leeds,1,1,D,PL_2021-22,0.8,1.4,2.4,1.0,1.4,2.4,1452.6389516217514,1514.3933601140322,0.0,2
2021-09-18,Aston Villa,Everton,3,0,H,PL_2021-22,1.4,1.4,1.6,2.0,2.0,1.8,1494.462090585908,1538.7724410333653,0.5,2
2021-09-18,Norwich,Watford,1,3,A,PL_2021-22,0.0,0.25,2.75,0.75,0.75,1.75,1467.8569526559668,1479.1968075258972,0.5,0
2021-09-18,Man City,Southampton,0,0,D,PL_2021-22,2.4,3.2,0.2,0.6,0.8,1.8,1644.028551782802,1439.615118017879,1.0,2
2021-09-18,Liverpool,Crystal Palace,3,0,H,PL_2021-22,2.6,2.2,0.2,1.0,1.0,1.4,1596.4663767461313,1464.0929464805677,1.0,2
2021-09-18,Burnley,Arsenal,0,1,A,PL_2021-22,0.2,0.6,1.8,1.2,0.6,1.8,1417.6427914988258,1527.923681716173,0.5,2
2021-09-18,Wolves,Brentford,0,2,A,PL_2021-22,0.6,0.6,1.0,1.25,0.75,0.5,1449.51453598737,1498.547329093581,0.5,0
2021-09-19,Brighton,Leicester,2,1,H,PL_2021-22,1.8,1.0,1.0,1.2,1.2,2.0,1490.2115463554373,1540.0839626360928,0.0,2
2021-09-19,West Ham,Man United,1,2,A,PL_2021-22,2.2,2.6,1.0,2.6,2.6,0.8,1562.8711518974205,1611.4795391990958,0.0,2
2021-09-19,Tottenham,Chelsea,0,3,A,PL_2021-22,2.4,1.4,1.0,2.0,2.0,0.6,1546.7586005489843,1590.8291596947502,0.0,2
2021-09-25,Brentford,Liverpool,3,3,D,PL_2021-22,1.6,1.0,0.4,2.6,2.4,0.2,1510.0038502962923,1600.6243156848773,0.5,0
2021-09-25,Watford,Newcastle,1,1,D,PL_2021-22,1.2,1.2,1.6,0.4,1.2,2.6,1491.6946661420918,1451.5425798772656,0.5,0
2021-09-25,Leicester,Burnley,2,2,D,PL_2021-22,1.2,1.0,1.6,0.2,0.6,1.8,1531.516821935503,1407.9386129689933,0.5,2
2021-09-25,Leeds,West Ham,1,2,A,PL_2021-22,0.6,1.0,2.4,1.6,2.2,1.4,1515.489731858518,1551.4026765902288,0.0,2
2021-09-25,Everton,Norwich,2,0,H,PL_2021-22,2.0,2.0,1.4,0.0,0.4,2.8,1530.3617304981972,1455.3590940397721,0.5,0
2021-09-25,Man United,Aston Villa,0,1,A,PL_2021-22,2.6,2.6,0.8,1.4,1.6,1.4,1622.9480145062876,1502.8728011210762,1.0,2
2021-09-25,Chelsea,Man City,0,1,A,PL_2021-22,2.6,2.4,0.2,2.0,2.2,0.2,1602.4251758419387,1636.9835862044322,0.5,2
2021-09-26,Southampton,Wolves,0,1,A,PL_2021-22,0.8,0.8,1.2,0.6,0.4,1.0,1446.6600835962488,1438.0580147846588,0.0,2
2021-09-26,Arsenal,Tottenham,3,1,H,PL_2021-22,1.2,0.4,1.8,1.8,0.6,1.2,1537.6278602460054,1535.1625844017958,0.5,2
2021-09-27,Crystal Palace,Brighton,1,1,D,PL_2021-22,1.0,1.0,1.6,2.4,1.4,0.8,1459.9350075418217,1498.7786870560271,0.5,2
2021-10-02,Leeds,Watford,1,0,H,PL_2021-22,0.6,1.0,1.8,0.8,0.8,1.4,1503.6657975259643,1487.8662066724667,0.5,0
2021-10-02,Wolves,Newcastle,2,1,H,PL_2021-22,1.2,0.6,0.8,0.6,1.0,2.0,1451.0858558384011,1455.3710393468907,0.0,2
2021-10-02,Brighton,Arsenal,0,0,D,PL_2021-22,2.0,1.2,0.8,1.8,1.0,1.6,1500.520950556191,1544.7613028587093,0.0,2
2021-10-02,Chelsea,Southampton,3,1,H,PL_2021-22,2.0,1.8,0.4,0.8,0.6,0.8,1590.563578831231,1433.6322425425064,0.0,2
2021-10-02,Burnley,Norwich,0,0,D,PL_2021-22,0.4,0.8,1.8,0.0,0.4,2.6,1413.6114590299987,1450.0092993091375,0.5,0
2021-10-02,Man United,Everton,1,1,D,PL_2021-22,2.0,1.6,0.8,2.0,1.8,1.2,1607.3439373060069,1535.7115252288318,0.5,2
2021-10-03,Crystal Palace,Leicester,2,2,D,PL_2021-22,1.2,1.2,1.2,0.8,1.2,2.0,1458.1927440416578,1525.8439758744976,0.0,2
2021-10-03,Tottenham,Aston Villa,2,1,H,PL_2021-22,1.2,0.6,1.8,2.0,1.4,0.8,1528.029141789092,1518.476878321357,0.5,2
2021-10-03,West Ham,Brentford,1,2,A,PL_2021-22,1.6,1.8,1.2,1.2,1.2,1.0,1563.2266109227826,1509.7339511542602,0.5,0
2021-10-03,Liverpool,Man City,2,2,D,PL_2021-22,2.2,2.4,0.8,2.6,2.4,0.0,1600.8942148269093,1648.8451832151397,0.0,2
2021-10-16,Man City,Burnley,2,0,H,PL_2021-22,2.2,1.8,0.4,0.6,0.8,1.4,1650.3321673561038,1411.801020246624,1.0,2
2021-10-16,Norwich,Brighton,0,0,D,PL_2021-22,0.2,0.4,1.6,1.6,0.8,0.8,1451.8197380925124,1498.929697334036,0.5,0
2021-10-16,Southampton,Leeds,1,0,H,PL_2021-22,0.6,0.6,1.2,1.0,0.8,1.4,1429.9207196675352,1510.4509868325135,0.0,2
2021-10-16,Watford,Liverpool,0,5,A,PL_2021-22,0.8,0.8,1.2,1.8,2.4,1.2,1481.0810173659174,1599.4072306859453,0.5,0
2021-10-16,Aston Villa,Wolves,2,3,A,PL_2021-22,1.4,1.2,1.2,1.8,1.0,0.8,1511.5295402709967,1458.3986029533858,0.5,2
2021-10-16,Leicester,Man United,4,2,H,PL_2021-22,1.0,1.4,1.6,2.0,1.6,0.8,1526.772367087488,1602.7701006885363,0.5,2
2021-10-16,Brentford,Chelsea,0,1,A,PL_2021-22,1.6,1.6,1.2,2.0,2.0,0.6,1523.885200241569,1594.2751017062023,0.5,0
2021-10-17,Newcastle,Tottenham,2,3,A,PL_2021-22,0.6,1.2,2.0,1.2,0.8,2.0,1448.058292231906,1534.9764798394522,0.0,2
2021-10-17,Everton,West Ham,0,1,A,PL_2021-22,2.0,1.6,1.0,1.0,1.2,1.4,1540.2853618463023,1549.0753618354738,0.5,2
2021-10-18,Arsenal,Crystal Palace,2,2,D,PL_2021-22,2.0,1.0,1.2,1.2,1.6,1.6,1546.3525560808644,1457.2643528286674,0.5,2
2021-10-22,Arsenal,Aston Villa,3,1,H,PL_2021-22,2.2,1.4,0.6,1.2,1.4,1.6,1541.3906513612606,1497.386911965461,0.0,2
2021-10-23,Chelsea,Norwich,7,0,H,PL_2021-22,2.4,2.0,0.4,0.4,0.2,1.2,1605.1252914650318,1450.3090915541375,0.5,0
2021-10-23,Crystal Palace,Newcastle,1,1,D,PL_2021-22,1.2,1.6,1.6,0.4,1.2,2.2,1462.2262575482712,1437.6819452377774,0.5,2
2021-10-23,Everton,Watford,2,5,A,PL_2021-22,1.4,1.2,1.2,0.8,0.8,2.0,1527.7188187181653,1471.6079995436937,0.5,0
2021-10-23,Leeds,Wolves,1,1,D,PL_2021-22,0.8,0.6,1.4,2.4,1.6,1.0,1501.0107849342064,1472.5412312589215,0.0,2
2021-10-23,Southampton,Burnley,2,2,D,PL_2021-22,1.0,0.4,0.8,0.4,0.6,1.6,1439.3609215658423,1409.3072081968455,1.0,2
2021-10-23,Brighton,Man City,1,4,A,PL_2021-22,1.8,0.8,0.4,2.2,1.2,0.4,1500.440343872411,1652.8259794058822,0.5,2
2021-10-24,Brentford,Leicester,1,2,A,PL_2021-22,1.4,1.4,1.2,1.0,1.8,1.8,1513.0350104827396,1536.0826232710565,0.5,0
2021-10-24,West Ham,Tottenham,1,0,H,PL_2021-22,1.4,1.0,1.0,1.2,1.2,2.4,1561.6419049636108,1545.3528268335808,0.5,2
2021-10-24,Man United,Liverpool,0,5,A,PL_2021-22,1.4,1.8,1.6,2.2,3.2,1.0,1593.4598445049678,1608.880248508169,0.0,2
2021-10-30,Watford,Southampton,0,1,A,PL_2021-22,1.4,1.8,2.0,1.0,0.8,1.2,1485.821423522302,1435.7832349852647,0.5,0
2021-10-30,Man City,Crystal Palace,0,2,A,PL_2021-22,2.2,1.8,0.6,0.8,1.2,1.8,1661.3295226116647,1458.7876243757148,1.0,2
2021-10-30,Burnley,Brentford,3,1,H,PL_2021-22,0.6,0.8,1.4,1.4,1.6,1.4,1412.8848947774231,1500.8556636937096,0.5,0
2021-10-30,Tottenham,Man United,0,3,A,PL_2021-22,1.2,1.2,2.0,0.8,1.0,2.4,1538.580264320602,1581.072424538991,0.5,2
2021-10-30,Liverpool,Brighton,2,2,D,PL_2021-22,2.2,3.6,1.0,1.2,0.8,1.2,1621.2676684741457,1491.9368006666284,0.0,2
2021-10-30,Leicester,Arsenal,0,2,A,PL_2021-22,1.6,2.2,1.8,2.2,1.8,0.8,1548.2619700600865,1547.467984884949,0.5,2
2021-10-30,Newcastle,Chelsea,0,3,A,PL_2021-22,0.6,1.2,1.6,2.4,2.8,0.4,1441.1205784103338,1608.87375946399,0.0,2
2021-10-31,Norwich,Leeds,1,2,A,PL_2021-22,0.4,0.2,2.4,1.0,0.8,1.0,1446.5606235551793,1497.4729226355491,0.5,0
2021-10-31,Aston Villa,West Ham,1,4,A,PL_2021-22,1.2,1.6,1.6,1.8,1.2,1.0,1491.3095784417726,1568.4144674765896,0.0,2
2021-11-01,Wolves,Everton,2,1,H,PL_2021-22,2.0,1.4,1.2,0.8,1.0,2.0,1476.0790935575787,1513.505394739557,0.0,2
2021-11-05,Southampton,Aston Villa,1,0,H,PL_2021-22,1.4,1.0,1.2,0.6,1.2,2.4,1449.8518523000223,1480.6515563815415,0.5,2
2021-11-06,Brentford,Norwich,1,2,A,PL_2021-22,0.8,1.4,2.0,0.4,0.2,2.2,1491.201754515277,1435.157092485403,0.5,0
2021-11-06,Man United,Man City,0,2,A,PL_2021-22,0.8,1.2,2.2,2.0,1.8,1.0,1592.712681054528,1644.311792165137,0.5,2
2021-11-06,Chelsea,Burnley,1,1,D,PL_2021-22,2.4,2.8,0.4,1.2,1.4,1.4,1616.9480156295228,1422.5388039558559,1.0,2
2021-11-06,Crystal Palace,Wolves,2,0,H,PL_2021-22,1.4,1.6,1.2,2.6,1.8,1.0,1475.8053548222426,1484.2973012824984,0.5,2
2021-11-06,Brighton,Newcastle,1,1,D,PL_2021-22,0.8,0.8,1.4,0.4,1.0,2.0,1497.7208826381336,1433.0463222448009,1.0,2
2021-11-07,Leeds,Leicester,1,1,D,PL_2021-22,1.4,1.0,1.0,1.6,2.0,1.8,1508.8764537053255,1535.4396241614613,0.5,2
2021-11-07,West Ham,Liverpool,3,2,H,PL_2021-22,2.4,1.8,0.8,1.8,3.4,1.4,1579.0724895368207,1615.4835865026405,0.0,2
2021-11-07,Arsenal,Watford,1,0,H,PL_2021-22,2.2,2.0,0.8,0.8,1.2,2.0,1560.290330783574,1471.7528062075444,0.5,0
2021-11-07,Everton,Tottenham,0,0,D,PL_2021-22,0.8,1.2,1.8,1.2,1.2,2.0,1505.2871870146373,1526.940007805065,0.5,2
2021-11-20,Watford,Man United,4,1,H,PL_2021-22,0.6,1.0,2.0,0.8,1.2,2.4,1466.7027540285806,1581.3285339663807,0.5,0
2021-11-20,Liverpool,Arsenal,4,0,H,PL_2021-22,1.6,3.2,1.4,2.2,1.6,0.6,1607.2936562316388,1565.340382962538,1.0,2
2021-11-20,Wolves,West Ham,1,0,H,PL_2021-22,2.0,1.6,1.4,2.4,2.0,1.0,1476.8718562254992,1587.2624198078224,0.0,2
2021-11-20,Norwich,Southampton,2,1,H,PL_2021-22,1.0,0.6,2.0,2.0,1.2,1.0,1449.3689502263312,1457.886034161382,0.5,0
2021-11-20,Newcastle,Brentford,3,3,D,PL_2021-22,0.4,1.0,2.0,0.6,1.0,1.8,1437.46034833582,1476.9898967743486,0.5,0
2021-11-20,Leicester,Chelsea,0,3,A,PL_2021-22,1.6,1.8,1.6,2.6,3.0,0.4,1537.522381241246,1610.0510446001067,0.5,2
2021-11-20,Burnley,Crystal Palace,3,3,D,PL_2021-22,1.2,1.2,1.2,1.8,1.8,1.0,1429.435774985272,1483.2307998792419,1.0,2
2021-11-20,Aston Villa,Brighton,2,0,H,PL_2021-22,0.0,1.0,2.6,0.8,0.8,1.4,1472.6173745201818,1493.3068565471144,0.0,2
2021-11-21,Man City,Everton,3,0,H,PL_2021-22,2.0,2.0,1.0,0.4,0.8,1.8,1655.6959392532842,1503.0696352398593,1.0,2
2021-11-21,Tottenham,Leeds,2,1,H,PL_2021-22,1.4,1.0,1.4,1.6,1.0,0.8,1529.157559579843,1506.7936966255409,0.5,2
2021-11-27,Norwich,Wolves,0,0,D,PL_2021-22,1.4,1.0,2.2,2.0,1.4,1.2,1456.7950708536337,1487.1708315569042,0.5,0
2021-11-27,Crystal Palace,Aston Villa,1,2,A,PL_2021-22,1.8,2.0,1.2,0.6,1.2,2.2,1484.5529009267723,1480.3734753854876,0.5,2
2021-11-27,Liverpool,Southampton,4,0,H,PL_2021-22,2.0,3.6,1.0,2.0,1.2,0.8,1613.4210410499174,1450.4599135340795,0.5,2
2021-11-27,Arsenal,Newcastle,2,0,H,PL_2021-22,2.0,1.6,1.4,0.6,1.4,2.2,1559.2129981442592,1435.737233059783,1.0,2
2021-11-27,Brighton,Leeds,0,0,D,PL_2021-22,0.6,0.8,1.8,1.0,1.0,1.2,1485.5507556818086,1500.176873146589,1.0,2
2021-11-28,Brentford,Everton,1,0,H,PL_2021-22,0.2,1.2,2.2,0.2,0.6,2.2,1478.7130120503857,1499.2826188576043,0.5,0
2021-11-28,Leicester,Watford,4,2,H,PL_2021-22,1.4,1.4,1.8,1.2,1.8,2.0,1526.7333362678687,1477.1234693264228,0.5,0
2021-11-28,Man City,West Ham,2,1,H,PL_2021-22,2.4,2.2,0.6,2.4,1.8,0.8,1659.4829556355392,1576.9634444764174,0.5,2
2021-11-28,Chelsea,Man United,1,1,D,PL_2021-22,2.6,3.0,0.2,0.6,1.2,3.0,1620.840089573484,1570.9078186685385,0.0,2
2021-11-30,Newcastle,Norwich,1,1,D,PL_2021-22,0.6,1.0,2.0,1.4,1.0,2.2,1431.4080790996784,1454.8175250044983,0.5,0
2021-11-30,Leeds,Crystal Palace,1,0,H,PL_2021-22,1.2,1.0,1.0,1.6,1.8,1.2,1502.5858396708536,1471.6411247759518,0.5,2
2021-12-01,Everton,Liverpool,1,4,A,PL_2021-22,0.2,0.6,2.2,2.0,3.4,1.0,1491.529794299904,1617.0287863844069,0.5,2
2021-12-01,Wolves,Burnley,0,0,D,PL_2021-22,1.6,0.8,0.8,1.2,1.8,1.8,1489.1483774060396,1428.1136739377416,0.0,2
2021-12-01,Aston Villa,Man City,1,2,A,PL_2021-22,1.2,1.2,1.8,2.4,2.2,0.8,1493.2852515363081,1664.664897323475,0.0,2
2021-12-01,Watford,Chelsea,1,2,A,PL_2021-22,1.2,2.2,1.8,2.2,3.0,0.4,1471.1817941452496,1616.7740164817794,0.5,0
2021-12-01,West Ham,Brighton,1,1,D,PL_2021-22,1.8,1.8,1.2,0.6,0.8,1.8,1571.7815027884815,1483.141789157544,0.0,2
2021-12-01,Southampton,Leicester,2,2,D,PL_2021-22,1.4,1.0,1.6,1.4,1.4,1.8,1446.85216819959,1532.675011449042,0.0,2
2021-12-02,Tottenham,Brentford,2,0,H,PL_2021-22,1.4,1.0,1.4,0.8,1.4,2.0,1535.774383058795,1486.465836608086,0.5,0
2021-12-02,Man United,Arsenal,3,2,H,PL_2021-22,0.8,1.0,2.4,2.4,1.6,1.0,1574.973891760243,1563.5421521043638,0.0,2
2021-12-04,West Ham,Chelsea,3,2,H,PL_2021-22,1.4,1.8,1.4,2.2,2.0,0.6,1566.8293347148322,1625.469247623659,0.0,2
2021-12-04,Newcastle,Burnley,1,0,H,PL_2021-22,0.6,1.0,2.0,1.4,1.8,1.4,1429.2386543161547,1432.4429594901428,1.0,2
2021-12-04,Southampton,Brighton,1,1,D,PL_2021-22,1.4,1.0,1.6,0.8,0.8,1.2,1446.4443431529846,1488.0939572311934,0.5,2
2021-12-04,Wolves,Liverpool,0,1,A,PL_2021-22,1.6,0.6,0.6,2.0,3.2,1.2,1484.8190918536384,1626.2961812885462,0.0,2
2021-12-04,Watford,Man City,1,3,A,PL_2021-22,0.6,1.4,1.8,2.4,1.8,0.8,1462.48656300337,1672.6388515470542,0.5,0
2021-12-05,Leeds,Brentford,2,2,D,PL_2021-22,1.6,1.0,0.8,0.8,1.2,2.0,1508.9858110828952,1480.5169145710663,0.5,0
2021-12-05,Man United,Crystal Palace,1,0,H,PL_2021-22,1.4,1.6,1.8,1.4,1.6,1.2,1581.8722565253977,1465.2411533639101,0.0,2
2021-12-05,Tottenham,Norwich,3,0,H,PL_2021-22,1.4,0.8,1.0,1.6,1.2,1.0,1541.7233050958146,1456.986949788022,0.5,0
2021-12-05,Aston Villa,Leicester,2,1,H,PL_2021-22,1.2,1.2,1.6,1.0,1.4,2.0,1485.311297312729,1533.0828364956474,0.5,2
2021-12-06,Everton,Arsenal,2,1,H,PL_2021-22,0.2,0.4,2.0,1.8,1.4,1.4,1482.2623993957648,1556.6437873392092,1.0,2
2021-12-10,Brentford,Watford,2,1,H,PL_2021-22,1.0,1.4,1.8,0.6,1.6,2.2,1484.0547603224786,1455.5548774379265,0.5,0
2021-12-11,Man City,Wolves,1,0,H,PL_2021-22,3.0,2.4,0.6,1.0,0.2,0.6,1679.5705371124977,1476.00725932183,1.0,2
2021-12-11,Arsenal,Southampton,3,0,H,PL_2021-22,1.2,1.2,1.8,1.0,1.0,1.8,1547.3798168095082,1444.780498082751,0.5,2
2021-12-11,Chelsea,Leeds,3,2,H,PL_2021-22,1.6,1.8,1.2,1.2,1.0,1.0,1616.6540949027649,1505.447965331483,0.5,2
2021-12-11,Liverpool,Aston Villa,1,0,H,PL_2021-22,2.4,3.0,0.8,1.8,1.4,1.0,1635.1080138203547,1493.819263363243,0.5,2
2021-12-11,Norwich,Man United,0,1,A,PL_2021-22,1.6,1.0,1.2,1.4,1.2,1.8,1451.8538514842194,1586.3365541055823,0.5,0
2021-12-12,Burnley,West Ham,0,0,D,PL_2021-22,1.2,1.4,1.2,1.4,1.6,1.6,1425.159051783256,1575.6444874357262,0.0,2
2021-12-12,Leicester,Newcastle,4,0,H,PL_2021-22,1.0,1.6,2.0,1.2,1.2,1.4,1524.5748704451335,1436.5225620230415,0.5,2
2021-12-12,Crystal Palace,Everton,3,1,H,PL_2021-22,0.8,1.2,1.4,0.8,0.6,1.8,1460.7768557837255,1491.5263699254658,0.0,2
2021-12-14,Norwich,Aston Villa,0,2,A,PL_2021-22,1.0,0.6,1.2,1.8,1.4,1.0,1442.843097421005,1489.8278175762098,0.5,0
2021-12-14,Man City,Leeds,7,0,H,PL_2021-22,3.0,2.2,0.6,1.0,1.2,1.4,1682.5379176806875,1500.874437745402,0.0,2
2021-12-15,Brighton,Wolves,0,1,A,PL_2021-22,0.8,0.6,1.0,1.0,0.2,0.4,1489.757802301427,1473.03987875364,0.0,2
2021-12-15,Crystal Palace,Southampton,2,2,D,PL_2021-22,0.8,1.4,1.6,0.4,0.8,2.4,1468.8096489269833,1440.0298480808422,0.5,2
2021-12-15,Arsenal,West Ham,2,0,H,PL_2021-22,1.2,1.6,1.8,1.0,1.0,1.2,1552.130466811417,1574.2015412857975,0.5,2
2021-12-16,Chelsea,Everton,1,1,D,PL_2021-22,2.0,2.2,1.4,0.6,0.8,2.4,1621.2276224888458,1483.493576782208,0.5,2
2021-12-16,Liverpool,Newcastle,3,1,H,PL_2021-22,3.0,2.8,0.2,1.0,1.0,2.0,1639.0994596073879,1431.4619587731943,0.0,2
2021-12-18,Leeds,Arsenal,1,4,A,PL_2021-22,1.0,1.0,2.4,1.8,2.0,1.0,1497.5741596355065,1559.9243644081553,0.0,2
2021-12-19,Newcastle,Man City,0,4,A,PL_2021-22,0.8,0.6,2.0,3.0,3.0,0.6,1428.5533594229432,1685.838195790583,0.0,2
2021-12-19,Wolves,Chelsea,0,0,D,PL_2021-22,1.0,0.2,0.4,1.6,1.8,1.6,1486.2783692877654,1615.2848453278052,0.5,2
2021-12-19,Tottenham,Liverpool,2,2,D,PL_2021-22,2.0,1.4,0.8,3.0,2.6,0.4,1546.8564033996172,1642.008058957639,0.0,2
2021-12-26,Aston Villa,Chelsea,1,3,A,PL_2021-22,1.8,1.4,1.0,1.6,1.6,1.4,1501.3419863328054,1614.4519061709952,0.3333333333333333,3
2021-12-26,West Ham,Southampton,2,3,A,PL_2021-22,1.0,1.0,1.4,0.6,1.0,2.4,1566.4076436890591,1443.5755198670483,0.3333333333333333,3
2021-12-26,Brighton,Brentford,2,0,H,PL_2021-22,0.6,0.4,1.0,1.6,1.6,1.6,1476.5193117673018,1490.5161343644663,1.0,1
2021-12-26,Norwich,Arsenal,0,5,A,PL_2021-22,0.4,0.2,1.4,1.8,2.4,1.2,1431.3289286644094,1571.003790716946,0.0,1
2021-12-26,Man City,Leicester,6,3,H,PL_2021-22,3.0,3.4,0.4,1.4,2.2,1.8,1691.5970193834405,1529.6354736949806,0.6666666666666666,3
2021-12-26,Tottenham,Crystal Palace,3,0,H,PL_2021-22,2.2,1.8,0.6,0.8,1.2,1.4,1546.7168658865212,1465.2639771407771,0.3333333333333333,3
2021-12-27,Newcastle,Man United,1,1,D,PL_2021-22,0.8,0.6,2.4,2.0,1.4,1.4,1422.7945358300858,1595.3473081687966,0.0,3
2021-12-28,Crystal Palace,Norwich,3,0,H,PL_2021-22,0.8,1.0,1.6,0.2,0.2,2.4,1460.0584273157451,1422.4659250821621,0.5,0
2021-12-28,Southampton,Tottenham,1,1,D,PL_2021-22,1.2,1.6,2.0,2.6,2.4,0.6,1459.2337847365,1551.9224157115532,0.0,2
2021-12-28,Watford,West Ham,1,4,A,PL_2021-22,0.6,1.8,2.4,1.0,1.2,1.6,1449.0935033959388,1550.7493788196075,0.5,0
2021-12-28,Leicester,Liverpool,1,0,H,PL_2021-22,1.4,2.8,2.4,2.6,2.2,0.8,1526.01068258153,1642.147596470735,0.5,2
2021-12-29,Brentford,Man City,0,1,A,PL_2021-22,1.4,1.0,1.4,3.0,4.2,0.8,1482.9421548975756,1695.221810496891,0.5,0
2021-12-29,Chelsea,Brighton,1,1,D,PL_2021-22,1.6,1.8,1.4,1.2,0.8,0.6,1624.0747513278486,1484.0932912341925,0.5,2
2021-12-30,Man United,Burnley,3,1,H,PL_2021-22,2.2,1.4,0.8,0.8,0.8,1.0,1593.288905373066,1426.6019979331847,1.0,2
2022-01-01,Watford,Tottenham,0,1,A,PL_2021-22,0.0,1.2,3.0,2.2,2.2,0.6,1439.141162960912,1552.1328227700196,0.0,1
2022-01-01,Arsenal,Man City,1,2,A,PL_2021-22,2.4,3.0,0.6,3.0,3.8,0.6,1579.8667942991933,1702.0981348005387,0.0,3
2022-01-01,Crystal Palace,West Ham,2,3,A,PL_2021-22,1.4,1.6,1.4,1.4,1.8,1.6,1466.293017287043,1560.7017192546343,0.0,3
2022-01-02,Leeds,Burnley,3,1,H,PL_2021-22,0.8,1.2,3.2,0.6,0.8,1.4,1486.4947333267157,1423.0572371547812,0.6666666666666666,3
2022-01-02,Chelsea,Liverpool,2,2,D,PL_2021-22,1.8,1.6,1.0,2.0,1.4,0.8,1618.0902940068481,1631.6834724432656,0.3333333333333333,3
2022-01-02,Everton,Brighton,2,3,A,PL_2021-22,0.8,1.0,2.0,1.2,1.0,0.8,1489.4363539432486,1490.077748555193,0.6666666666666666,3
2022-01-02,Brentford,Aston Villa,2,1,H,PL_2021-22,0.8,0.8,1.6,1.2,1.2,1.4,1476.065830593928,1491.719141175952,0.0,1
2022-01-03,Man United,Wolves,0,1,A,PL_2021-22,2.6,1.8,0.8,1.0,0.2,0.4,1596.8336661514695,1487.1113084445753,1.0,3
2022-01-11,Southampton,Brentford,4,1,H,PL_2021-22,1.2,1.4,1.8,1.4,1.2,1.4,1459.0233776780335,1483.6847331395848,0.5,0
2022-01-12,West Ham,Norwich,2,0,H,PL_2021-22,1.4,1.8,1.6,0.0,0.0,2.8,1570.8626358568945,1416.2313351108642,0.5,0
2022-01-14,Brighton,Crystal Palace,1,1,D,PL_2021-22,1.6,1.4,1.0,1.4,2.0,1.8,1502.8620276200436,1456.132100684783,0.0,3
2022-01-15,Norwich,Everton,2,1,H,PL_2021-22,0.0,0.0,2.6,0.8,1.4,2.4,1412.4796240649478,1476.652074878398,0.0,1
2022-01-15,Man City,Chelsea,1,0,H,PL_2021-22,3.0,4.0,0.8,1.4,1.4,1.0,1711.4591372358313,1615.6533425218697,0.6666666666666666,3
2022-01-15,Aston Villa,Man United,2,2,D,PL_2021-22,1.2,1.2,1.4,2.0,1.2,0.6,1484.1002386302953,1581.4373943493338,0.3333333333333333,3
2022-01-15,Newcastle,Watford,1,1,D,PL_2021-22,0.8,0.6,2.4,0.0,0.8,2.4,1424.8529386258165,1429.514918805062,0.0,1
2022-01-15,Wolves,Southampton,3,1,H,PL_2021-22,1.4,0.4,0.4,1.6,2.0,1.8,1502.507580246711,1466.888316610016,0.6666666666666666,3
2022-01-16,Liverpool,Brentford,3,0,H,PL_2021-22,1.6,1.6,1.2,1.2,1.0,1.8,1634.120423928244,1475.8197942076022,0.0,1
2022-01-16,West Ham,Leeds,2,3,A,PL_2021-22,1.8,2.2,1.6,0.8,1.6,3.4,1574.614346902811,1492.109420555479,1.0,3
2022-01-18,Brighton,Chelsea,1,1,D,PL_2021-22,1.6,1.4,1.0,1.2,1.2,1.0,1498.8731740445212,1610.7595891041228,0.0,3
2022-01-19,Leicester,Tottenham,2,3,A,PL_2021-22,1.4,2.2,2.0,2.2,2.0,0.6,1536.4748066089994,1561.7590669258695,0.5,2
2022-01-19,Brentford,Man United,1,3,A,PL_2021-22,0.6,0.6,2.2,1.6,1.4,1.0,1472.1320385092106,1581.5140356680004,0.5,0
2022-01-21,Watford,Norwich,0,3,A,PL_2021-22,0.2,0.8,2.2,0.6,0.4,2.6,1432.1921068396152,1421.4520639923169,1.0,1
2022-01-22,Southampton,Man City,1,1,D,PL_2021-22,1.6,2.2,1.8,3.0,2.8,0.8,1460.6048808165694,1716.352890653578,0.0,3
2022-01-22,Man United,West Ham,1,0,H,PL_2021-22,1.6,1.8,1.2,1.8,2.6,1.8,1591.2440656998021,1559.7966109344088,1.0,3
2022-01-22,Leeds,Newcastle,0,1,A,PL_2021-22,1.2,1.8,3.4,0.4,0.6,2.6,1506.927156523881,1422.1757505912633,0.6666666666666666,3
2022-01-22,Brentford,Wolves,1,2,A,PL_2021-22,0.6,0.8,2.4,2.0,1.0,0.4,1462.4020084774088,1508.7910160401577,1.0,1
2022-01-22,Everton,Aston Villa,0,1,A,PL_2021-22,0.8,1.4,2.0,0.8,1.2,1.6,1467.679634951029,1484.0235973116287,0.0,3
2022-01-23,Arsenal,Burnley,0,0,D,PL_2021-22,2.4,3.0,0.6,0.4,0.4,1.4,1570.5057918639006,1417.442549926018,0.3333333333333333,3
2022-01-23,Crystal Palace,Liverpool,1,3,A,PL_2021-22,1.0,1.6,1.8,1.6,2.0,1.2,1460.1209542603053,1637.8081796266356,0.0,3
2022-01-23,Leicester,Brighton,1,1,D,PL_2021-22,1.2,2.2,2.2,1.8,1.6,1.0,1524.3568634434516,1499.215159155909,0.6666666666666666,3
2022-01-23,Chelsea,Tottenham,2,0,H,PL_2021-22,1.2,1.4,1.2,2.2,2.0,1.0,1610.417603992735,1573.8770100914173,0.6666666666666666,3
2022-02-05,Burnley,Watford,0,0,D,PL_2021-22,0.4,0.4,1.4,0.2,0.6,2.2,1423.6632490804116,1419.1084760944007,0.5,0
2022-02-08,Burnley,Man United,1,1,D,PL_2021-22,0.6,0.4,1.2,2.0,1.8,1.0,1420.7415886319548,1597.6314490053837,0.0,3
2022-02-08,West Ham,Watford,1,0,H,PL_2021-22,1.8,2.2,1.4,0.4,0.4,1.8,1553.4092276288272,1422.0301365428575,1.0,1
2022-02-08,Newcastle,Everton,3,1,H,PL_2021-22,1.0,0.8,1.8,0.2,1.0,2.0,1437.0429828633132,1455.3172978682976,1.0,2
2022-02-09,Man City,Brentford,2,0,H,PL_2021-22,2.6,2.2,1.0,0.6,1.0,2.6,1712.1480590950102,1450.8710912060137,1.0,1
2022-02-09,Norwich,Crystal Palace,1,1,D,PL_2021-22,1.2,1.0,2.2,0.8,1.4,2.0,1434.5356947375315,1452.3204375332766,0.0,1
2022-02-09,Tottenham,Southampton,2,3,A,PL_2021-22,2.0,1.6,1.0,1.6,2.0,1.6,1567.6164068645373,1464.8097123751372,0.6666666666666666,3
2022-02-09,Aston Villa,Leeds,3,3,D,PL_2021-22,1.4,1.4,1.4,1.2,1.4,3.0,1496.38593439436,1492.059924251831,0.5,2
2022-02-10,Liverpool,Leicester,2,0,H,PL_2021-22,1.6,2.0,1.2,1.4,2.2,2.0,1645.6086963536643,1520.9030780121768,0.3333333333333333,3
2022-02-10,Wolves,Arsenal,0,1,A,PL_2021-22,2.6,1.4,0.4,2.0,2.4,0.6,1520.3219333115528,1564.2850927095071,1.0,2
2022-02-12,Man United,Southampton,1,1,D,PL_2021-22,1.6,1.4,1.0,1.6,2.0,1.6,1595.4538164745102,1480.0633850420336,0.6666666666666666,3
2022-02-12,Watford,Brighton,0,2,A,PL_2021-22,0.4,0.2,1.2,1.4,1.4,1.2,1417.8533144043402,1502.668944587184,0.0,1
2022-02-12,Everton,Leeds,3,0,H,PL_2021-22,0.2,1.0,2.0,1.4,2.0,2.2,1447.6271071351848,1494.9755612629638,0.3333333333333333,3
2022-02-12,Brentford,Crystal Palace,0,0,D,PL_2021-22,0.0,0.6,2.8,1.0,1.6,1.6,1448.6493348375109,1454.6435816852413,0.0,1
2022-02-12,Norwich,Man City,0,4,A,PL_2021-22,1.4,1.2,1.4,2.6,1.4,0.4,1432.2125505855668,1714.369815463513,0.0,1
2022-02-13,Burnley,Liverpool,0,1,A,PL_2021-22,0.6,0.6,1.4,2.0,2.0,0.8,1422.9192211628283,1649.9138839720513,0.3333333333333333,3
2022-02-13,Newcastle,Aston Villa,1,0,H,PL_2021-22,1.6,1.2,1.4,1.0,1.6,2.0,1444.733173596426,1493.4702973832273,0.0,3
2022-02-13,Tottenham,Wolves,0,2,A,PL_2021-22,1.4,1.4,1.6,2.0,1.2,0.6,1552.362734197641,1508.7229048413194,0.6666666666666666,3
2022-02-13,Leicester,West Ham,2,2,D,PL_2021-22,0.8,1.4,2.4,1.8,1.6,1.2,1516.5978903937898,1557.5860497673445,0.0,3
2022-02-15,Man United,Brighton,2,0,H,PL_2021-22,1.8,1.6,1.0,1.8,1.6,1.0,1589.9429296167696,1513.1057078374129,1.0,2
2022-02-19,West Ham,Newcastle,1,1,D,PL_2021-22,1.4,1.4,1.2,2.2,1.4,0.6,1559.2684001004518,1453.2683239176893,0.3333333333333333,3
2022-02-19,Arsenal,Brentford,2,1,H,PL_2021-22,2.0,2.2,0.6,0.2,0.4,2.0,1575.8841211797405,1446.007780560289,0.0,1
2022-02-19,Aston Villa,Watford,0,1,A,PL_2021-22,1.0,1.4,1.6,0.4,0.2,1.4,1484.935147061964,1407.4165511541112,0.0,1
2022-02-19,Brighton,Burnley,0,3,A,PL_2021-22,1.2,1.0,1.0,0.6,0.4,1.0,1507.797196494208,1416.4198903929027,0.3333333333333333,3
2022-02-19,Crystal Palace,Chelsea,0,1,A,PL_2021-22,0.6,1.0,1.6,1.2,1.2,1.0,1457.2851359624633,1616.678207219615,0.0,3
2022-02-19,Liverpool,Norwich,3,1,H,PL_2021-22,2.6,2.2,0.6,1.4,1.2,1.6,1656.4132147419768,1427.0225989159783,1.0,1
2022-02-19,Southampton,Everton,2,0,H,PL_2021-22,1.6,2.0,1.6,0.6,1.4,1.8,1485.5742718997742,1456.1231690759969,0.3333333333333333,3
2022-02-19,Man City,Tottenham,2,3,A,PL_2021-22,2.6,2.0,0.4,1.2,1.2,1.8,1719.5597671331016,1538.4489338400892,0.3333333333333333,3
2022-02-20,Wolves,Leicester,2,1,H,PL_2021-22,2.4,1.6,0.6,1.0,1.2,1.6,1522.6367051988711,1514.9155400606826,0.0,3
2022-02-20,Leeds,Man United,2,4,A,PL_2021-22,1.4,1.8,2.0,2.2,1.6,0.6,1486.4794993221517,1595.2514409599744,0.0,3
2022-02-23,Burnley,Tottenham,1,0,H,PL_2021-22,1.2,0.8,0.4,1.2,1.6,2.2,1431.431296860207,1555.139879748324,0.0,2
2022-02-23,Watford,Crystal Palace,1,4,A,PL_2021-22,0.8,0.2,1.2,0.6,0.6,1.2,1422.1233207463208,1448.9781464624177,0.5,0
2022-02-23,Liverpool,Leeds,6,0,H,PL_2021-22,3.0,2.4,0.4,0.8,1.6,2.6,1659.0241687227342,1476.7319224647704,0.6666666666666666,3
2022-02-24,Arsenal,Wolves,2,1,H,PL_2021-22,2.0,1.8,0.6,2.4,1.8,0.8,1580.0896012456349,1529.631911784749,0.3333333333333333,3
2022-02-25,Southampton,Norwich,2,0,H,PL_2021-22,1.6,1.6,1.4,1.4,1.4,1.8,1492.0117191490249,1424.411644935221,0.0,1
2022-02-26,Leeds,Tottenham,0,4,A,PL_2021-22,0.2,1.0,3.4,0.6,1.0,2.0,1473.441606389046,1544.4585490969948,0.3333333333333333,3
2022-02-26,Brentford,Newcastle,0,2,A,PL_2021-22,0.2,0.6,1.8,2.2,1.4,0.6,1441.8023004943946,1458.5882189051686,0.0,1
2022-02-26,Crystal Palace,Burnley,1,1,D,PL_2021-22,1.0,1.2,1.2,1.6,1.0,0.4,1461.0528717703228,1442.1126275115362,0.0,3
2022-02-26,Man United,Watford,0,0,D,PL_2021-22,2.2,1.8,0.8,0.8,0.4,1.4,1604.9990178173557,1410.0485954384158,0.0,1
2022-02-26,Brighton,Aston Villa,0,2,A,PL_2021-22,1.0,0.8,1.4,1.0,1.2,1.4,1492.7857900269037,1470.2283774697544,0.3333333333333333,3
2022-02-26,Everton,Man City,0,1,A,PL_2021-22,0.6,1.0,1.6,2.0,2.0,0.8,1449.6857218267462,1702.868821224867,0.0,3
2022-02-27,West Ham,Wolves,1,0,H,PL_2021-22,1.0,1.2,1.4,1.8,1.4,1.0,1553.9485051129725,1523.7105996329863,0.6666666666666666,3
2022-03-01,Burnley,Leicester,0,2,A,PL_2021-22,1.6,1.2,0.6,0.4,1.2,2.0,1445.4082540629697,1507.9203334748047,0.0,3
2022-03-05,Liverpool,West Ham,1,0,H,PL_2021-22,3.0,3.0,0.4,1.6,1.0,0.8,1662.3144847984586,1560.3661965147735,0.6666666666666666,3
2022-03-05,Leicester,Leeds,1,0,H,PL_2021-22,1.0,1.2,1.4,0.2,1.0,4.0,1518.995154712026,1462.6093366052971,0.3333333333333333,3
2022-03-05,Norwich,Brentford,1,3,A,PL_2021-22,0.8,1.0,2.0,0.2,0.4,1.6,1418.8932156313779,1429.4519776472894,1.0,1
2022-03-05,Aston Villa,Southampton,4,0,H,PL_2021-22,1.4,1.2,1.0,2.2,1.8,0.8,1483.6164862382027,1497.530148452868,0.3333333333333333,3
2022-03-05,Burnley,Chelsea,0,4,A,PL_2021-22,1.4,1.0,0.8,1.6,1.2,0.8,1434.3334328257483,1624.9851967196605,0.0,3
2022-03-05,Newcastle,Brighton,2,1,H,PL_2021-22,2.6,1.6,0.4,0.8,0.6,1.6,1470.9385417522737,1479.3976812584553,0.0,3
2022-03-05,Wolves,Crystal Palace,0,2,A,PL_2021-22,1.2,1.0,1.0,1.2,1.2,0.8,1517.2929082311853,1457.7572452188892,0.3333333333333333,3
2022-03-06,Watford,Arsenal,2,3,A,PL_2021-22,0.8,0.4,1.4,2.0,1.2,0.8,1416.9537251512245,1586.0109133973976,0.0,1
2022-03-06,Man City,Man United,4,1,H,PL_2021-22,2.0,2.0,0.8,1.8,1.6,0.8,1708.7249493027466,1598.093888104547,0.3333333333333333,3
2022-03-07,Tottenham,Everton,5,0,H,PL_2021-22,1.2,1.8,1.6,0.6,0.8,1.4,1555.2908188807437,1443.8295937488665,0.0,3
2022-03-10,Norwich,Chelsea,1,3,A,PL_2021-22,0.2,0.6,2.6,2.0,1.6,0.4,1406.37428991925,1632.4336687195712,0.0,1
2022-03-10,Southampton,Newcastle,1,2,A,PL_2021-22,2.0,1.6,1.4,2.6,1.8,0.6,1489.9584215292568,1478.363105159368,0.3333333333333333,3
2022-03-10,Wolves,Watford,4,0,H,PL_2021-22,1.2,1.0,1.2,0.8,0.8,1.8,1502.9987472193134,1408.9155831746807,1.0,1
2022-03-10,Leeds,Aston Villa,0,3,A,PL_2021-22,0.0,0.4,3.6,1.4,1.8,1.0,1456.8292683536865,1491.1882131618138,0.3333333333333333,3
2022-03-12,Brighton,Liverpool,0,2,A,PL_2021-22,0.6,0.6,1.8,3.0,2.6,0.2,1471.9731178513612,1667.0787228853399,0.3333333333333333,3
2022-03-12,Brentford,Burnley,2,0,H,PL_2021-22,0.8,0.8,1.4,1.4,1.0,1.4,1441.9709033594172,1426.8849608258377,0.0,1
2022-03-12,Man United,Tottenham,3,2,H,PL_2021-22,1.6,1.6,1.4,1.8,2.4,1.0,1593.5086721749356,1559.8591683307961,0.6666666666666666,3
2022-03-13,Southampton,Watford,1,2,A,PL_2021-22,1.4,1.2,1.4,0.8,0.8,2.2,1476.8525317271556,1403.9850834348365,1.0,1
2022-03-13,Arsenal,Leicester,2,0,H,PL_2021-22,2.6,1.6,0.8,1.4,1.2,1.2,1594.0490553739414,1524.7752229636367,0.6666666666666666,3
2022-03-13,West Ham,Aston Villa,2,1,H,PL_2021-22,1.6,1.0,0.8,1.8,1.8,0.4,1555.6019584278922,1503.055351700182,1.0,3
2022-03-13,Chelsea,Newcastle,1,0,H,PL_2021-22,2.6,2.2,0.4,2.6,1.6,0.6,1638.9566424336151,1491.4689949614692,1.0,3
2022-03-13,Leeds,Norwich,2,1,H,PL_2021-22,0.0,0.4,3.6,0.0,0.6,3.0,1444.9621298153183,1399.851316205206,1.0,1
2022-03-13,Everton,Wolves,0,1,A,PL_2021-22,0.6,0.8,2.2,1.2,1.4,1.2,1439.261244298814,1507.9292469591576,0.6666666666666666,3
2022-03-14,Crystal Palace,Man City,0,0,D,PL_2021-22,1.6,1.4,0.6,2.4,2.6,0.8,1472.0514062307611,1713.310165232358,0.3333333333333333,3
2022-03-16,Brighton,Tottenham,0,2,A,PL_2021-22,0.0,0.2,2.2,1.8,2.8,1.2,1464.6440947934998,1553.5267667336439,0.5,2
2022-03-16,Arsenal,Liverpool,0,2,A,PL_2021-22,3.0,2.0,0.8,3.0,2.6,0.2,1599.5290689030987,1674.4077459432012,0.0,3
2022-03-17,Everton,Newcastle,1,0,H,PL_2021-22,0.6,0.6,1.8,2.0,1.4,0.8,1428.3618736663905,1487.5903327492138,0.0,3
2022-03-18,Wolves,Leeds,2,3,A,PL_2021-22,1.2,1.2,1.0,0.6,0.4,3.0,1518.8286175915812,1451.012535967429,0.6666666666666666,3
2022-03-19,Aston Villa,Arsenal,0,1,A,PL_2021-22,1.8,2.0,0.6,2.4,1.8,1.2,1497.1840381843342,1588.8072765138327,0.6666666666666666,3
2022-03-20,Leicester,Brentford,2,1,H,PL_2021-22,1.4,1.2,1.2,1.4,1.2,1.0,1519.2952094344794,1448.7745224025784,1.0,1
2022-03-20,Tottenham,West Ham,3,1,H,PL_2021-22,1.8,2.6,0.8,1.6,1.2,1.0,1563.84663999299,1561.47327194374,0.0,3
2022-04-02,Man United,Leicester,1,1,D,PL_2021-22,2.0,2.0,1.6,1.8,1.2,1.0,1599.8410737720878,1524.7467138574189,0.0,3
2022-04-02,Chelsea,Brentford,1,4,A,PL_2021-22,3.0,2.2,0.2,1.2,1.4,1.4,1642.8353046458706,1443.323017979639,1.0,1
2022-04-02,Liverpool,Watford,2,0,H,PL_2021-22,3.0,2.8,0.2,0.8,1.0,2.4,1685.1295383324673,1418.5869850362144,1.0,1
2022-04-02,Leeds,Southampton,1,1,D,PL_2021-22,1.2,1.0,2.2,1.2,1.2,1.6,1465.4990737813687,1462.2506301257777,0.6666666666666666,3
2022-04-02,Burnley,Man City,0,2,A,PL_2021-22,0.8,0.4,1.8,2.0,2.2,0.8,1420.0813417826764,1709.454555030375,0.0,3
2022-04-02,Brighton,Norwich,0,0,D,PL_2021-22,0.0,0.2,2.2,0.0,0.8,2.6,1454.3242215341536,1393.8009100530955,0.0,1
2022-04-02,Wolves,Aston Villa,2,1,H,PL_2021-22,1.2,1.4,1.2,1.8,2.0,0.6,1504.3420797776414,1486.9429823096073,0.3333333333333333,3
2022-04-03,West Ham,Everton,2,1,H,PL_2021-22,1.4,1.0,1.2,0.6,0.2,1.8,1554.3374011978478,1437.1937316343153,0.6666666666666666,3
2022-04-03,Tottenham,Newcastle,5,1,H,PL_2021-22,2.4,3.2,0.8,1.8,1.2,0.8,1570.9825107388822,1478.758474781289,0.3333333333333333,3
2022-04-04,Crystal Palace,Arsenal,3,0,H,PL_2021-22,1.6,1.4,0.6,2.4,1.6,1.0,1475.907016432744,1599.0483323885596,0.0,3
2022-04-06,Burnley,Everton,3,2,H,PL_2021-22,0.2,0.2,2.2,0.6,0.4,1.8,1415.0494275517417,1432.7396576816918,0.3333333333333333,3
2022-04-08,Newcastle,Wolves,1,0,H,PL_2021-22,1.2,1.0,1.8,1.8,1.8,1.2,1473.7881092532423,1511.0860508573696,0.0,3
2022-04-09,Arsenal,Brighton,1,2,A,PL_2021-22,1.8,1.2,1.4,0.2,0.2,1.6,1588.3832549926308,1450.006903895658,0.6666666666666666,3
2022-04-09,Aston Villa,Tottenham,0,4,A,PL_2021-22,1.2,1.8,1.0,2.4,3.4,1.0,1480.199011229879,1575.9528762669288,0.3333333333333333,3
2022-04-09,Everton,Man United,1,0,H,PL_2021-22,0.6,0.8,2.2,1.6,1.8,1.8,1425.0653751499713,1595.188799630742,0.0,3
2022-04-09,Southampton,Chelsea,0,6,A,PL_2021-22,0.8,1.0,1.8,2.4,2.0,1.0,1465.1378632403698,1625.8621004269412,0.0,3
2022-04-09,Watford,Leeds,0,3,A,PL_2021-22,0.8,0.8,2.0,1.4,1.2,1.6,1416.4243896128226,1462.6118406667765,0.0,1
2022-04-10,Brentford,West Ham,2,0,H,PL_2021-22,1.8,2.0,1.2,1.8,1.2,1.2,1460.2962221985683,1558.7914751504713,1.0,1
2022-04-10,Leicester,Crystal Palace,2,1,H,PL_2021-22,2.0,1.2,0.8,2.2,2.0,0.4,1529.3989879987646,1486.572093828673,0.3333333333333333,3
2022-04-10,Norwich,Burnley,2,0,H,PL_2021-22,0.2,0.6,2.0,0.6,0.6,2.4,1398.118227691591,1422.7237100834623,0.0,1
2022-04-10,Man City,Liverpool,2,2,D,PL_2021-22,2.0,1.8,0.8,3.0,2.6,0.0,1714.4864692613098,1687.2921337558591,0.3333333333333333,3
2022-04-16,Southampton,Arsenal,1,0,H,PL_2021-22,0.2,0.6,3.0,1.2,0.8,1.4,1456.8680652796918,1572.4285329255265,0.0,3
2022-04-16,Watford,Brentford,1,2,A,PL_2021-22,0.6,0.8,2.6,2.4,2.4,0.8,1404.88780754715,1470.252912367844,0.0,1
2022-04-16,Man United,Norwich,3,2,H,PL_2021-22,1.0,1.0,1.6,0.8,1.0,1.6,1583.1974518841037,1405.9816318276396,1.0,1
2022-04-16,Tottenham,Brighton,0,1,A,PL_2021-22,2.4,3.2,1.0,0.8,0.6,1.4,1586.075083770976,1465.9616259627624,0.6666666666666666,3
2022-04-17,Newcastle,Leicester,2,1,H,PL_2021-22,1.2,0.8,1.6,2.0,1.2,1.0,1482.0027400200856,1535.5050198315641,0.3333333333333333,3
2022-04-17,West Ham,Burnley,1,1,D,PL_2021-22,1.2,1.0,1.6,0.6,0.6,2.4,1548.8347849811958,1414.8603059474137,0.6666666666666666,3
2022-04-19,Liverpool,Man United,4,0,H,PL_2021-22,2.6,1.8,0.4,1.4,1.6,2.0,1690.7978447313096,1586.5688896672516,0.6666666666666666,3
2022-04-20,Chelsea,Arsenal,2,4,A,PL_2021-22,2.4,3.0,1.0,0.6,0.4,1.6,1634.1318983876192,1561.9809658745785,0.3333333333333333,3
2022-04-20,Everton,Leicester,1,1,D,PL_2021-22,1.2,1.0,1.2,1.4,1.2,1.4,1437.0567228966097,1526.8353985555184,0.5,2
2022-04-20,Newcastle,Crystal Palace,1,0,H,PL_2021-22,1.2,0.8,1.6,1.6,1.4,0.6,1490.6723612961314,1480.4660619958734,0.3333333333333333,3
2022-04-20,Man City,Brighton,3,0,H,PL_2021-22,2.2,1.8,0.6,1.4,0.6,1.0,1710.9807582858593,1481.566458177331,0.6666666666666666,3
2022-04-21,Burnley,Southampton,2,0,H,PL_2021-22,0.8,0.8,1.8,0.8,0.8,2.2,1420.7326395847706,1467.3156323306398,0.0,3
2022-04-23,Man City,Watford,5,1,H,PL_2021-22,2.2,2.2,0.6,0.6,0.6,2.4,1713.5914027820238,1393.8942242121084,1.0,1
2022-04-23,Norwich,Newcastle,0,3,A,PL_2021-22,0.8,1.2,1.6,1.8,1.0,1.4,1402.6101940444917,1497.6026387285835,0.0,1
2022-04-23,Brentford,Tottenham,0,0,D,PL_2021-22,2.4,2.2,0.8,2.4,2.8,0.6,1481.2464957028856,1570.4702515564074,0.0,1
2022-04-23,Arsenal,Man United,3,1,H,PL_2021-22,1.2,1.2,1.6,1.4,1.4,2.0,1576.56659650682,1581.8521357542577,0.3333333333333333,3
2022-04-23,Leicester,Aston Villa,0,0,D,PL_2021-22,1.6,1.4,1.2,0.6,1.0,1.8,1527.1295070735969,1470.0768037258317,0.3333333333333333,3
2022-04-24,Liverpool,Everton,2,0,H,PL_2021-22,2.6,2.4,0.4,1.4,1.2,1.2,1695.5145986443035,1436.7626143785312,0.3333333333333333,3
2022-04-24,Chelsea,West Ham,1,0,H,PL_2021-22,1.8,2.6,1.8,1.4,1.2,1.6,1619.5462677553778,1542.962451343839,0.6666666666666666,3
2022-04-24,Burnley,Wolves,1,0,H,PL_2021-22,1.4,1.2,1.4,1.8,1.8,1.0,1429.2071752640688,1502.8714200905263,0.6666666666666666,3
2022-04-24,Brighton,Southampton,2,2,D,PL_2021-22,1.4,0.6,1.2,0.8,0.6,2.2,1478.9558136811665,1458.8410966513416,0.3333333333333333,3
2022-04-25,Crystal Palace,Leeds,0,0,D,PL_2021-22,1.4,1.2,0.6,2.0,1.8,1.4,1473.5357845634212,1474.148422732449,0.3333333333333333,3
2022-04-28,Man United,Chelsea,1,1,D,PL_2021-22,0.8,1.0,2.2,1.8,2.2,1.6,1574.5126546803513,1624.860469312849,0.0,3
2022-04-30,Wolves,Brighton,0,3,A,PL_2021-22,1.2,1.0,1.2,1.6,1.0,1.2,1493.6279756307713,1475.6300882418811,0.6666666666666666,3
2022-04-30,Watford,Burnley,1,2,A,PL_2021-22,0.6,0.8,2.6,2.0,1.4,1.0,1392.254966316666,1438.4506197238238,0.0,1
2022-04-30,Leeds,Man City,0,4,A,PL_2021-22,2.2,1.8,0.8,2.2,2.4,0.6,1476.9334652934078,1715.2306606774662,0.3333333333333333,3
2022-04-30,Aston Villa,Norwich,2,0,H,PL_2021-22,0.2,0.4,1.8,0.8,1.0,1.6,1474.3124990638175,1392.4660749959373,1.0,1
2022-04-30,Southampton,Crystal Palace,1,2,A,PL_2021-22,1.0,0.8,2.2,1.0,0.8,0.6,1462.166822090627,1470.7507420024624,0.3333333333333333,3
2022-04-30,Newcastle,Liverpool,0,1,A,PL_2021-22,2.4,1.6,1.2,2.6,2.4,0.4,1507.7467577771379,1697.7652234864759,0.0,3
2022-05-01,Everton,Chelsea,1,0,H,PL_2021-22,0.8,1.0,1.6,1.4,2.2,1.8,1434.511989536359,1626.2799238530731,0.3333333333333333,3
2022-05-01,Tottenham,Leicester,3,1,H,PL_2021-22,2.0,2.4,0.6,1.2,1.0,1.0,1570.7803173715806,1522.893811735611,0.6666666666666666,3
2022-05-01,West Ham,Arsenal,1,2,A,PL_2021-22,0.8,0.8,1.6,1.2,1.6,1.8,1537.6482497863676,1583.9060775807263,0.0,3
2022-05-02,Man United,Brentford,3,0,H,PL_2021-22,0.8,1.0,2.2,2.0,1.8,0.8,1573.0932001401272,1480.9364298877124,1.0,1
2022-05-07,Liverpool,Tottenham,1,1,D,PL_2021-22,2.6,2.2,0.4,2.0,2.4,0.6,1705.2307445010417,1576.7635086075097,0.6666666666666666,3
2022-05-07,Brighton,Man United,4,0,H,PL_2021-22,2.0,1.6,1.2,1.4,1.6,2.0,1488.9015159045653,1578.065012101552,0.0,3
2022-05-07,Crystal Palace,Watford,1,0,H,PL_2021-22,1.4,1.2,0.8,0.0,0.6,2.8,1483.3228250341328,1380.7186147604205,1.0,1
2022-05-07,Chelsea,Wolves,2,2,D,PL_2021-22,1.4,2.0,1.2,0.6,0.8,1.8,1613.6983860833952,1480.3565479680872,0.0,3
2022-05-07,Brentford,Southampton,3,0,H,PL_2021-22,2.0,1.6,1.0,0.8,0.8,2.4,1475.9646179262877,1449.5947390589565,0.0,1
2022-05-07,Burnley,Aston Villa,1,3,A,PL_2021-22,2.0,1.2,0.8,0.8,0.6,1.4,1449.9869712800694,1479.5093304467412,0.5,2
2022-05-08,Arsenal,Leeds,2,1,H,PL_2021-22,1.8,2.0,1.4,1.6,1.4,1.4,1595.440681805703,1470.7162689690301,0.6666666666666666,3
2022-05-08,Leicester,Everton,1,2,A,PL_2021-22,1.0,1.0,1.4,1.4,1.0,1.2,1516.910620499682,1447.0935273060368,0.0,3
2022-05-08,Norwich,West Ham,0,4,A,PL_2021-22,0.8,0.8,1.6,0.8,0.8,1.4,1387.2692436130137,1526.113645561391,0.0,1
2022-05-08,Man City,Newcastle,5,0,H,PL_2021-22,2.6,3.2,0.6,2.4,1.4,0.4,1721.4478570018439,1500.281236762572,1.0,3
2022-05-10,Aston Villa,Liverpool,1,2,A,PL_2021-22,1.4,1.2,1.4,2.2,2.0,0.6,1491.5104670829671,1699.4632274684373,0.3333333333333333,3
2022-05-11,Leeds,Chelsea,0,3,A,PL_2021-22,1.0,1.0,1.4,1.0,1.2,1.6,1466.4114468538558,1607.8379948704915,0.0,3
2022-05-11,Leicester,Norwich,3,0,H,PL_2021-22,0.4,0.8,1.6,0.6,0.8,2.4,1502.3782010637867,1378.382640101706,1.0,1
2022-05-11,Watford,Everton,0,0,D,PL_2021-22,0.0,0.6,2.6,2.0,1.0,0.8,1375.9680667521504,1461.625946741932,1.0,1
2022-05-11,Wolves,Man City,1,5,A,PL_2021-22,0.8,0.8,1.6,2.6,3.8,0.6,1486.216939180991,1724.1681724044317,0.0,3
2022-05-12,Tottenham,Arsenal,3,0,H,PL_2021-22,1.6,1.6,0.6,2.4,2.2,1.2,1582.5310256401142,1599.7455039208774,0.3333333333333333,3
2022-05-15,Watford,Leicester,1,5,A,PL_2021-22,0.2,0.6,2.0,1.0,1.2,1.2,1375.555501670377,1506.6972139165475,0.0,1
2022-05-15,Everton,Brentford,2,3,A,PL_2021-22,1.6,0.8,0.8,2.0,1.4,0.8,1462.0385118237054,1482.4797376193512,0.0,1
2022-05-15,Aston Villa,Crystal Palace,1,1,D,PL_2021-22,1.4,1.2,1.4,1.4,0.8,0.8,1484.5213232839997,1488.0733730424029,0.6666666666666666,3
2022-05-15,Wolves,Norwich,1,1,D,PL_2021-22,0.2,0.6,2.4,0.0,0.4,3.0,1479.9912069446034,1374.0636272489453,0.0,1
2022-05-15,Tottenham,Burnley,1,0,H,PL_2021-22,1.6,1.4,0.6,2.0,1.4,1.0,1590.1923597266752,1437.9858346438434,0.6666666666666666,3
2022-05-15,Leeds,Brighton,1,1,D,PL_2021-22,0.8,0.8,1.8,2.0,2.0,1.0,1457.5981801349099,1498.5897173538704,0.0,3
2022-05-15,West Ham,Man City,2,2,D,PL_2021-22,0.8,1.2,1.2,3.0,4.4,0.4,1535.0002490726986,1730.3939046408193,0.0,3
2022-05-16,Newcastle,Arsenal,2,0,H,PL_2021-22,1.8,1.2,1.4,2.4,2.2,1.6,1497.5609213599841,1592.0841698343163,0.0,3
2022-05-17,Southampton,Liverpool,1,2,A,PL_2021-22,0.8,0.8,1.8,2.6,2.0,0.4,1443.079619365893,1706.4523712674047,0.3333333333333333,3
2022-05-19,Everton,Crystal Palace,3,2,H,PL_2021-22,1.4,1.0,1.2,1.6,0.8,0.6,1449.787828165523,1490.7801922958631,0.3333333333333333,3
2022-05-19,Aston Villa,Burnley,1,1,D,PL_2021-22,1.6,1.4,0.8,1.8,1.2,1.0,1481.8145040305394,1434.1913943569075,0.3333333333333333,3
2022-05-19,Chelsea,Leicester,1,1,D,PL_2021-22,1.6,1.4,0.8,1.4,2.0,1.2,1616.6512615894374,1515.8032760960084,0.6666666666666666,3
2022-05-22,Liverpool,Wolves,3,1,H,PL_2021-22,2.6,1.6,0.6,0.4,0.8,2.4,1712.06856374191,1474.672808200554,1.0,3
2022-05-22,Norwich,Tottenham,0,5,A,PL_2021-22,0.2,0.2,2.6,2.2,1.6,0.4,1379.3820259929946,1593.9868000136112,0.0,1
2022-05-22,Leicester,Southampton,4,1,H,PL_2021-22,1.4,2.2,1.4,0.2,0.8,2.2,1521.016012204845,1437.4634268913876,0.3333333333333333,3
2022-05-22,Crystal Palace,Man United,1,0,H,PL_2021-22,1.6,1.2,1.0,0.8,1.0,2.4,1482.462425031409,1568.3768106522468,0.3333333333333333,3
2022-05-22,Man City,Aston Villa,3,2,H,PL_2021-22,2.6,4.2,0.8,1.6,1.6,1.0,1727.7152301168514,1477.8040551481406,1.0,3
2022-05-22,Burnley,Newcastle,1,2,A,PL_2021-22,1.4,1.0,1.2,1.8,1.2,1.2,1438.2018432393063,1507.4033008348692,0.0,3
2022-05-22,Brighton,West Ham,3,1,H,PL_2021-22,1.6,2.0,1.2,1.0,1.6,1.2,1500.2719732162998,1537.6789235966664,0.0,3
2022-05-22,Arsenal,Everton,5,1,H,PL_2021-22,1.8,1.4,1.6,2.0,1.6,1.2,1582.2417903594312,1458.105595429977,0.0,3
2022-05-22,Chelsea,Watford,2,1,H,PL_2021-22,1.2,1.4,1.0,0.2,0.6,2.6,1611.4385254806007,1366.4494394909161,1.0,1
2022-05-22,Brentford,Leeds,1,2,A,PL_2021-22,2.0,1.6,1.2,0.4,0.4,2.0,1494.7304212775337,1455.9159242724804,0.0,1
2022-08-05,Crystal Palace,Arsenal,0,2,A,PL_2022-23,2.0,1.4,1.0,1.8,1.8,1.6,1492.0572304320197,1586.5580624336471,0.25,4
2022-08-06,Tottenham,Southampton,4,1,H,PL_2022-23,2.6,2.6,0.4,0.2,1.0,2.6,1600.8028587522385,1432.3042843195403,0.5,4
2022-08-06,Everton,Chelsea,0,1,A,PL_2022-23,1.4,1.6,2.2,1.6,1.6,1.0,1453.789323355761,1613.852315754911,0.5,4
2022-08-06,Newcastle,Nott'm Forest,2,0,H,PL_2022-23,1.8,1.4,1.4,1.4046296296296297,1.4593180482069372,1.4349353321575544,1518.287439502676,1500.0,0.5,0
2022-08-06,Leeds,Wolves,2,1,H,PL_2022-23,0.8,0.8,2.2,0.4,1.0,2.8,1469.7114793177152,1472.1646943165752,0.25,4
2022-08-06,Bournemouth,Aston Villa,2,0,H,PL_2022-23,1.3726810954063604,1.4400618374558305,1.4534452296819789,1.0,1.6,1.6,1500.0,1475.4497592071664,0.5,0
2022-08-06,Fulham,Liverpool,2,2,D,PL_2022-23,0.2,0.4,2.0,2.6,1.8,0.8,1403.7663393136909,1714.576677625889,0.5,2
2022-08-07,Leicester,Brentford,2,2,D,PL_2022-23,2.0,2.8,1.0,1.4,1.4,1.4,1526.1751547766924,1480.9348662322989,1.0,2
2022-08-07,Man United,Brighton,1,2,A,PL_2022-23,0.8,1.0,1.8,2.2,2.6,0.8,1558.7820052516363,1508.4896416680322,0.75,4
2022-08-07,West Ham,Man City,0,2,A,PL_2022-23,0.8,1.6,1.6,2.6,3.8,1.0,1529.461255144934,1730.0695260578257,0.0,4
2022-08-13,Wolves,Fulham,0,0,D,PL_2022-23,0.4,1.2,2.6,0.4,0.8,2.0,1464.900798139184,1409.1847694660414,1.0,2
2022-08-13,Southampton,Leeds,2,2,D,PL_2022-23,0.0,0.8,3.0,1.4,1.2,1.6,1428.7898367487896,1476.9753754951064,0.25,4
2022-08-13,Brighton,Newcastle,0,0,D,PL_2022-23,2.6,2.6,0.6,1.8,1.2,1.4,1522.5643618883448,1525.0085718128319,0.5,4
2022-08-13,Man City,Bournemouth,4,0,H,PL_2022-23,2.6,3.4,1.0,3.0,2.0,0.0,1737.2521004011019,1506.5612163691603,0.5,0
2022-08-13,Aston Villa,Everton,2,1,H,PL_2022-23,0.4,1.0,1.8,0.8,1.2,2.2,1468.888542838006,1445.5010569273502,0.75,4
2022-08-13,Arsenal,Leicester,4,2,H,PL_2022-23,1.8,1.8,1.4,2.2,3.0,1.0,1596.7163279957592,1522.2224161250008,0.75,4
2022-08-13,Brentford,Man United,4,0,H,PL_2022-23,1.4,1.8,1.8,0.8,1.0,1.6,1484.8876048839904,1544.7072850313236,0.0,2
2022-08-14,Chelsea,Tottenham,2,2,D,PL_2022-23,2.2,1.8,0.8,2.6,2.8,0.4,1622.1405821833218,1604.3173063229892,0.75,4
2022-08-14,Nott'm Forest,West Ham,1,0,H,PL_2022-23,0.0,0.0,2.0,0.8,1.6,1.8,1493.2788676898442,1522.2786808016579,0.5,0
2022-08-15,Liverpool,Crystal Palace,1,1,D,PL_2022-23,2.2,2.0,1.2,1.4,1.0,1.2,1709.1582474735385,1481.8989648699076,1.0,4
2022-08-20,Tottenham,Wolves,1,0,H,PL_2022-23,2.6,3.0,0.6,0.4,0.8,2.2,1607.5842453892524,1460.6967243532667,0.5,4
2022-08-20,Crystal Palace,Aston Villa,3,1,H,PL_2022-23,1.0,1.0,1.4,1.0,1.2,1.6,1489.2600327002638,1475.479302348164,0.25,4
2022-08-20,Everton,Nott'm Forest,1,1,D,PL_2022-23,0.6,1.4,2.6,1.5,0.5,1.0,1438.9102974171922,1501.263297611495,0.5,0
2022-08-20,Fulham,Brentford,3,2,H,PL_2022-23,0.6,0.8,1.6,2.0,2.6,1.2,1413.3888432519586,1493.736250680401,0.5,0
2022-08-20,Leicester,Southampton,1,2,A,PL_2022-23,1.6,2.8,1.8,0.2,1.0,3.0,1516.8611376171687,1427.309455463932,0.5,4
2022-08-20,Bournemouth,Arsenal,0,3,A,PL_2022-23,1.5,1.0,2.0,1.8,2.2,1.6,1503.967207026082,1602.0776065035914,0.5,0
2022-08-21,Leeds,Chelsea,3,0,H,PL_2022-23,1.6,1.4,1.6,2.2,1.8,0.8,1478.455756779964,1618.8736431170587,0.0,4
2022-08-21,West Ham,Brighton,0,2,A,PL_2022-23,0.8,1.4,1.6,2.2,2.0,0.6,1514.294250880007,1519.8280182839753,0.0,4
2022-08-21,Newcastle,Man City,3,3,D,PL_2022-23,2.0,1.2,1.2,2.6,3.2,1.0,1527.7449154172014,1739.8461097441802,0.0,4
2022-08-22,Man United,Liverpool,2,1,H,PL_2022-23,0.6,0.8,2.2,2.2,2.0,1.2,1535.858639234913,1701.7971796431823,0.0,4
2022-08-27,Man City,Crystal Palace,4,2,H,PL_2022-23,2.2,2.8,1.4,1.4,1.4,1.4,1736.7270701305513,1496.097420993391,0.5,4
2022-08-27,Liverpool,Bournemouth,9,0,H,PL_2022-23,1.6,1.8,1.4,1.0,0.6666666666666666,2.3333333333333335,1689.9217786148415,1493.912820487389,0.5,0
2022-08-27,Brighton,Leeds,1,0,H,PL_2022-23,2.2,1.6,0.6,2.2,2.0,1.0,1532.4818970875717,1489.6138575225896,0.5,4
2022-08-27,Chelsea,Leicester,2,1,H,PL_2022-23,1.6,1.2,1.4,1.0,2.0,2.0,1607.7155423744332,1501.8891839332966,0.5,4
2022-08-27,Brentford,Everton,1,1,D,PL_2022-23,1.4,2.4,1.8,0.8,1.2,2.2,1484.3012952600616,1437.8309506296998,1.0,2
2022-08-27,Southampton,Man United,0,1,A,PL_2022-23,0.8,1.4,2.6,0.6,0.6,2.4,1442.281409147804,1547.7340402632535,0.0,4
2022-08-27,Arsenal,Fulham,2,1,H,PL_2022-23,2.4,2.8,1.0,1.2,1.2,1.4,1612.1319930422844,1422.8237986722982,0.5,2
2022-08-28,Aston Villa,West Ham,0,1,A,PL_2022-23,0.8,1.2,2.0,0.2,0.6,2.0,1468.6419140550368,1501.6403720764106,0.0,4
2022-08-28,Wolves,Newcastle,1,1,D,PL_2022-23,0.4,0.6,1.4,2.2,1.8,0.8,1456.8072500297903,1530.8639550308303,0.25,4
2022-08-28,Nott'm Forest,Tottenham,0,2,A,PL_2022-23,1.3333333333333333,0.6666666666666666,1.0,2.6,2.6,0.6,1502.3426443989874,1611.4737197127288,0.5,0
2022-08-30,Southampton,Chelsea,2,1,H,PL_2022-23,0.8,1.2,2.4,2.0,1.4,1.4,1432.4383356034268,1612.399233275293,0.0,4
2022-08-30,Leeds,Everton,1,1,D,PL_2022-23,2.0,1.8,1.0,0.4,0.8,2.0,1483.5088303339667,1441.8135197217948,0.25,4
2022-08-30,Crystal Palace,Brentford,1,1,D,PL_2022-23,1.4,1.4,1.6,1.0,2.0,1.6,1493.629858418782,1480.3187261679666,0.0,2
2022-08-30,Fulham,Brighton,2,1,H,PL_2022-23,1.0,1.2,1.6,2.6,1.6,0.4,1419.643007995969,1538.5869242761946,0.0,2
2022-08-31,Arsenal,Aston Villa,2,1,H,PL_2022-23,3.0,3.2,0.8,0.6,1.0,2.0,1615.3127837186137,1456.737010490717,0.5,4
2022-08-31,Bournemouth,Wolves,0,0,D,PL_2022-23,0.75,0.5,4.0,0.4,0.6,1.4,1490.833856828875,1456.0619267013954,0.5,0
2022-08-31,Man City,Nott'm Forest,6,0,H,PL_2022-23,2.6,3.2,1.4,1.0,0.5,1.25,1739.1946327051603,1492.605397380226,0.5,0
2022-08-31,West Ham,Tottenham,1,1,D,PL_2022-23,0.6,0.4,1.6,2.6,2.8,0.6,1513.5452756407303,1621.2109667314903,0.5,4
2022-08-31,Liverpool,Newcastle,2,1,H,PL_2022-23,1.6,3.2,1.2,1.8,1.6,1.0,1693.0007422733554,1531.6092783592253,0.5,4
2022-09-01,Leicester,Man United,0,1,A,PL_2022-23,0.8,2.0,2.2,1.2,0.8,1.6,1497.2054930324368,1557.5771138076307,0.5,4
2022-09-03,Aston Villa,Man City,1,1,D,PL_2022-23,0.6,0.8,1.8,2.6,3.8,1.0,1453.0540162913242,1741.58894068069,0.0,4
2022-09-03,Nott'm Forest,Bournemouth,2,3,A,PL_2022-23,0.8,0.4,2.2,0.8,0.4,3.2,1490.2110894046962,1487.1383311608963,0.5,0
2022-09-03,Tottenham,Fulham,2,1,H,PL_2022-23,2.2,2.0,0.8,1.6,1.6,1.4,1620.9903662013132,1430.1877180405843,0.5,2
2022-09-03,Wolves,Southampton,1,0,H,PL_2022-23,0.6,0.4,0.8,1.4,1.4,1.8,1459.757452369374,1444.700004146877,0.75,4
2022-09-03,Everton,Liverpool,0,0,D,PL_2022-23,0.6,0.8,1.2,1.6,3.0,1.2,1445.6798218299448,1696.6352829877005,0.25,4
2022-09-03,Newcastle,Crystal Palace,0,0,D,PL_2022-23,1.2,1.4,1.2,1.0,1.4,1.8,1527.9747376448802,1490.4794161287589,0.5,4
2022-09-03,Brentford,Leeds,5,2,H,PL_2022-23,1.2,2.0,1.4,1.6,1.6,1.0,1483.4691684579898,1479.6425282258167,0.0,2
2022-09-03,Chelsea,West Ham,2,1,H,PL_2022-23,1.4,1.2,1.6,0.8,0.4,1.2,1600.1375647318428,1513.7658761709074,0.75,4
2022-09-04,Brighton,Leicester,5,2,H,PL_2022-23,2.0,1.2,0.6,0.2,1.2,2.2,1528.0422142315792,1486.0698172224606,0.25,4
2022-09-04,Man United,Arsenal,3,1,H,PL_2022-23,1.8,1.0,1.4,3.0,2.6,0.8,1568.7127896176069,1618.9957779180065,0.25,4
2022-09-16,Aston Villa,Southampton,1,0,H,PL_2022-23,0.8,1.0,1.6,1.4,1.2,1.2,1458.0039076098972,1437.8956487439016,0.5,4
2022-09-16,Nott'm Forest,Fulham,2,3,A,PL_2022-23,0.8,0.8,2.4,1.4,1.4,1.4,1477.3284920724323,1427.0298716307286,0.5,0
2022-09-17,Wolves,Man City,0,3,A,PL_2022-23,1.2,0.4,0.4,2.2,3.6,1.2,1466.5618077723495,1736.639049362117,0.0,4
2022-09-17,Newcastle,Bournemouth,1,1,D,PL_2022-23,0.8,1.0,1.2,0.8,0.6,3.6,1524.2117283752757,1500.0209284931602,0.5,0
2022-09-17,Tottenham,Leicester,6,2,H,PL_2022-23,2.2,1.6,0.8,0.0,1.2,2.8,1624.148212611169,1479.9429002715658,0.75,4
2022-09-18,Brentford,Arsenal,0,3,A,PL_2022-23,1.6,2.6,1.4,2.4,2.4,1.4,1490.5666881308912,1610.4170606674757,0.5,2
2022-09-18,Everton,West Ham,1,0,H,PL_2022-23,0.8,0.8,1.0,0.8,0.6,1.2,1449.7704463164264,1508.668615150661,0.25,4
2022-10-01,Bournemouth,Brentford,0,0,D,PL_2022-23,1.0,0.8,3.0,1.0,1.8,2.0,1503.450586724079,1481.137406917456,0.5,0
2022-10-01,Southampton,Everton,1,2,A,PL_2022-23,1.2,0.8,1.0,1.4,0.8,0.6,1431.221208860531,1458.592928532552,0.5,4
2022-10-01,Fulham,Newcastle,1,4,A,PL_2022-23,1.8,2.0,1.8,0.8,1.2,1.4,1441.1047420363502,1520.782070144357,0.0,2
2022-10-01,West Ham,Wolves,2,0,H,PL_2022-23,0.8,0.6,1.2,1.0,0.4,1.0,1499.8461329345355,1461.1001746818815,0.75,4
2022-10-01,Crystal Palace,Chelsea,1,2,A,PL_2022-23,1.2,1.4,1.4,1.4,1.4,1.8,1494.2424253983634,1605.2348257520891,0.0,4
2022-10-01,Liverpool,Brighton,3,3,D,PL_2022-23,1.6,2.6,0.8,2.0,1.8,0.8,1692.544658501219,1534.169131182474,0.25,4
2022-10-01,Arsenal,Tottenham,3,1,H,PL_2022-23,2.4,2.2,1.0,2.6,2.4,0.8,1619.8463418809108,1628.0862900133795,0.5,4
2022-10-02,Man City,Man United,6,3,H,PL_2022-23,2.2,3.4,1.2,2.4,1.4,1.2,1742.100682452585,1577.2915068681377,0.5,4
2022-10-02,Leeds,Aston Villa,0,0,D,PL_2022-23,1.0,1.6,1.8,0.8,0.8,1.4,1472.5450085529153,1464.6783474932677,0.25,4
2022-10-03,Leicester,Nott'm Forest,4,0,H,PL_2022-23,0.0,1.2,3.2,0.2,1.0,3.0,1476.0048228693552,1463.2536216668107,0.5,0
2022-10-08,Man City,Southampton,4,0,H,PL_2022-23,2.6,4.0,1.2,0.6,0.6,1.2,1745.6770779488002,1419.1607249462743,0.5,4
2022-10-08,Newcastle,Brentford,5,1,H,PL_2022-23,1.2,1.4,1.0,1.2,1.4,1.4,1531.3663374616954,1484.5192915665593,0.5,2
2022-10-08,Brighton,Tottenham,0,1,A,PL_2022-23,2.0,2.4,1.4,2.0,2.4,1.4,1540.4826720970266,1620.6676160264158,0.5,4
2022-10-08,Bournemouth,Leicester,2,1,H,PL_2022-23,1.2,0.8,2.4,0.6,1.8,2.8,1500.0687020749756,1482.8689044818063,0.5,0
2022-10-08,Chelsea,Wolves,3,0,H,PL_2022-23,1.8,1.4,1.6,1.0,0.4,1.2,1614.9185445632368,1454.8940410892483,0.0,4
2022-10-09,Crystal Palace,Leeds,2,1,H,PL_2022-23,1.0,1.4,1.6,1.0,1.2,1.4,1484.5587065872157,1469.5364060082784,0.25,4
2022-10-09,West Ham,Fulham,3,1,H,PL_2022-23,1.4,1.0,0.8,1.2,1.6,2.2,1506.0522665271687,1430.5204747190119,0.5,2
2022-10-09,Arsenal,Liverpool,3,2,H,PL_2022-23,2.4,2.2,1.2,1.6,3.0,1.2,1627.2650158678746,1686.2311175866664,0.0,4
2022-10-09,Everton,Man United,1,2,A,PL_2022-23,1.8,1.0,0.6,2.4,2.0,1.6,1470.6534124468087,1573.7151113719226,0.25,4
2022-10-10,Nott'm Forest,Aston Villa,1,1,D,PL_2022-23,0.0,0.8,3.6,1.0,0.6,0.8,1456.3895400543595,1467.6869500379046,0.5,0
2022-10-14,Brentford,Brighton,2,0,H,PL_2022-23,1.0,1.4,2.2,1.4,2.0,1.6,1478.5109793645138,1529.9129664950278,0.0,2
2022-10-15,Tottenham,Everton,2,0,H,PL_2022-23,2.0,2.2,1.4,1.6,1.0,0.8,1631.2373216284145,1460.7415329445876,0.25,4
2022-10-15,Wolves,Nott'm Forest,1,0,H,PL_2022-23,0.8,0.2,1.6,0.2,1.0,3.4,1451.236039393876,1453.8905360342203,0.5,0
2022-10-15,Fulham,Bournemouth,2,2,D,PL_2022-23,1.2,1.6,2.4,1.8,1.2,0.8,1425.1826083805615,1506.8178022757158,0.5,0
2022-10-15,Leicester,Crystal Palace,0,0,D,PL_2022-23,0.6,1.8,2.8,1.0,1.2,1.6,1476.119804281066,1491.3639703408874,0.5,4
2022-10-16,Aston Villa,Chelsea,0,2,A,PL_2022-23,1.2,0.8,0.8,2.4,2.0,1.0,1470.1859540580438,1618.5765462586091,0.25,4
2022-10-16,Leeds,Arsenal,0,1,A,PL_2022-23,0.4,0.8,1.8,2.4,2.4,1.4,1462.7311422546068,1636.0894262832626,0.0,4
2022-10-16,Man United,Newcastle,0,0,D,PL_2022-23,2.4,2.0,1.6,1.6,2.2,1.0,1583.6269908741438,1537.374649663741,0.75,4
2022-10-16,Southampton,West Ham,1,1,D,PL_2022-23,0.6,0.6,1.8,1.4,1.4,1.0,1417.5795797872358,1511.390132865619,0.25,4
2022-10-16,Liverpool,Man City,1,0,H,PL_2022-23,1.6,3.2,1.4,2.6,4.0,0.8,1677.4067071712784,1747.2582231078386,0.0,4
2022-10-18,Brighton,Nott'm Forest,0,0,D,PL_2022-23,0.8,1.8,2.0,0.2,1.0,2.4,1521.3026781297817,1446.621279361969,0.5,0
2022-10-18,Crystal Palace,Wolves,2,1,H,PL_2022-23,1.2,0.8,0.8,1.2,0.4,1.6,1493.756173139926,1458.5052960661271,0.75,4
2022-10-19,Bournemouth,Southampton,0,1,A,PL_2022-23,1.8,1.6,1.2,0.2,0.4,1.8,1507.345892151865,1417.4014520278101,0.5,0
2022-10-19,Newcastle,Everton,1,0,H,PL_2022-23,1.8,2.0,0.6,1.4,0.8,1.0,1541.3519380061962,1457.2602664178664,0.75,4
2022-10-19,Liverpool,West Ham,1,0,H,PL_2022-23,1.6,1.6,1.4,1.4,1.4,1.0,1686.5411354785751,1511.5682606250448,0.75,4
2022-10-19,Brentford,Chelsea,0,0,D,PL_2022-23,1.4,1.6,2.0,2.4,2.0,0.8,1487.12126772976,1627.1926898562813,0.5,2
2022-10-19,Man United,Tottenham,2,0,H,PL_2022-23,2.0,1.8,1.6,2.4,2.4,1.2,1579.6497025316885,1634.7185881551356,0.75,4
2022-10-20,Fulham,Aston Villa,3,0,H,PL_2022-23,0.8,1.6,2.6,1.2,0.6,0.8,1424.6545185044124,1461.5698104603716,0.0,2
2022-10-20,Leicester,Leeds,2,0,H,PL_2022-23,0.8,1.8,2.6,0.4,0.8,1.8,1473.7276014820275,1454.8117365782648,0.5,4
2022-10-22,Chelsea,Man United,1,1,D,PL_2022-23,2.6,1.8,0.4,2.0,2.0,1.6,1626.0444285435397,1588.3636425720908,0.0,4
2022-10-22,Man City,Brighton,3,1,H,PL_2022-23,2.0,2.8,1.0,1.0,1.6,1.6,1738.1237948005419,1516.6597225543037,0.75,4
2022-10-22,Everton,Crystal Palace,3,0,H,PL_2022-23,1.2,0.8,1.2,1.6,1.0,0.8,1452.1129950308916,1500.048750971269,0.5,4
2022-10-22,Nott'm Forest,Liverpool,1,0,H,PL_2022-23,0.4,0.6,1.8,1.6,1.4,1.2,1451.264234937447,1689.9489204299318,0.5,0
2022-10-23,Aston Villa,Brentford,4,0,H,PL_2022-23,1.0,0.4,1.2,1.0,0.6,1.6,1453.365840073812,1488.2695290425015,0.0,2
2022-10-23,Leeds,Fulham,2,3,A,PL_2022-23,0.2,0.6,2.0,1.4,2.0,2.2,1448.1067376330864,1432.858488890972,1.0,2
2022-10-23,Southampton,Arsenal,1,1,D,PL_2022-23,0.8,0.6,1.6,2.4,2.2,1.2,1432.3819109060057,1644.0088319596045,0.25,4
2022-10-23,Wolves,Leicester,0,4,A,PL_2022-23,0.6,0.4,2.0,1.4,1.8,1.6,1452.212718234784,1480.432600427206,0.25,4
2022-10-23,Tottenham,Newcastle,1,2,A,PL_2022-23,1.8,2.0,1.4,2.2,2.2,0.6,1626.0046481147333,1546.499209393171,0.5,4
2022-10-24,West Ham,Bournemouth,2,0,H,PL_2022-23,1.4,1.2,0.8,1.2,1.0,1.0,1508.160475673688,1492.3654332736694,0.5,0
2022-10-29,Leicester,Man City,0,1,A,PL_2022-23,2.0,2.2,0.4,2.4,3.2,1.0,1492.4696969819993,1740.8400883427894,0.25,4
2022-10-29,Bournemouth,Tottenham,2,3,A,PL_2022-23,1.0,0.8,1.2,1.2,1.0,1.4,1485.5801265816885,1611.2534813618822,0.5,0
2022-10-29,Brentford,Wolves,1,1,D,PL_2022-23,1.0,0.6,1.8,0.6,0.4,2.2,1480.121530766892,1440.1756216799909,0.5,2
2022-10-29,Brighton,Chelsea,4,1,H,PL_2022-23,0.4,0.8,1.8,2.2,1.6,0.4,1513.9434290120562,1622.2768379856582,0.0,4
2022-10-29,Crystal Palace,Southampton,1,0,H,PL_2022-23,1.4,1.0,1.4,1.0,0.8,1.6,1491.5361632775061,1435.4886225903774,0.5,4
2022-10-29,Newcastle,Aston Villa,4,0,H,PL_2022-23,2.6,2.4,0.6,1.0,1.0,1.2,1561.250376146022,1461.5138383494216,0.25,4
2022-10-29,Fulham,Everton,0,0,D,PL_2022-23,1.4,2.0,2.2,1.2,1.2,1.2,1446.0590634843836,1460.6255827246546,0.5,2
2022-10-29,Liverpool,Leeds,1,2,A,PL_2022-23,1.4,1.4,1.4,0.2,0.6,1.6,1676.1565638570337,1434.9061630396748,0.75,4
2022-10-30,Man United,West Ham,1,0,H,PL_2022-23,1.6,1.6,1.6,2.0,1.6,0.6,1592.1312331299723,1514.945782365669,1.0,4
2022-10-30,Arsenal,Nott'm Forest,5,0,H,PL_2022-23,2.6,2.2,0.8,1.0,0.4,1.2,1640.9021202752328,1465.0565915103452,0.5,0
2022-11-05,Leeds,Bournemouth,4,3,H,PL_2022-23,0.6,1.0,1.8,0.8,1.2,1.8,1452.446319616082,1476.3177231202776,0.5,0
2022-11-05,Man City,Fulham,2,1,H,PL_2022-23,2.4,2.8,1.0,1.6,1.8,1.4,1746.8116059098045,1443.648481197364,1.0,2
2022-11-05,Nott'm Forest,Brentford,2,2,D,PL_2022-23,1.0,0.4,1.4,1.0,0.8,2.0,1461.6629848825332,1476.298136913758,0.5,0
2022-11-05,Wolves,Brighton,2,3,A,PL_2022-23,0.8,0.6,2.0,0.8,1.0,1.4,1443.9990155331247,1524.1832378171837,0.5,4
2022-11-05,Everton,Leicester,0,2,A,PL_2022-23,0.8,0.8,1.0,1.4,1.4,0.6,1463.0361650116743,1486.4981794149842,0.5,4
2022-11-06,Chelsea,Arsenal,0,1,A,PL_2022-23,1.6,1.4,1.0,2.6,2.6,0.8,1612.0370291805307,1644.2957269030449,0.25,4
2022-11-06,Aston Villa,Man United,3,1,H,PL_2022-23,0.8,1.0,2.0,2.2,1.2,0.4,1456.7032381172342,1597.4319313465842,0.25,4
2022-11-06,Southampton,Newcastle,1,4,A,PL_2022-23,1.0,0.6,1.4,2.6,2.4,0.4,1429.7005484873212,1566.0609763782095,0.25,4
2022-11-06,West Ham,Crystal Palace,1,2,A,PL_2022-23,1.4,1.2,0.8,2.0,1.0,1.0,1509.645084149057,1497.3242373805624,0.5,4
2022-11-06,Tottenham,Liverpool,1,2,A,PL_2022-23,1.8,1.4,1.2,1.2,1.0,1.2,1620.5158848232932,1658.6164072806264,0.0,4
2022-11-12,Newcastle,Chelsea,1,0,H,PL_2022-23,2.6,2.2,0.4,1.0,0.8,1.2,1575.0182431721373,1600.1116145676176,0.0,4
2022-11-12,West Ham,Leicester,0,2,A,PL_2022-23,0.8,0.8,1.0,2.0,1.6,0.2,1496.5203385960895,1498.666162318093,0.75,4
2022-11-12,Tottenham,Leeds,4,3,H,PL_2022-23,1.2,1.4,1.6,1.2,1.6,2.0,1608.7528885845593,1460.2895689161933,0.75,4
2022-11-12,Wolves,Arsenal,0,2,A,PL_2022-23,0.8,1.0,2.0,2.6,2.2,0.6,1433.4292892279202,1656.221141515958,0.5,4
2022-11-12,Liverpool,Southampton,3,1,H,PL_2022-23,1.8,1.0,0.8,1.0,0.8,1.4,1670.3794035193603,1420.7432816933933,0.75,4
2022-11-12,Nott'm Forest,Crystal Palace,1,0,H,PL_2022-23,1.0,0.6,1.6,2.0,1.0,1.0,1459.2542633053438,1510.44898293353,0.5,0
2022-11-12,Man City,Brentford,1,2,A,PL_2022-23,2.4,2.0,0.6,1.2,1.0,1.4,1748.5999145309759,1478.7068584909475,1.0,2
2022-11-12,Bournemouth,Everton,3,0,H,PL_2022-23,0.2,1.4,2.4,0.8,0.6,1.0,1468.4744738201664,1450.8681821085654,0.5,0
2022-11-13,Brighton,Aston Villa,1,2,A,PL_2022-23,1.4,1.6,1.6,1.2,1.4,2.0,1534.7529641223882,1467.870163704661,0.25,4
2022-11-13,Fulham,Man United,1,2,A,PL_2022-23,1.6,1.8,1.2,1.6,1.0,0.8,1441.8601725761926,1586.2650057591572,0.0,2
2022-12-26,Everton,Wolves,1,2,A,PL_2022-23,0.8,0.6,1.2,0.2,0.8,2.4,1444.129541285934,1426.82336975857,0.5,4
2022-12-26,Arsenal,West Ham,3,1,H,PL_2022-23,2.6,2.0,0.2,0.6,0.6,1.2,1662.8270609853082,1483.7760516665323,0.75,4
2022-12-26,Aston Villa,Liverpool,1,3,A,PL_2022-23,1.8,1.8,1.8,1.8,1.4,1.0,1482.335220746036,1672.7369902886014,0.25,4
2022-12-26,Crystal Palace,Fulham,0,3,A,PL_2022-23,1.8,1.0,1.2,1.4,1.6,1.2,1501.8445445065859,1433.1313325877866,0.5,2
2022-12-26,Brentford,Tottenham,2,2,D,PL_2022-23,1.2,1.0,1.6,1.2,1.8,2.2,1496.5811828554167,1612.6140214547238,0.0,2
2022-12-26,Leicester,Newcastle,0,3,A,PL_2022-23,2.4,2.0,0.2,3.0,2.4,0.4,1511.4104492476501,1582.895052846413,0.5,4
2022-12-26,Southampton,Brighton,1,3,A,PL_2022-23,0.8,0.8,1.8,1.4,1.8,1.6,1418.3856949241522,1520.2879070810134,0.25,4
2022-12-27,Chelsea,Bournemouth,2,0,H,PL_2022-23,0.4,0.4,1.4,0.6,1.6,2.0,1592.234804893342,1475.2131146427978,0.5,0
2022-12-27,Man United,Nott'm Forest,3,0,H,PL_2022-23,2.0,1.4,1.0,1.6,0.8,1.4,1594.9938457475632,1467.858701732288,0.5,0
2022-12-28,Leeds,Man City,1,3,A,PL_2022-23,1.2,2.2,2.6,1.8,1.4,1.0,1456.4284360460288,1730.7255901665067,0.25,4
2022-12-30,West Ham,Brentford,0,2,A,PL_2022-23,0.6,0.8,1.6,1.2,1.4,2.0,1480.4341228810554,1497.042317766479,0.0,2
2022-12-30,Liverpool,Leicester,2,1,H,PL_2022-23,1.8,1.8,1.2,1.8,1.6,0.8,1680.1921904956303,1500.5915480796189,0.5,4
2022-12-31,Man City,Everton,1,1,D,PL_2022-23,2.4,2.0,1.0,0.8,0.8,1.4,1736.0913144047472,1430.875903641207,1.0,4
2022-12-31,Newcastle,Leeds,0,0,D,PL_2022-23,3.0,2.8,0.4,1.2,2.4,2.8,1593.7139540144442,1451.0627118077882,0.25,4
2022-12-31,Brighton,Arsenal,2,4,A,PL_2022-23,1.8,2.4,1.8,2.6,2.4,0.4,1530.2331575611126,1666.1689897707852,0.25,4
2022-12-31,Wolves,Man United,0,1,A,PL_2022-23,0.8,1.0,2.2,2.0,1.6,1.0,1440.0770074032969,1599.2519722384645,0.25,4
2022-12-31,Bournemouth,Crystal Palace,0,2,A,PL_2022-23,0.6,1.6,2.2,1.2,0.6,1.6,1470.7566092115437,1487.337406730148,0.5,0
2022-12-31,Fulham,Southampton,2,1,H,PL_2022-23,1.4,1.6,1.2,0.2,0.8,2.4,1447.6384703642245,1408.440444444053,0.0,2
2023-01-01,Tottenham,Aston Villa,0,2,A,PL_2022-23,1.4,2.2,2.2,1.8,2.0,1.8,1612.1528865436615,1474.880020539007,0.75,4
2023-01-01,Nott'm Forest,Chelsea,1,1,D,PL_2022-23,1.4,0.8,2.0,0.8,0.8,1.4,1463.6005752413867,1596.691310324596,0.5,0
2023-01-02,Brentford,Liverpool,3,1,H,PL_2022-23,1.8,1.8,1.2,2.4,2.2,1.2,1509.3974727567168,1683.5253217071647,0.0,2
2023-01-03,Arsenal,Newcastle,0,0,D,PL_2022-23,3.0,3.0,0.6,2.6,2.4,0.2,1675.1383460689988,1587.6804010922062,0.75,4
2023-01-03,Everton,Brighton,1,4,A,PL_2022-23,0.4,0.4,1.6,1.8,2.6,2.0,1439.1067397753807,1521.263801262899,0.5,4
2023-01-03,Leicester,Fulham,0,1,A,PL_2022-23,1.2,1.0,1.2,1.4,1.4,1.0,1497.2584168680844,1453.8334707133938,0.5,2
2023-01-03,Man United,Bournemouth,3,0,H,PL_2022-23,2.4,1.6,0.8,0.6,1.6,2.2,1607.5650600591987,1458.4007094150043,0.5,0
2023-01-04,Aston Villa,Wolves,1,1,D,PL_2022-23,1.8,1.6,1.8,0.8,1.0,1.6,1490.8142049695784,1431.7639195825627,0.25,4
2023-01-04,Crystal Palace,Tottenham,0,4,A,PL_2022-23,1.8,1.0,1.0,1.4,2.0,2.2,1499.6933065266874,1596.21870211309,0.25,4
2023-01-04,Leeds,West Ham,2,2,D,PL_2022-23,1.4,2.0,2.2,0.0,0.4,2.0,1457.0962647300262,1468.0789678908177,0.25,4
2023-01-04,Southampton,Nott'm Forest,0,1,A,PL_2022-23,0.0,0.8,2.6,1.0,0.8,2.2,1402.2454440948836,1464.5501336845755,0.5,0
2023-01-05,Chelsea,Man City,0,1,A,PL_2022-23,0.8,0.8,1.4,2.0,1.6,1.0,1595.7417518814073,1727.8604782705736,0.25,4
2023-01-12,Fulham,Chelsea,2,1,H,PL_2022-23,1.8,1.6,1.0,0.8,0.6,0.8,1467.7420323506278,1586.6635786254665,0.0,2
2023-01-13,Aston Villa,Leeds,2,1,H,PL_2022-23,2.0,1.8,1.2,1.0,2.0,2.4,1486.5314449845425,1454.5887703170226,0.4,5
2023-01-14,Brentford,Bournemouth,2,0,H,PL_2022-23,2.2,2.2,1.2,0.6,1.2,2.2,1521.4992483041517,1454.5521343142786,0.0,1
2023-01-14,Nott'm Forest,Leicester,2,0,H,PL_2022-23,1.6,1.0,1.2,1.2,1.0,1.2,1475.6308547433352,1483.3498552308504,0.0,1
2023-01-14,Wolves,West Ham,1,0,H,PL_2022-23,0.8,1.0,1.6,0.2,0.8,2.2,1436.0466795675986,1470.5864623038212,0.2,5
2023-01-14,Brighton,Liverpool,3,0,H,PL_2022-23,1.8,2.6,2.0,2.4,2.2,1.4,1531.7769112945143,1671.4235461597298,0.2,5
2023-01-14,Everton,Southampton,1,2,A,PL_2022-23,0.2,0.6,2.4,0.0,0.8,2.6,1428.5936297437654,1391.1647230361239,0.6,5
2023-01-14,Man United,Man City,2,1,H,PL_2022-23,2.4,2.0,0.8,2.0,1.6,1.0,1611.4136351599243,1736.9386515265144,0.2,5
2023-01-15,Chelsea,Crystal Palace,1,0,H,PL_2022-23,0.8,0.8,1.0,1.2,0.8,1.8,1576.119510533221,1489.5933027065178,1.0,5
2023-01-15,Newcastle,Fulham,1,0,H,PL_2022-23,2.2,1.6,0.2,2.4,1.8,0.8,1592.6068535041968,1478.2861004428732,0.6666666666666666,3
2023-01-15,Tottenham,Arsenal,0,2,A,PL_2022-23,1.4,2.2,1.8,2.6,2.0,0.6,1606.3187059332597,1670.2118936570082,0.4,5
2023-01-18,Crystal Palace,Man United,1,1,D,PL_2022-23,0.6,0.4,1.8,3.0,2.2,0.4,1484.4994193514115,1622.146985270576,0.5,4
2023-01-19,Man City,Tottenham,4,2,H,PL_2022-23,1.4,1.4,1.2,1.4,2.0,1.8,1726.2053014158628,1595.2831935512077,0.25,4
2023-01-21,Leicester,Brighton,2,2,D,PL_2022-23,0.6,0.6,1.6,1.8,2.6,1.6,1475.945170805282,1542.9131057640564,0.4,5
2023-01-21,Southampton,Aston Villa,0,1,A,PL_2022-23,0.6,1.0,2.0,2.0,1.6,1.2,1404.9260912989948,1492.9064413362619,0.4,5
2023-01-21,Crystal Palace,Newcastle,0,0,D,PL_2022-23,0.8,0.6,1.8,2.2,1.0,0.0,1485.5787822431325,1597.1174406098448,0.2,5
2023-01-21,Liverpool,Chelsea,0,0,D,PL_2022-23,1.8,1.8,1.8,1.4,1.0,0.8,1660.2873516901877,1581.2133938883273,0.25,4
2023-01-21,West Ham,Everton,2,0,H,PL_2022-23,0.2,0.6,2.0,0.2,0.8,2.4,1462.4485768751658,1414.8322614808944,0.6,5
2023-01-21,Bournemouth,Nott'm Forest,1,1,D,PL_2022-23,0.6,0.6,1.8,2.0,1.0,0.8,1449.0186732789825,1483.0355391689036,1.0,1
2023-01-22,Leeds,Brentford,0,0,D,PL_2022-23,0.4,1.4,2.2,2.6,2.2,0.8,1448.2137739653033,1527.0327093394478,0.3333333333333333,3
2023-01-22,Man City,Wolves,3,0,H,PL_2022-23,2.0,2.0,1.2,1.4,0.8,1.0,1730.3908231318928,1444.184564996254,1.0,5
2023-01-22,Arsenal,Man United,3,2,H,PL_2022-23,2.6,2.2,0.6,2.6,2.0,0.4,1681.2474060390605,1621.0676223788548,0.4,5
2023-01-23,Fulham,Tottenham,0,1,A,PL_2022-23,2.4,1.6,0.6,0.8,1.6,2.0,1473.7755133372252,1591.0976718351776,0.0,3
2023-02-03,Chelsea,Fulham,0,0,D,PL_2022-23,1.0,0.6,0.8,1.8,1.0,0.8,1585.9549393678508,1464.2736724404067,0.6666666666666666,3
2023-02-04,Everton,Arsenal,1,0,H,PL_2022-23,0.2,0.8,2.2,2.6,2.4,1.0,1408.8425462594194,1686.9381364001556,0.75,4
2023-02-04,Aston Villa,Leicester,2,4,A,PL_2022-23,2.0,1.4,1.0,0.2,0.6,2.0,1503.2522567210474,1474.9972858224733,0.5,4
2023-02-04,Brentford,Southampton,3,0,H,PL_2022-23,2.2,1.8,0.6,0.6,0.8,1.6,1527.6415952416028,1394.5802759142093,0.5,2
2023-02-04,Brighton,Bournemouth,1,0,H,PL_2022-23,2.0,2.8,1.6,0.2,0.2,2.0,1543.8609907468651,1447.1420339132433,0.5,0
2023-02-04,Man United,Crystal Palace,2,1,H,PL_2022-23,2.0,1.8,1.0,1.0,0.6,1.2,1615.3768920177597,1485.9107694796085,0.2,5
2023-02-04,Wolves,Liverpool,3,0,H,PL_2022-23,1.4,0.8,1.2,1.4,1.2,1.6,1442.230805525623,1655.5458062106643,0.0,4
2023-02-04,Newcastle,West Ham,1,1,D,PL_2022-23,1.8,0.8,0.0,0.8,1.0,1.6,1596.785453373369,1468.438292096641,0.5,4
2023-02-05,Tottenham,Man City,1,0,H,PL_2022-23,1.2,1.4,1.6,2.0,2.0,1.0,1600.5995127319961,1732.3445826025238,0.6,5
2023-02-05,Nott'm Forest,Leeds,1,0,H,PL_2022-23,1.6,1.0,1.0,0.6,0.8,1.4,1484.9121785346429,1447.6048880631483,0.5,0
2023-02-08,Man United,Leeds,2,2,D,PL_2022-23,2.0,2.0,1.2,0.6,0.6,1.0,1619.590220093452,1441.363250766077,0.75,4
2023-02-11,West Ham,Chelsea,1,1,D,PL_2022-23,1.0,1.0,1.2,1.0,0.4,0.6,1474.203502265218,1580.319235955282,0.2,5
2023-02-11,Southampton,Wolves,1,2,A,PL_2022-23,0.6,0.6,1.6,1.4,1.0,1.0,1390.435363581615,1455.3813481067207,0.0,5
2023-02-11,Leicester,Tottenham,4,1,H,PL_2022-23,0.8,1.4,1.8,1.8,1.6,1.2,1488.5297437929535,1611.510675113404,0.2,5
2023-02-11,Fulham,Nott'm Forest,2,0,H,PL_2022-23,1.4,0.6,0.6,2.2,1.2,0.4,1469.9093758529755,1491.1538158317142,1.0,1
2023-02-11,Crystal Palace,Brighton,1,1,D,PL_2022-23,0.4,0.4,1.6,2.0,2.4,1.4,1481.6974414039162,1548.735340275698,0.25,4
2023-02-11,Arsenal,Brentford,1,1,D,PL_2022-23,2.0,1.8,1.0,2.6,2.0,0.2,1672.2184488007376,1531.786507574197,0.6666666666666666,3
2023-02-11,Bournemouth,Newcastle,1,1,D,PL_2022-23,0.2,0.2,1.8,1.4,0.4,0.2,1442.2676843844104,1591.0202432047918,0.0,1
2023-02-12,Leeds,Man United,0,2,A,PL_2022-23,0.6,1.0,1.4,1.6,1.8,1.6,1448.008097414333,1612.945373445196,0.0,5
2023-02-12,Man City,Aston Villa,3,1,H,PL_2022-23,1.8,1.8,1.0,2.0,1.6,1.2,1721.433420221116,1489.7197987505672,0.8,5
2023-02-13,Liverpool,Everton,2,0,H,PL_2022-23,0.8,0.6,2.0,0.8,0.8,1.8,1642.3952636295667,1423.5622338588373,0.4,5
2023-02-15,Arsenal,Man City,1,3,A,PL_2022-23,1.6,1.2,0.8,1.8,2.2,1.2,1666.2256756162265,1724.0141674391389,0.0,4
2023-02-18,Nott'm Forest,Man City,1,1,D,PL_2022-23,2.0,1.0,0.6,2.4,2.6,1.0,1483.3825408193388,1735.2231694962911,0.0,1
2023-02-18,Everton,Leeds,1,0,H,PL_2022-23,0.6,0.6,2.0,0.4,0.6,1.4,1420.8101915637922,1439.8556783695578,0.4,5
2023-02-18,Brighton,Fulham,0,1,A,PL_2022-23,2.2,2.2,0.8,1.4,0.8,0.6,1549.6812295901723,1477.6806508653508,0.0,3
2023-02-18,Chelsea,Southampton,0,1,A,PL_2022-23,1.2,0.6,0.6,0.6,0.6,1.6,1580.1432291680069,1379.4298375213614,0.4,5
2023-02-18,Aston Villa,Arsenal,2,4,A,PL_2022-23,1.4,1.4,1.8,1.4,1.4,1.4,1487.1390515325443,1655.0166735590742,0.4,5
2023-02-18,Brentford,Crystal Palace,1,1,D,PL_2022-23,2.2,1.8,0.4,0.6,0.6,1.0,1537.7792807587082,1480.751552089442,0.0,3
2023-02-18,Wolves,Bournemouth,0,1,A,PL_2022-23,2.0,1.4,1.0,0.4,0.4,1.6,1466.3868741669744,1443.6617580314398,0.0,1
2023-02-18,Newcastle,Liverpool,0,2,A,PL_2022-23,1.4,0.6,0.4,0.8,0.6,1.8,1589.6261695577623,1645.1473059246118,0.0,5
2023-02-19,Tottenham,West Ham,2,0,H,PL_2022-23,1.2,1.0,2.0,1.2,1.2,1.0,1600.8501936802104,1474.3795090524932,0.2,5
2023-02-19,Man United,Leicester,3,0,H,PL_2022-23,1.6,1.8,1.4,1.4,2.0,1.6,1621.0977924899712,1499.190225226147,0.2,5
2023-02-24,Fulham,Wolves,1,1,D,PL_2022-23,1.4,0.6,0.4,1.8,1.2,1.0,1492.2628632829314,1452.9944932935957,0.0,3
2023-02-25,Everton,Aston Villa,0,2,A,PL_2022-23,1.2,0.6,1.2,1.2,1.6,2.4,1428.5214049381168,1479.0682440011813,0.0,5
2023-02-25,Leeds,Southampton,1,0,H,PL_2022-23,0.4,0.4,1.2,1.2,0.8,1.4,1432.1444649952332,1396.4207593942874,0.4,5
2023-02-25,Leicester,Arsenal,0,1,A,PL_2022-23,1.4,2.0,2.0,1.4,1.8,1.8,1494.8303717084475,1663.0874810904372,0.2,5
2023-02-25,West Ham,Nott'm Forest,4,0,H,PL_2022-23,1.0,0.8,1.0,1.6,1.0,0.8,1470.1085490426133,1487.4943571955987,0.0,1
2023-02-25,Bournemouth,Man City,1,4,A,PL_2022-23,1.0,0.6,1.0,2.0,2.0,0.8,1457.0541389048185,1731.1113531200313,0.0,1
2023-02-25,Crystal Palace,Liverpool,0,0,D,PL_2022-23,0.8,0.8,1.0,1.4,0.8,1.2,1484.9866575463811,1656.4205622170716,0.0,5
2023-02-26,Tottenham,Chelsea,2,0,H,PL_2022-23,1.8,1.4,1.6,1.2,0.4,0.4,1605.1211536900903,1563.1523072950808,0.0,5
2023-03-01,Arsenal,Everton,4,0,H,PL_2022-23,1.4,1.4,1.4,1.2,0.4,1.2,1671.1477748300235,1417.1075638188981,0.2,5
2023-03-01,Liverpool,Wolves,2,0,H,PL_2022-23,1.6,0.8,0.6,1.4,1.2,1.2,1654.3930188973077,1456.801224344621,0.8,5
2023-03-04,Wolves,Tottenham,1,0,H,PL_2022-23,1.4,1.2,1.0,2.4,1.4,0.8,1453.7459211393289,1611.2481575061954,0.2,5
2023-03-04,Chelsea,Leeds,1,0,H,PL_2022-23,0.6,0.2,0.8,0.8,0.6,1.2,1557.0253034789757,1438.4253102223051,0.6,5
2023-03-04,Aston Villa,Crystal Palace,1,0,H,PL_2022-23,1.2,1.6,2.2,0.8,0.6,0.8,1490.4820851204,1487.014200866145,0.4,5
2023-03-04,Brighton,West Ham,4,0,H,PL_2022-23,1.6,1.4,0.8,1.6,1.6,0.8,1535.0990171725916,1477.7745452277497,0.4,5
2023-03-04,Arsenal,Bournemouth,3,2,H,PL_2022-23,2.0,2.2,1.2,1.0,0.8,1.4,1673.4531463374285,1451.682990079127,1.0,1
2023-03-04,Man City,Newcastle,2,0,H,PL_2022-23,2.0,2.2,1.0,1.2,0.6,0.8,1736.4825019457228,1578.3529132653025,0.8,5
2023-03-04,Southampton,Leicester,1,0,H,PL_2022-23,0.6,0.4,1.4,1.4,2.0,1.8,1390.1399141672155,1486.7700779688612,0.2,5
2023-03-05,Nott'm Forest,Everton,2,2,D,PL_2022-23,1.0,0.6,1.6,1.2,0.4,1.6,1479.8283610104622,1414.8021923114932,0.0,1
2023-03-05,Liverpool,Man United,7,0,H,PL_2022-23,2.0,1.2,0.6,2.0,2.2,1.2,1657.4483221025998,1625.4576460076707,0.6,5
2023-03-06,Brentford,Fulham,3,2,H,PL_2022-23,1.8,1.4,0.4,1.6,0.8,0.4,1533.544175301769,1488.4561322319062,0.0,1
2023-03-11,Tottenham,Nott'm Forest,3,1,H,PL_2022-23,1.8,1.2,1.0,1.0,0.8,1.8,1599.6080579311908,1475.4061902225255,1.0,1
2023-03-11,Leicester,Chelsea,1,3,A,PL_2022-23,1.2,1.6,1.6,1.0,0.4,0.8,1476.867066609967,1561.4504208901392,0.2,5
2023-03-11,Crystal Palace,Man City,0,1,A,PL_2022-23,0.6,0.6,1.0,2.6,2.6,0.8,1479.9072224228348,1740.1732199972812,0.2,5
2023-03-11,Everton,Brentford,1,0,H,PL_2022-23,0.8,0.6,2.0,1.8,1.6,0.8,1419.2243630994299,1539.5951346210145,0.0,3
2023-03-11,Leeds,Brighton,2,2,D,PL_2022-23,0.8,0.6,1.2,1.6,1.6,0.8,1434.0001928111417,1540.8569052100356,0.0,5
2023-03-11,Bournemouth,Liverpool,1,0,H,PL_2022-23,0.8,1.0,1.8,2.6,2.6,0.0,1448.9708298778105,1663.8221184724928,0.0,1
2023-03-12,Fulham,Arsenal,0,3,A,PL_2022-23,1.6,1.2,0.8,2.4,2.6,1.4,1482.4051729126606,1676.165306538745,0.0,3
2023-03-12,Man United,Southampton,0,0,D,PL_2022-23,2.0,1.8,2.0,1.2,0.6,1.2,1619.0838496377778,1400.0429255261097,0.6,5
2023-03-12,West Ham,Aston Villa,1,1,D,PL_2022-23,1.0,1.2,1.6,1.2,1.6,2.2,1472.0166571903058,1497.5890635637102,1.0,5
2023-03-12,Newcastle,Wolves,2,1,H,PL_2022-23,0.6,0.4,1.2,1.4,0.8,1.0,1574.662195213744,1465.3860207143334,0.2,5
2023-03-15,Brighton,Crystal Palace,1,0,H,PL_2022-23,1.6,1.6,0.8,0.6,0.4,0.8,1540.6595787805336,1474.2185124837652,0.0,5
2023-03-15,Southampton,Brentford,0,2,A,PL_2022-23,1.4,0.6,0.6,1.6,1.6,1.0,1407.2937222794214,1529.0094876221851,0.3333333333333333,3
2023-03-17,Nott'm Forest,Newcastle,1,2,A,PL_2022-23,0.4,0.8,2.4,1.0,0.8,1.4,1471.091197596041,1579.2750322919833,0.0,1
2023-03-18,Aston Villa,Bournemouth,3,0,H,PL_2022-23,1.4,1.4,1.6,1.4,1.2,1.6,1499.6990838498236,1462.1611456771602,0.0,1
2023-03-18,Wolves,Leeds,2,4,A,PL_2022-23,0.8,0.6,1.2,0.8,0.6,1.2,1460.7731836360942,1434.1975192406437,0.4,5
2023-03-18,Southampton,Tottenham,3,3,D,PL_2022-23,1.4,0.4,0.6,1.8,1.6,1.2,1397.9179395996418,1603.9230505576754,0.2,5
2023-03-18,Brentford,Leicester,1,1,D,PL_2022-23,1.6,1.4,1.0,0.6,1.0,1.8,1538.3852703019647,1466.4236308709628,0.0,3
2023-03-18,Chelsea,Everton,2,2,D,PL_2022-23,1.4,1.0,1.0,1.4,0.8,1.6,1571.8938566291433,1429.8100100982592,0.4,5
2023-03-19,Arsenal,Crystal Palace,4,1,H,PL_2022-23,3.0,3.0,0.8,0.4,0.2,0.8,1683.5303296908864,1468.67338440091,0.4,5
2023-04-01,Man City,Liverpool,4,1,H,PL_2022-23,2.6,2.2,0.6,2.0,2.2,0.2,1745.8619299363509,1650.631802673143,0.2,5
2023-04-01,Arsenal,Leeds,4,1,H,PL_2022-23,3.0,3.0,0.6,1.4,1.4,1.2,1686.3371457144435,1447.687602146452,0.8,5
2023-04-01,Bournemouth,Fulham,2,1,H,PL_2022-23,1.2,1.0,2.0,1.4,1.2,1.4,1455.925207813803,1475.0401497605192,0.0,1
2023-04-01,Brighton,Brentford,3,3,D,PL_2022-23,1.6,1.6,0.8,1.6,1.4,1.0,1546.2047068633888,1533.8039433699144,0.6666666666666666,3
2023-04-01,Crystal Palace,Leicester,2,1,H,PL_2022-23,0.2,0.2,1.4,0.2,0.4,1.8,1465.866568377353,1471.0049578030132,0.0,5
2023-04-01,Nott'm Forest,Wolves,1,1,D,PL_2022-23,0.4,1.0,2.4,0.8,1.0,1.8,1461.3267037390228,1447.283100730286,0.0,1
2023-04-01,Chelsea,Aston Villa,0,2,A,PL_2022-23,1.4,1.2,1.2,2.0,1.8,1.0,1565.8706998179098,1505.935021713181,0.6,5
2023-04-02,West Ham,Southampton,1,0,H,PL_2022-23,1.0,1.2,1.6,1.0,0.8,1.2,1469.9066369041923,1400.8777340834504,0.2,5
2023-04-02,Newcastle,Man United,2,0,H,PL_2022-23,1.4,1.0,1.4,1.6,1.4,1.8,1589.0395261490014,1611.833052884466,0.0,5
2023-04-03,Everton,Tottenham,1,1,D,PL_2022-23,1.0,1.0,2.0,2.0,2.0,1.0,1435.8331669094928,1600.963256073867,0.2,5
2023-04-04,Leicester,Aston Villa,1,2,A,PL_2022-23,0.2,0.6,1.6,2.6,1.8,0.2,1463.6694118070936,1520.238568397773,0.4,5
2023-04-04,Chelsea,Liverpool,0,0,D,PL_2022-23,1.4,1.2,1.4,1.4,2.0,1.0,1551.5671531333178,1645.7257900245363,0.2,5
2023-04-04,Leeds,Nott'm Forest,2,1,H,PL_2022-23,1.4,1.6,1.8,0.4,1.0,2.4,1445.1952774310942,1458.1572843473575,0.0,1
2023-04-04,Bournemouth,Brighton,0,2,A,PL_2022-23,1.2,1.2,2.2,1.6,2.0,1.2,1463.638315631763,1543.0778858625654,0.0,1
2023-04-05,Man United,Brentford,1,0,H,PL_2022-23,1.4,1.0,1.8,1.6,1.8,1.4,1604.019364403158,1536.9307643707377,0.6666666666666666,3
2023-04-05,West Ham,Newcastle,1,5,A,PL_2022-23,1.4,1.2,1.4,1.8,1.2,1.2,1475.3922615995657,1596.8532146303094,0.2,5
2023-04-08,Leicester,Bournemouth,0,1,A,PL_2022-23,0.2,0.8,1.8,1.2,1.0,1.8,1452.425842252751,1453.047228726947,0.0,1
2023-04-08,Southampton,Man City,1,4,A,PL_2022-23,1.0,0.8,1.2,2.6,2.4,0.6,1395.392109388077,1750.7679425849576,0.0,5
2023-04-08,Wolves,Chelsea,1,0,H,PL_2022-23,0.8,1.0,1.8,1.6,1.2,1.0,1450.4525201219512,1551.3990410278925,0.2,5
2023-04-08,Tottenham,Brighton,2,1,H,PL_2022-23,1.6,1.8,1.2,2.2,2.4,1.0,1599.1103154995915,1553.6689727673813,0.6,5
2023-04-08,Aston Villa,Nott'm Forest,2,0,H,PL_2022-23,2.6,1.8,0.4,0.4,1.2,2.0,1531.4821379521156,1450.6113159642578,0.0,1
2023-04-08,Man United,Everton,2,0,H,PL_2022-23,1.4,0.8,1.8,1.2,1.2,1.8,1609.5495661575862,1437.6861074837682,0.4,5
2023-04-08,Fulham,West Ham,0,1,A,PL_2022-23,0.8,1.0,1.8,1.4,1.4,2.0,1467.3270419425592,1466.009173075813,0.0,3
2023-04-08,Brentford,Newcastle,1,2,A,PL_2022-23,1.0,1.2,1.2,2.4,2.2,1.0,1531.4005626163096,1606.2363031540622,0.0,3
2023-04-09,Leeds,Crystal Palace,1,5,A,PL_2022-23,1.4,1.8,2.0,0.6,0.6,1.6,1452.741245814194,1473.2021143732725,0.4,5
2023-04-09,Liverpool,Arsenal,2,2,D,PL_2022-23,1.4,2.0,1.0,3.0,3.6,0.8,1645.8939021299616,1688.8294704298014,0.8,5
2023-04-15,Man City,Leicester,3,1,H,PL_2022-23,3.0,3.0,0.6,0.2,0.8,1.8,1754.5066080155823,1439.6410319593872,0.8,5
2023-04-15,Wolves,Brentford,2,0,H,PL_2022-23,1.4,1.2,1.4,1.0,1.4,1.4,1460.4797631161564,1520.6775408645226,0.3333333333333333,3
2023-04-15,Tottenham,Bournemouth,2,3,A,PL_2022-23,1.6,1.8,1.4,1.8,0.8,1.2,1605.1526952989723,1465.8320390203107,1.0,1
2023-04-15,Southampton,Crystal Palace,0,2,A,PL_2022-23,0.4,0.8,2.0,1.2,1.6,1.6,1391.6534439574523,1485.4522612994049,0.2,5
2023-04-15,Everton,Fulham,1,3,A,PL_2022-23,1.2,1.2,1.4,0.2,0.8,2.0,1434.2274200137851,1454.490824478262,0.3333333333333333,3
2023-04-15,Aston Villa,Newcastle,3,0,H,PL_2022-23,2.6,2.0,0.4,3.0,2.6,0.8,1536.7006003417093,1616.959324905849,0.4,5
2023-04-15,Chelsea,Brighton,1,2,A,PL_2022-23,1.0,1.0,1.2,1.6,1.8,1.4,1541.3717980336874,1547.6265929680005,0.2,5
2023-04-16,West Ham,Arsenal,2,2,D,PL_2022-23,1.4,0.8,2.0,2.6,3.2,1.2,1478.84539054011,1690.4573054038324,0.0,5
2023-04-16,Nott'm Forest,Man United,0,2,A,PL_2022-23,0.2,0.8,2.0,1.4,0.6,1.8,1445.392853574664,1613.0082536275693,0.0,1
2023-04-17,Leeds,Liverpool,1,6,A,PL_2022-23,1.4,2.0,2.8,1.0,2.0,1.4,1440.4910988880615,1644.2660671559306,0.2,5
2023-04-21,Arsenal,Southampton,3,3,D,PL_2022-23,2.2,3.0,1.2,0.2,0.8,2.4,1687.3509839508104,1381.4749785237593,0.4,5
2023-04-22,Liverpool,Nott'm Forest,3,2,H,PL_2022-23,1.0,1.8,1.6,0.2,0.6,1.8,1651.3649488354822,1437.3147785276374,0.0,1
2023-04-22,Leicester,Wolves,2,1,H,PL_2022-23,0.2,0.8,1.8,1.4,1.4,1.4,1437.9594287703953,1469.3391485171785,0.6,5
2023-04-22,Crystal Palace,Everton,0,0,D,PL_2022-23,1.8,2.0,1.4,1.0,1.0,1.6,1495.6307267330978,1421.9718780681008,0.2,5
2023-04-22,Brentford,Aston Villa,1,1,D,PL_2022-23,0.4,1.0,1.8,3.0,2.4,0.2,1511.8181554635005,1546.133011450281,0.3333333333333333,3
2023-04-22,Fulham,Leeds,2,1,H,PL_2022-23,0.6,1.2,2.0,1.2,1.8,3.6,1466.7463664239465,1433.39221720851,0.3333333333333333,3
2023-04-23,Bournemouth,West Ham,0,4,A,PL_2022-23,1.8,1.2,1.6,1.6,1.2,1.6,1481.8042745613036,1481.951711993132,0.0,1
2023-04-23,Newcastle,Tottenham,6,1,H,PL_2022-23,2.4,2.2,1.2,1.6,2.2,1.8,1607.5269137972773,1589.1804597579794,0.2,5
2023-04-25,Wolves,Crystal Palace,2,0,H,PL_2022-23,1.4,1.4,1.4,2.0,2.0,1.2,1461.2889123464875,1491.0108895110088,0.2,5
2023-04-25,Aston Villa,Fulham,1,0,H,PL_2022-23,2.6,2.0,0.4,1.2,1.2,1.6,1548.0013746987086,1473.0861278117993,0.6666666666666666,3
2023-04-25,Leeds,Leicester,1,1,D,PL_2022-23,0.6,1.2,3.6,0.6,1.0,1.8,1427.052455820657,1446.0096649410864,0.2,5
2023-04-26,West Ham,Liverpool,1,2,A,PL_2022-23,2.0,1.8,1.4,1.6,2.4,1.8,1494.7491009405796,1654.1829895299331,0.2,5
2023-04-26,Man City,Arsenal,4,1,H,PL_2022-23,3.0,2.8,0.6,1.8,3.0,1.8,1756.1882112045741,1679.1140249364146,1.0,5
2023-04-26,Chelsea,Brentford,0,2,A,PL_2022-23,0.4,0.6,1.4,0.4,1.0,1.8,1528.7372210358424,1509.9497922150729,0.3333333333333333,3
2023-04-26,Nott'm Forest,Brighton,3,1,H,PL_2022-23,0.2,0.8,2.0,2.0,1.8,1.2,1434.4967378331864,1560.2611699658455,0.0,1
2023-04-27,Everton,Newcastle,1,4,A,PL_2022-23,0.6,0.8,1.6,2.4,3.0,1.2,1426.5917152901898,1614.2465302303042,0.2,5
2023-04-27,Southampton,Bournemouth,0,1,A,PL_2022-23,0.4,1.4,2.6,1.8,1.2,1.8,1389.711937538155,1469.006885613856,1.0,1
2023-04-27,Tottenham,Man United,2,2,D,PL_2022-23,1.0,1.8,2.8,2.0,1.0,0.4,1582.4608433249525,1621.086328674596,0.2,5
2023-04-29,Crystal Palace,West Ham,4,3,H,PL_2022-23,2.0,1.8,0.8,1.4,1.8,1.8,1483.00651012582,1486.4432525614848,0.2,5
2023-04-29,Brentford,Nott'm Forest,2,1,H,PL_2022-23,0.8,0.8,1.2,0.6,1.2,2.0,1523.2414975315348,1445.2369414764487,0.0,1
2023-04-29,Brighton,Wolves,6,0,H,PL_2022-23,1.4,1.8,1.8,2.0,1.4,0.6,1549.5209663225833,1469.2932917316764,0.4,5
2023-04-30,Bournemouth,Leeds,4,1,H,PL_2022-23,1.8,1.0,1.6,0.8,1.2,3.0,1479.602120433298,1424.7612616018357,0.0,1
2023-04-30,Fulham,Man City,1,2,A,PL_2022-23,1.2,1.2,1.2,3.0,3.2,0.8,1467.7343614896913,1761.4914050353461,0.0,3
2023-04-30,Man United,Aston Villa,1,0,H,PL_2022-23,2.0,1.4,0.8,2.6,1.8,0.4,1622.8346810083149,1553.3531410208166,0.4,5
2023-04-30,Newcastle,Southampton,3,1,H,PL_2022-23,2.4,3.4,1.4,0.2,0.8,2.2,1621.775821504166,1379.116702718713,0.6,5
2023-04-30,Liverpool,Tottenham,4,3,H,PL_2022-23,2.2,2.6,1.2,1.0,1.6,2.6,1662.488837909028,1580.7124909912336,0.6,5
2023-05-01,Leicester,Everton,2,2,D,PL_2022-23,0.8,1.0,1.6,0.4,0.6,2.0,1448.3008591599078,1419.062424016328,0.2,5
2023-05-02,Arsenal,Chelsea,3,1,H,PL_2022-23,1.2,2.4,2.4,0.2,0.2,1.4,1673.8108311056426,1515.4455157193804,0.8,5
2023-05-03,Man City,West Ham,3,0,H,PL_2022-23,3.0,3.4,1.0,1.4,2.2,1.6,1766.428882280417,1479.1531471850674,0.6,5
2023-05-03,Liverpool,Fulham,1,0,H,PL_2022-23,2.6,3.4,1.8,1.2,1.2,1.2,1667.6872210982683,1462.7968842446205,0.0,3
2023-05-04,Brighton,Man United,1,0,H,PL_2022-23,1.8,2.4,1.2,2.6,1.6,0.4,1554.7537203652869,1628.3099389027016,0.4,5
2023-05-06,Bournemouth,Chelsea,1,3,A,PL_2022-23,2.4,1.8,1.4,0.2,0.4,1.6,1485.418805963716,1511.7588798676823,0.0,1
2023-05-06,Man City,Leeds,2,1,H,PL_2022-23,3.0,3.2,0.8,0.2,1.0,3.6,1768.371815470544,1418.9445760714177,0.6,5
2023-05-06,Tottenham,Crystal Palace,1,0,H,PL_2022-23,0.8,2.0,3.2,2.0,2.2,1.2,1575.5141078019933,1490.2966155022373,0.6,5
2023-05-06,Wolves,Aston Villa,1,0,H,PL_2022-23,1.8,1.2,1.6,2.0,1.4,0.4,1464.0605376889728,1547.8778831264299,0.4,5
2023-05-06,Liverpool,Brentford,1,0,H,PL_2022-23,3.0,3.2,1.4,1.4,1.2,1.2,1670.6353484401675,1528.5238467005088,0.3333333333333333,3
2023-05-07,Newcastle,Arsenal,0,2,A,PL_2022-23,2.4,3.0,1.4,1.2,2.2,2.4,1624.2182242806782,1677.4974669573407,0.2,5
2023-05-07,West Ham,Man United,1,0,H,PL_2022-23,0.8,2.0,2.2,2.0,1.4,0.6,1477.2102139949402,1619.0695858200731,0.0,5
2023-05-08,Fulham,Leicester,5,3,H,PL_2022-23,1.2,1.2,1.2,1.0,1.2,1.6,1459.8487569027213,1444.7436517694136,0.6666666666666666,3
2023-05-08,Brighton,Everton,1,5,A,PL_2022-23,1.8,2.2,1.2,0.4,0.8,2.2,1563.9940734479153,1422.619631406822,0.4,5
2023-05-08,Nott'm Forest,Southampton,4,3,H,PL_2022-23,0.6,1.2,2.0,0.2,1.0,2.6,1439.9545923074747,1376.6742999422008,1.0,1
2023-05-13,Man United,Wolves,2,0,H,PL_2022-23,1.4,1.0,0.8,1.8,1.2,1.6,1607.8705721361266,1473.5950999830663,0.8,5
2023-05-13,Crystal Palace,Bournemouth,2,0,H,PL_2022-23,1.4,1.2,1.2,1.8,1.8,2.0,1485.1740781151327,1473.3299070165165,1.0,1
2023-05-13,Southampton,Fulham,0,2,A,PL_2022-23,0.2,1.4,2.6,1.2,1.6,1.6,1371.0559574406798,1466.6518807610823,0.3333333333333333,3
2023-05-13,Aston Villa,Tottenham,2,1,H,PL_2022-23,1.4,1.0,0.6,0.8,1.8,3.0,1538.3433208323363,1580.6366451890979,0.4,5
2023-05-13,Leeds,Newcastle,2,2,D,PL_2022-23,0.2,1.0,3.0,1.8,2.6,1.6,1417.5451251690429,1612.8815401909744,0.4,5
2023-05-13,Chelsea,Nott'm Forest,2,2,D,PL_2022-23,0.6,1.0,1.8,1.2,2.0,2.2,1523.8477788148818,1445.5729348089958,0.0,1
2023-05-14,Brentford,West Ham,2,0,H,PL_2022-23,1.4,1.0,1.0,1.2,1.8,1.8,1524.547510699043,1488.4092276788867,1.0,3
2023-05-14,Everton,Man City,0,3,A,PL_2022-23,1.0,1.8,2.0,3.0,2.8,0.8,1438.6297613499721,1769.771266372919,0.0,5
2023-05-14,Arsenal,Brighton,0,3,A,PL_2022-23,1.6,2.2,2.0,1.8,2.2,1.8,1688.8341510470445,1547.9839435047652,0.6,5
2023-05-15,Leicester,Liverpool,0,3,A,PL_2022-23,1.0,1.8,2.4,3.0,2.2,1.2,1437.9405279110526,1674.6116844416333,0.4,5
2023-05-18,Newcastle,Brighton,4,1,H,PL_2022-23,2.0,3.0,1.4,1.8,2.4,1.6,1610.2043950357177,1563.9844263075777,0.2,5
2023-05-20,Liverpool,Aston Villa,1,1,D,PL_2022-23,3.0,2.2,0.8,1.4,0.8,0.8,1680.8690556979923,1546.6974958567716,0.8,5
2023-05-20,Nott'm Forest,Arsenal,1,0,H,PL_2022-23,1.4,2.4,2.2,1.4,1.8,2.2,1450.2966315063234,1672.833668244232,0.0,1
2023-05-20,Wolves,Everton,1,1,D,PL_2022-23,1.2,0.8,2.0,1.0,1.6,2.0,1469.4731065402452,1434.4484179537735,0.6,5
2023-05-20,Tottenham,Brentford,1,3,A,PL_2022-23,0.8,1.6,2.8,2.0,1.4,0.6,1572.2824701646625,1530.8180785110897,0.3333333333333333,3
2023-05-20,Fulham,Crystal Palace,2,2,D,PL_2022-23,1.2,1.6,1.4,1.4,1.2,1.2,1476.778633488675,1492.0617180839938,0.3333333333333333,3
2023-05-20,Bournemouth,Man United,0,1,A,PL_2022-23,1.2,1.2,2.0,1.4,1.0,0.8,1466.4422670476554,1611.9925655789477,0.0,1
2023-05-21,West Ham,Leeds,3,1,H,PL_2022-23,0.6,1.0,2.2,0.4,1.2,2.2,1482.13865986684,1420.2222703242996,0.6,5
2023-05-21,Brighton,Southampton,3,1,H,PL_2022-23,1.8,2.4,1.8,0.2,1.4,2.6,1557.9609302586887,1360.929204713087,0.4,5
2023-05-21,Man City,Chelsea,1,0,H,PL_2022-23,3.0,2.8,0.6,0.8,1.4,2.0,1773.9526097691175,1519.1240821175543,0.8,5
2023-05-22,Newcastle,Leicester,0,0,D,PL_2022-23,2.0,2.6,1.4,1.0,1.6,2.4,1616.2278910846067,1431.6831566546937,0.6,5
2023-05-24,Brighton,Man City,1,1,D,PL_2022-23,1.8,1.8,2.0,3.0,2.2,0.4,1561.024588367601,1776.2487417342315,0.2,5
2023-05-25,Man United,Chelsea,4,1,H,PL_2022-23,1.8,0.8,0.4,0.8,1.2,1.8,1620.688982861096,1516.8279501524403,0.0,5
2023-05-28,Leeds,Tottenham,1,4,A,PL_2022-23,0.4,1.2,2.4,0.8,1.6,2.2,1414.5721538360121,1558.4218223699886,0.2,5
2023-05-28,Man United,Fulham,2,1,H,PL_2022-23,1.8,1.4,0.6,1.4,2.0,1.6,1625.4133748432541,1474.3874867804536,0.6666666666666666,3
2023-05-28,Leicester,West Ham,2,1,H,PL_2022-23,0.6,1.2,2.2,1.2,1.4,2.0,1438.4283303280251,1487.7887763551275,0.2,5
2023-05-28,Everton,Bournemouth,1,0,H,PL_2022-23,1.0,1.8,2.2,1.2,1.2,1.4,1438.1502233690449,1457.745849765507,0.0,1
2023-05-28,Southampton,Liverpool,4,4,D,PL_2022-23,0.0,1.0,2.6,2.6,2.0,0.8,1357.8655466041748,1674.993006958853,0.2,5
2023-05-28,Chelsea,Newcastle,1,1,D,PL_2022-23,0.8,1.4,2.2,1.6,1.8,1.2,1512.1035581702822,1609.4827174112752,0.8,5
2023-05-28,Arsenal,Wolves,5,0,H,PL_2022-23,1.2,1.2,1.8,1.4,0.8,1.8,1659.446078627558,1465.771301124974,0.6,5
2023-05-28,Brentford,Man City,1,0,H,PL_2022-23,2.4,1.8,0.6,2.6,2.0,0.4,1544.6787263057636,1773.0487896332702,0.3333333333333333,3
2023-05-28,Aston Villa,Brighton,2,1,H,PL_2022-23,1.4,0.8,0.8,1.4,1.8,2.2,1552.573544595911,1564.2245404685623,0.6,5
2023-05-28,Crystal Palace,Nott'm Forest,1,1,D,PL_2022-23,1.4,1.6,1.6,2.0,2.2,1.6,1494.4528647922152,1463.6842211229973,0.0,1
2023-08-11,Burnley,Man City,0,3,A,PL_2023-24,0.8,1.0,1.6,2.0,1.4,0.6,1427.3177045714995,1759.5134327338417,0.0,4
2023-08-12,Arsenal,Nott'm Forest,2,1,H,PL_2023-24,1.8,2.0,1.0,1.6,1.8,1.6,1662.5602071706394,1467.2798379583867,0.5,2
2023-08-12,Bournemouth,West Ham,1,1,D,PL_2023-24,0.6,1.0,1.6,1.2,1.0,1.6,1450.0196261598614,1479.2360657494,0.0,2
2023-08-12,Brighton,Luton,4,1,H,PL_2023-24,1.4,1.8,1.6,1.4046296296296297,1.4593180482069372,1.4349353321575544,1556.7140006018321,1500.0,0.5,0
2023-08-12,Everton,Fulham,0,1,A,PL_2023-24,1.6,1.8,1.4,1.4,2.0,1.6,1445.8764469746905,1470.572106865486,0.25,4
2023-08-12,Sheffield United,Crystal Palace,0,1,A,PL_2023-24,1.2,0.4,1.4,1.6,1.8,1.4,1373.4896400134414,1490.8572479568259,0.0,2
2023-08-12,Newcastle,Aston Villa,5,1,H,PL_2023-24,1.2,1.4,1.2,1.4,1.0,1.0,1609.5581498412967,1560.0840844626412,0.3333333333333333,6
2023-08-13,Brentford,Tottenham,2,2,D,PL_2023-24,2.4,1.6,0.6,1.2,2.0,2.0,1558.214083205192,1567.1663862668047,0.25,4
2023-08-13,Chelsea,Liverpool,1,1,D,PL_2023-24,1.0,1.4,1.8,2.2,2.0,1.0,1512.0281257402607,1669.4474039637319,0.16666666666666666,6
2023-08-14,Man United,Wolves,1,0,H,PL_2023-24,2.4,1.8,0.6,0.8,0.4,2.8,1629.2287547582218,1462.6571725818926,0.8333333333333334,6
2023-08-18,Nott'm Forest,Sheffield United,2,1,H,PL_2023-24,1.6,1.8,1.6,1.2,0.4,0.8,1464.1899329746707,1363.989104001993,0.5,0
2023-08-19,Fulham,Brentford,0,3,A,PL_2023-24,2.0,2.2,1.4,2.0,1.6,0.8,1482.7062255615015,1555.6519043422866,0.5,2
2023-08-19,Liverpool,Bournemouth,3,1,H,PL_2023-24,1.8,2.0,1.2,0.2,0.4,1.6,1667.8096279788692,1448.0100385450398,0.5,2
2023-08-19,Wolves,Brighton,1,4,A,PL_2023-24,0.8,0.4,1.8,1.4,2.0,1.8,1459.1104752284043,1562.48630819831,0.3333333333333333,6
2023-08-19,Tottenham,Man United,2,0,H,PL_2023-24,1.4,1.8,1.6,3.0,2.0,0.4,1569.7285651297102,1632.7754521117101,0.16666666666666666,6
2023-08-19,Man City,Newcastle,1,0,H,PL_2023-24,2.0,1.6,0.4,1.8,2.4,1.0,1763.674741733958,1615.5030904633347,0.8333333333333334,6
2023-08-20,Aston Villa,Everton,4,0,H,PL_2023-24,1.4,1.2,1.8,1.4,1.4,1.2,1554.139143840603,1433.742328278675,0.8333333333333334,6
2023-08-20,West Ham,Chelsea,3,1,H,PL_2023-24,1.4,1.2,1.2,0.6,1.0,1.8,1481.2456533642217,1513.6659017251234,0.16666666666666666,6
2023-08-21,Crystal Palace,Arsenal,0,1,A,PL_2023-24,1.6,1.2,0.8,1.8,1.8,1.0,1500.3577839682744,1665.6501121543554,0.16666666666666666,6
2023-08-25,Chelsea,Luton,3,0,H,PL_2023-24,0.4,0.8,2.0,0.0,1.0,4.0,1505.5868385147471,1494.227692403522,0.5,0
2023-08-26,Bournemouth,Tottenham,0,2,A,PL_2023-24,0.2,0.4,1.6,1.4,2.0,1.6,1445.271174908882,1578.668961571235,0.5,2
2023-08-26,Arsenal,Fulham,2,2,D,PL_2023-24,1.8,1.6,1.0,1.4,1.2,1.4,1673.7926626821468,1471.9291096531797,0.75,4
2023-08-26,Brentford,Crystal Palace,1,1,D,PL_2023-24,2.6,2.2,0.6,1.6,1.2,0.8,1566.4290202506083,1492.215233440483,0.0,4
2023-08-26,Everton,Wolves,0,1,A,PL_2023-24,0.8,0.4,1.8,0.2,0.4,2.6,1429.3527515872274,1449.2076364542047,0.3333333333333333,6
2023-08-26,Man United,Nott'm Forest,3,2,H,PL_2023-24,2.4,1.6,0.8,1.6,1.4,1.2,1623.8350556701853,1468.9907753445873,1.0,2
2023-08-26,Brighton,West Ham,1,3,A,PL_2023-24,2.0,2.6,1.2,1.4,1.6,1.4,1572.3891469725097,1489.324716574598,0.5,6
2023-08-27,Burnley,Aston Villa,1,3,A,PL_2023-24,0.2,0.6,2.0,2.0,2.0,1.6,1423.1563955713832,1558.5287205320506,0.25,4
2023-08-27,Sheffield United,Man City,1,2,A,PL_2023-24,1.2,0.6,0.8,2.0,1.2,0.4,1359.1882616320763,1767.5411085188223,0.0,2
2023-08-27,Newcastle,Liverpool,1,2,A,PL_2023-24,1.6,2.0,0.8,1.8,2.4,1.4,1611.6367236784704,1670.5484916150272,0.0,6
2023-09-01,Luton,West Ham,1,2,A,PL_2023-24,0.0,0.5,3.5,2.0,2.2,1.2,1487.3274391100424,1504.1548089765352,0.5,0
2023-09-02,Sheffield United,Everton,2,2,D,PL_2023-24,0.6,0.6,1.2,0.8,0.4,1.4,1356.2898827124181,1417.0860526581746,0.5,2
2023-09-02,Brentford,Bournemouth,2,2,D,PL_2023-24,2.2,2.0,0.8,0.2,0.4,1.6,1561.7966288726545,1436.2294905840486,0.5,2
2023-09-02,Burnley,Tottenham,2,5,A,PL_2023-24,0.2,0.6,2.0,2.0,2.2,1.2,1414.1709898449762,1587.7106458960684,0.25,4
2023-09-02,Chelsea,Nott'm Forest,0,1,A,PL_2023-24,1.0,1.4,1.8,1.4,1.4,1.4,1512.4870918082268,1465.2427996745978,0.0,2
2023-09-02,Man City,Fulham,5,1,H,PL_2023-24,2.0,1.4,0.6,1.0,1.2,1.8,1770.4394874384805,1478.9369176271048,1.0,4
2023-09-02,Brighton,Newcastle,3,1,H,PL_2023-24,1.4,2.2,1.6,1.0,1.4,1.0,1557.5590545705725,1600.459591882865,0.3333333333333333,6
2023-09-03,Crystal Palace,Wolves,3,2,H,PL_2023-24,1.2,1.0,1.0,0.8,0.6,2.2,1496.8476248184368,1461.4743353832575,0.6666666666666666,6
2023-09-03,Liverpool,Aston Villa,3,0,H,PL_2023-24,1.8,2.2,1.6,2.0,2.2,1.6,1681.7256234106326,1567.5141262584575,0.6666666666666666,6
2023-09-03,Arsenal,Man United,3,1,H,PL_2023-24,2.0,2.0,0.8,2.4,2.0,1.2,1666.7848547082217,1627.5830313401748,0.5,6
2023-09-16,West Ham,Man City,1,3,A,PL_2023-24,2.0,2.0,1.2,2.4,2.2,0.6,1516.504004628567,1772.340154880141,0.0,6
2023-09-16,Man United,Brighton,1,3,A,PL_2023-24,1.8,1.4,1.6,1.8,2.6,1.6,1621.3881244655704,1565.9302380574688,0.5,6
2023-09-16,Aston Villa,Crystal Palace,3,1,H,PL_2023-24,1.8,2.0,2.0,1.6,1.2,1.0,1563.0013417299974,1503.1371640142022,0.5,6
2023-09-16,Newcastle,Brentford,1,0,H,PL_2023-24,0.8,1.6,1.6,1.8,1.8,1.0,1592.0884083959686,1556.0850853515724,0.75,4
2023-09-16,Fulham,Luton,1,0,H,PL_2023-24,0.8,1.0,2.4,0.0,0.6666666666666666,3.0,1477.0362501854443,1474.9782434580106,0.5,0
2023-09-16,Wolves,Liverpool,1,3,A,PL_2023-24,0.6,0.8,2.6,2.2,2.6,1.4,1455.184796187492,1686.2384079390927,0.16666666666666666,6
2023-09-16,Tottenham,Sheffield United,2,1,H,PL_2023-24,2.6,3.0,1.0,0.8,1.0,1.4,1595.625057789239,1355.1662704756773,1.0,2
2023-09-17,Bournemouth,Chelsea,0,0,D,PL_2023-24,0.4,0.8,1.8,1.0,1.2,1.2,1441.9410341051307,1498.4857965247602,0.0,2
2023-09-17,Everton,Arsenal,0,1,A,PL_2023-24,0.8,0.6,1.6,2.6,2.6,0.8,1418.2096648949155,1672.979761582826,0.6666666666666666,6
2023-09-18,Nott'm Forest,Burnley,1,1,D,PL_2023-24,1.4,1.4,1.4,0.2,1.0,2.8,1479.2440949580644,1406.2565779518056,0.5,0
2023-09-23,Crystal Palace,Fulham,0,0,D,PL_2023-24,1.4,1.2,1.4,1.4,1.0,2.0,1497.4390337459713,1484.1804553305437,0.25,4
2023-09-23,Luton,Wolves,1,1,D,PL_2023-24,0.0,0.5,2.5,0.6,1.0,2.2,1467.8340383129112,1448.7875525588724,0.5,0
2023-09-23,Man City,Nott'm Forest,2,0,H,PL_2023-24,3.0,2.8,0.6,1.4,1.4,1.4,1778.1332351960173,1474.6394697982678,0.5,2
2023-09-23,Brentford,Everton,1,3,A,PL_2023-24,1.2,1.6,1.2,0.2,0.4,1.8,1549.8111728713595,1412.3912989477656,0.5,4
2023-09-23,Burnley,Man United,0,1,A,PL_2023-24,0.2,1.0,2.8,1.2,1.2,2.0,1410.8612031116022,1607.1901693377094,0.0,4
2023-09-24,Brighton,Bournemouth,3,1,H,PL_2023-24,2.4,3.0,1.4,0.6,0.8,1.6,1580.1281931853298,1440.6967732941944,1.0,2
2023-09-24,Chelsea,Aston Villa,0,1,A,PL_2023-24,1.0,1.0,1.0,1.8,2.2,2.0,1499.7300573356965,1568.6994719982283,0.5,6
2023-09-24,Liverpool,West Ham,3,1,H,PL_2023-24,2.6,2.4,0.8,2.0,2.0,1.4,1692.6356515677123,1510.7109243126906,0.8333333333333334,6
2023-09-24,Arsenal,Tottenham,2,2,D,PL_2023-24,2.6,1.8,0.8,2.6,2.6,1.0,1678.798127529976,1598.094748709114,0.6666666666666666,6
2023-09-24,Sheffield United,Newcastle,0,8,A,PL_2023-24,0.2,1.0,1.8,1.2,1.6,1.4,1352.6965795558024,1598.3623208761815,0.5,2
2023-09-30,Tottenham,Liverpool,2,1,H,PL_2023-24,2.6,2.6,1.0,3.0,2.8,0.8,1602.8725679259173,1695.9317875973425,0.0,6
2023-09-30,West Ham,Sheffield United,2,0,H,PL_2023-24,1.8,2.0,1.8,0.2,1.0,3.2,1507.4147882830605,1346.65964546205,1.0,2
2023-09-30,Newcastle,Burnley,2,0,H,PL_2023-24,1.2,2.2,1.2,0.2,0.8,2.6,1604.3992549699337,1403.5648483542946,1.0,4
2023-09-30,Wolves,Man City,2,1,H,PL_2023-24,0.8,1.2,2.2,3.0,2.6,0.6,1452.0859045909608,1779.9184468588865,0.0,6
2023-09-30,Everton,Luton,1,2,A,PL_2023-24,0.8,1.0,1.8,0.2,0.6,2.2,1428.328223910396,1464.5356862808228,0.5,0
2023-09-30,Aston Villa,Brighton,6,1,H,PL_2023-24,2.4,2.2,1.0,2.4,2.8,1.4,1579.5902367985325,1584.1539070965748,0.6666666666666666,6
2023-09-30,Man United,Crystal Palace,0,1,A,PL_2023-24,1.2,1.2,2.0,1.0,1.0,1.4,1614.486524095017,1494.2899540098763,0.3333333333333333,6
2023-09-30,Bournemouth,Arsenal,0,4,A,PL_2023-24,0.4,0.8,2.0,2.2,1.8,1.0,1436.6710593829494,1674.0203083131726,0.0,2
2023-10-01,Nott'm Forest,Brentford,1,1,D,PL_2023-24,1.4,1.2,1.4,1.0,1.4,1.4,1472.8542581353986,1533.874247908729,0.0,2
2023-10-02,Fulham,Chelsea,0,2,A,PL_2023-24,1.0,0.8,2.0,0.8,0.8,1.0,1487.3295350666388,1488.8392925353924,0.25,4
2023-10-03,Luton,Burnley,1,2,A,PL_2023-24,0.8,0.8,1.6,0.2,0.8,2.4,1476.3514244531405,1400.557550593856,0.5,0
2023-10-07,Luton,Tottenham,0,1,A,PL_2023-24,0.8,1.0,1.4,2.6,2.6,1.2,1461.6833891196902,1612.672822780654,0.5,0
2023-10-07,Burnley,Chelsea,1,4,A,PL_2023-24,0.8,1.0,2.0,1.4,1.0,0.4,1415.2255859273062,1501.6004996486326,0.0,4
2023-10-07,Everton,Bournemouth,3,0,H,PL_2023-24,0.8,1.2,1.4,0.4,0.6,2.2,1416.5124857380783,1430.4304591146295,0.5,2
2023-10-07,Fulham,Sheffield United,3,1,H,PL_2023-24,1.0,0.8,1.8,0.2,0.8,3.2,1474.5683279533985,1343.0141982358355,0.5,2
2023-10-07,Man United,Brentford,2,1,H,PL_2023-24,1.2,1.2,1.8,0.6,1.0,1.6,1598.8800514145335,1534.991498964623,0.75,4
2023-10-07,Crystal Palace,Nott'm Forest,0,0,D,PL_2023-24,1.6,1.2,1.2,1.0,1.0,1.4,1509.89642669036,1471.7370070795048,0.0,2
2023-10-08,Wolves,Aston Villa,1,1,D,PL_2023-24,1.4,1.4,1.6,2.4,2.6,1.2,1467.8412175251951,1586.9104221831026,0.5,6
2023-10-08,Arsenal,Man City,1,0,H,PL_2023-24,2.2,2.4,1.0,2.4,2.6,1.0,1680.2609085814925,1764.1631339246521,0.0,6
2023-10-08,Brighton,Liverpool,2,2,D,PL_2023-24,1.8,2.2,2.4,2.4,2.4,1.0,1576.8337217120047,1686.1315327426057,0.3333333333333333,6
2023-10-08,West Ham,Newcastle,2,2,D,PL_2023-24,1.8,1.8,1.6,1.8,2.6,1.0,1511.0602355092751,1607.4065527303724,0.16666666666666666,6
2023-10-21,Chelsea,Arsenal,2,2,D,PL_2023-24,1.4,1.2,0.6,2.6,2.2,0.6,1511.9924602432689,1689.7979086509138,0.16666666666666666,6
2023-10-21,Nott'm Forest,Luton,2,2,D,PL_2023-24,1.2,0.6,0.8,0.8,0.8,1.2,1475.5164121880985,1453.1405364826078,0.5,0
2023-10-21,Newcastle,Crystal Palace,4,0,H,PL_2023-24,2.0,2.8,1.0,1.6,1.0,1.0,1607.5117102977326,1506.1170215817663,0.3333333333333333,6
2023-10-21,Sheffield United,Man United,1,2,A,PL_2023-24,0.2,0.8,3.4,1.2,1.0,1.6,1338.8407047760022,1604.4842588218164,0.5,2
2023-10-21,Brentford,Burnley,3,0,H,PL_2023-24,0.4,1.0,1.8,0.8,0.8,1.8,1529.38729155734,1404.83362533267,0.5,2
2023-10-21,Bournemouth,Wolves,1,2,A,PL_2023-24,0.4,0.6,2.4,1.0,1.4,1.8,1422.85861542215,1468.3895228888246,0.5,2
2023-10-21,Liverpool,Everton,2,0,H,PL_2023-24,2.0,2.4,1.2,1.4,1.8,1.2,1685.8639840957208,1424.0843294305578,0.5,6
2023-10-21,Man City,Brighton,2,1,H,PL_2023-24,1.8,2.2,1.0,2.0,2.4,2.2,1754.6261338552308,1577.1012703588897,0.6666666666666666,6
2023-10-22,Aston Villa,West Ham,4,1,H,PL_2023-24,2.0,2.2,1.2,1.4,1.6,1.8,1586.3621168194732,1510.9550779419149,0.0,6
2023-10-23,Tottenham,Fulham,2,0,H,PL_2023-24,2.6,2.4,1.2,1.4,1.0,1.6,1621.2156754177365,1478.7418214132317,0.75,4
2023-10-27,Crystal Palace,Tottenham,1,2,A,PL_2023-24,1.0,0.4,1.4,2.6,1.8,0.8,1501.3412079571272,1625.185370492619,0.16666666666666666,6
2023-10-28,Chelsea,Brentford,0,2,A,PL_2023-24,1.6,1.6,0.8,0.8,1.2,1.4,1514.1951813915364,1533.695435069485,0.25,4
2023-10-28,Arsenal,Sheffield United,5,0,H,PL_2023-24,2.2,2.0,0.8,0.0,0.6,3.4,1687.5951875026462,1333.2771591175867,1.0,2
2023-10-28,Bournemouth,Burnley,2,1,H,PL_2023-24,0.2,0.4,2.4,0.6,0.6,2.2,1411.30358806128,1400.5254818205249,0.5,0
2023-10-28,Wolves,Newcastle,2,2,D,PL_2023-24,1.6,1.4,1.4,2.6,3.4,0.4,1479.9445502496947,1612.2875239223717,0.16666666666666666,6
2023-10-29,Liverpool,Nott'm Forest,3,0,H,PL_2023-24,2.0,2.2,1.2,0.8,0.8,1.2,1688.080031994932,1472.1329294905472,0.5,2
2023-10-29,Aston Villa,Luton,3,1,H,PL_2023-24,2.6,3.0,0.8,1.0,1.2,1.4,1591.7027938548354,1456.524019180159,0.5,0
2023-10-29,Brighton,Fulham,1,1,D,PL_2023-24,1.4,2.0,2.4,1.4,0.8,1.0,1573.7348163570502,1474.7721263383492,0.0,4
2023-10-29,West Ham,Everton,0,1,A,PL_2023-24,0.8,1.4,2.4,1.2,1.4,1.2,1505.6144009065526,1421.8682815313466,0.6666666666666666,6
2023-10-29,Man United,Man City,0,3,A,PL_2023-24,1.8,1.2,1.2,1.8,1.6,1.0,1610.047804480232,1757.9925878570702,0.3333333333333333,6
2023-11-04,Fulham,Man United,0,1,A,PL_2023-24,1.0,0.8,1.2,1.8,1.0,1.2,1479.9452322953691,1601.4190729738586,0.0,4
2023-11-04,Brentford,West Ham,3,2,H,PL_2023-24,1.4,1.6,1.2,0.8,1.2,2.0,1545.971814428228,1490.7692796227084,1.0,4
2023-11-04,Burnley,Crystal Palace,0,2,A,PL_2023-24,0.6,0.8,2.4,1.0,0.4,1.2,1393.6101039111104,1492.0264226860231,0.5,4
2023-11-04,Everton,Brighton,1,1,D,PL_2023-24,1.8,1.6,1.0,1.0,1.6,2.4,1436.7134028151909,1568.5617104000303,0.5,6
2023-11-04,Man City,Bournemouth,6,1,H,PL_2023-24,1.8,1.6,0.8,0.6,0.8,2.6,1766.6213193634435,1418.2189659706944,1.0,2
2023-11-04,Sheffield United,Wolves,2,1,H,PL_2023-24,0.0,0.4,4.0,1.8,1.6,1.2,1331.9139102813158,1480.8727761209561,0.0,2
2023-11-04,Newcastle,Arsenal,1,0,H,PL_2023-24,2.2,3.6,0.8,2.2,2.8,0.8,1611.3592980511103,1688.9584363389172,0.16666666666666666,6
2023-11-05,Luton,Liverpool,1,1,D,PL_2023-24,0.8,1.2,1.8,2.0,2.2,1.0,1452.4190159191053,1690.8717401024621,0.5,0
2023-11-05,Nott'm Forest,Aston Villa,2,0,H,PL_2023-24,0.6,0.6,1.6,2.6,3.0,0.8,1469.341221383017,1595.8077971158891,0.0,2
2023-11-06,Tottenham,Chelsea,1,4,A,PL_2023-24,2.6,1.8,0.8,1.4,1.6,1.2,1634.5001557637231,1501.9188020327933,0.16666666666666666,6
2023-11-11,Wolves,Tottenham,2,1,H,PL_2023-24,1.6,1.6,1.4,2.4,1.6,1.2,1469.472880364643,1618.654154059092,0.3333333333333333,6
2023-11-11,Arsenal,Burnley,3,1,H,PL_2023-24,2.0,2.4,0.6,0.6,0.8,2.4,1679.6022930417055,1383.564522217035,0.25,4
2023-11-11,Crystal Palace,Everton,2,3,A,PL_2023-24,1.4,0.8,1.2,1.4,1.2,1.0,1502.0720043800986,1437.6275118677747,0.16666666666666666,6
2023-11-11,Man United,Luton,1,0,H,PL_2023-24,1.8,1.0,1.2,0.4,1.0,1.8,1610.801791973846,1456.2056548573496,0.5,0
2023-11-11,Bournemouth,Newcastle,2,0,H,PL_2023-24,0.6,0.8,3.2,2.2,2.2,0.8,1416.8118169132251,1620.715441348322,0.0,2
2023-11-12,West Ham,Nott'm Forest,3,2,H,PL_2023-24,0.8,1.4,2.0,1.2,1.0,1.2,1484.9611784822396,1480.101520583023,0.5,2
2023-11-12,Chelsea,Man City,4,4,D,PL_2023-24,2.0,2.4,1.2,1.8,2.4,1.0,1517.7648037374245,1768.0284684209128,0.16666666666666666,6
2023-11-12,Liverpool,Brentford,3,0,H,PL_2023-24,1.6,1.8,1.0,2.0,2.0,1.0,1687.0851011642178,1551.7799155686969,0.5,4
2023-11-12,Brighton,Sheffield United,1,1,D,PL_2023-24,0.6,1.2,2.4,0.6,0.8,2.6,1567.6476013474464,1343.3138060376289,0.0,2
2023-11-12,Aston Villa,Fulham,3,1,H,PL_2023-24,2.0,2.8,1.2,0.8,0.8,1.4,1585.047497915883,1470.5625132953817,0.75,4
2023-11-25,Man City,Liverpool,1,1,D,PL_2023-24,2.0,3.0,1.4,2.2,2.2,0.6,1763.9544370974575,1691.1877309151496,0.3333333333333333,6
2023-11-25,Burnley,West Ham,1,2,A,PL_2023-24,0.0,0.6,2.8,0.8,1.6,2.4,1381.708287108614,1492.0314938676931,0.0,4
2023-11-25,Luton,Crystal Palace,2,1,H,PL_2023-24,0.4,0.8,1.6,0.8,1.0,1.8,1452.453326813262,1487.6633115495752,0.5,0
2023-11-25,Newcastle,Chelsea,4,1,H,PL_2023-24,1.6,1.8,1.2,1.6,2.8,2.0,1607.8109320345575,1521.8388350608798,0.16666666666666666,6
2023-11-25,Nott'm Forest,Brighton,2,3,A,PL_2023-24,1.0,1.2,1.6,0.8,1.2,1.4,1473.0312051975695,1560.3253502042255,0.5,2
2023-11-25,Sheffield United,Bournemouth,1,3,A,PL_2023-24,0.8,1.0,2.4,1.2,1.2,2.4,1350.6360571808498,1429.7163262269896,0.5,0
2023-11-25,Brentford,Arsenal,0,1,A,PL_2023-24,1.8,1.8,1.4,2.0,2.2,0.8,1547.677285817765,1681.4585281501263,0.25,4
2023-11-26,Everton,Man United,0,3,A,PL_2023-24,2.0,1.6,1.0,2.4,1.2,1.0,1452.0362046982982,1614.5541200179337,0.16666666666666666,6
2023-11-26,Tottenham,Aston Villa,1,2,A,PL_2023-24,1.8,1.4,1.4,2.0,2.2,1.2,1607.24798290236,1589.5547833213093,0.5,6
2023-11-27,Fulham,Wolves,3,2,H,PL_2023-24,0.8,1.0,1.6,1.6,1.6,1.4,1466.0552278899554,1480.879051521375,0.0,4
2023-12-02,Arsenal,Wolves,2,1,H,PL_2023-24,2.0,2.2,0.8,1.4,1.8,1.8,1690.4892782525114,1473.282657093531,0.6666666666666666,6
2023-12-02,Brentford,Luton,3,1,H,PL_2023-24,1.8,1.6,1.2,1.0,1.2,1.6,1538.64653571538,1460.6098400002586,0.5,0
2023-12-02,Burnley,Sheffield United,5,0,H,PL_2023-24,0.0,0.6,2.4,0.8,1.0,2.4,1372.0053254765205,1340.0346655217998,0.5,2
2023-12-02,Nott'm Forest,Everton,0,1,A,PL_2023-24,0.8,1.6,2.2,1.4,1.0,1.6,1462.665664236637,1443.816442324402,0.0,2
2023-12-02,Newcastle,Man United,1,0,H,PL_2023-24,2.0,2.2,1.0,2.4,1.4,0.8,1612.9169346314638,1622.7738823918298,0.16666666666666666,6
2023-12-03,Man City,Tottenham,3,3,D,PL_2023-24,2.2,3.2,1.4,1.2,1.4,1.8,1759.3548213312001,1593.9843885593436,0.3333333333333333,6
2023-12-03,West Ham,Crystal Palace,1,1,D,PL_2023-24,1.2,1.6,2.2,0.6,1.2,2.2,1501.7344554997867,1479.5067983625786,0.3333333333333333,6
2023-12-03,Liverpool,Fulham,4,3,H,PL_2023-24,2.2,2.0,0.4,0.8,1.0,1.8,1695.787346681407,1473.6516223177994,0.25,4
2023-12-03,Chelsea,Brighton,3,2,H,PL_2023-24,1.0,2.2,2.6,1.2,1.4,1.4,1516.7328324639734,1570.690891165158,0.16666666666666666,6
2023-12-03,Bournemouth,Aston Villa,2,2,D,PL_2023-24,1.8,1.8,2.0,2.4,2.4,1.2,1440.3177178860396,1602.8183776643257,0.5,2
2023-12-05,Wolves,Burnley,1,0,H,PL_2023-24,0.8,1.6,2.0,0.6,1.6,1.8,1470.508319104779,1378.3796222128472,0.0,4
2023-12-05,Luton,Arsenal,3,4,A,PL_2023-24,0.8,1.0,1.8,2.4,2.2,0.6,1455.3282099715848,1693.2636162412634,0.5,0
2023-12-06,Brighton,Brentford,2,1,H,PL_2023-24,1.2,1.6,1.6,1.8,1.6,1.4,1562.0083814592388,1543.9281657440538,0.5,4
2023-12-06,Crystal Palace,Bournemouth,0,2,A,PL_2023-24,0.8,1.4,1.6,2.0,2.0,2.0,1482.886502819839,1442.0974745936883,1.0,2
2023-12-06,Fulham,Nott'm Forest,5,0,H,PL_2023-24,0.8,1.6,2.2,0.6,1.2,2.0,1470.944391776972,1449.3723731763394,1.0,2
2023-12-06,Sheffield United,Liverpool,0,2,A,PL_2023-24,0.8,0.8,3.0,2.2,2.4,1.0,1333.660368785473,1698.4945772222343,0.0,2
2023-12-06,Aston Villa,Man City,1,0,H,PL_2023-24,2.0,2.0,1.4,1.8,3.4,1.8,1601.038620956677,1752.9217380826458,0.0,6
2023-12-06,Man United,Chelsea,2,1,H,PL_2023-24,1.8,1.0,0.8,1.4,2.4,2.6,1615.3117166182205,1525.4153421698927,0.16666666666666666,6
2023-12-07,Everton,Newcastle,3,0,H,PL_2023-24,2.0,1.2,1.2,2.0,1.6,1.0,1457.1097333846997,1620.3791004050731,0.16666666666666666,6
2023-12-07,Tottenham,West Ham,1,2,A,PL_2023-24,0.8,1.6,2.4,1.4,1.6,1.6,1600.417471807898,1498.3547510425262,0.3333333333333333,6
2023-12-09,Wolves,Nott'm Forest,1,1,D,PL_2023-24,1.2,1.4,1.6,0.6,1.2,2.4,1475.4807348188726,1442.7353516900155,0.5,2
2023-12-09,Sheffield United,Brentford,1,0,H,PL_2023-24,0.8,0.8,2.4,1.2,1.4,1.8,1330.0843964739563,1537.2017092421668,0.5,0
2023-12-09,Aston Villa,Arsenal,1,0,H,PL_2023-24,2.0,1.6,1.2,2.4,2.0,1.2,1612.5209349535737,1699.4897391291195,0.3333333333333333,6
2023-12-09,Brighton,Burnley,1,1,D,PL_2023-24,1.6,1.8,1.6,0.6,1.4,1.6,1568.7348379611258,1373.4072064987536,0.25,4
2023-12-09,Crystal Palace,Liverpool,1,2,A,PL_2023-24,0.8,1.2,1.6,2.2,2.2,1.0,1469.0424087148617,1702.070549533751,0.0,6
2023-12-09,Man United,Bournemouth,0,3,A,PL_2023-24,2.4,1.4,0.4,2.0,2.0,1.8,1620.3322980908335,1455.9415686986656,1.0,2
2023-12-10,Everton,Chelsea,2,0,H,PL_2023-24,2.0,1.6,1.2,1.4,2.6,2.6,1468.910905974974,1520.3947606972797,0.3333333333333333,6
2023-12-10,Fulham,West Ham,5,0,H,PL_2023-24,1.2,2.4,2.0,2.0,2.0,1.6,1477.5814132632959,1513.59290328503,0.0,4
2023-12-10,Luton,Man City,1,2,A,PL_2023-24,0.8,1.4,2.0,1.2,2.8,2.0,1449.1020870837287,1741.4394240857491,0.5,0
2023-12-10,Tottenham,Newcastle,4,1,H,PL_2023-24,0.2,1.4,2.6,1.8,1.2,1.2,1585.1793195653943,1608.5779278147988,0.3333333333333333,6
2023-12-15,Nott'm Forest,Tottenham,0,2,A,PL_2023-24,0.2,1.0,2.6,0.8,2.0,2.0,1446.380406325642,1593.0095975319018,0.0,2
2023-12-16,Newcastle,Fulham,3,0,H,PL_2023-24,1.2,1.2,2.0,1.8,3.4,1.8,1600.7476498482913,1485.760221075706,0.75,4
2023-12-16,Burnley,Everton,0,2,A,PL_2023-24,0.8,1.6,1.4,2.4,1.8,1.0,1380.3180122217946,1477.5235052466244,0.5,4
2023-12-16,Man City,Crystal Palace,2,2,D,PL_2023-24,1.2,2.0,2.0,0.2,1.0,2.0,1746.407353906373,1462.694518371584,0.6666666666666666,6
2023-12-16,Chelsea,Sheffield United,2,0,H,PL_2023-24,0.8,1.8,2.8,0.8,0.6,2.2,1511.7821614256293,1343.0733706009974,1.0,2
2023-12-17,Arsenal,Brighton,2,0,H,PL_2023-24,2.4,2.0,1.2,1.6,1.8,1.6,1689.8646313168017,1561.8240322380848,0.5,6
2023-12-17,Brentford,Aston Villa,1,2,A,PL_2023-24,0.6,0.8,1.6,2.6,1.8,0.8,1524.2127351151257,1622.1460427658915,0.25,4
2023-12-17,West Ham,Wolves,3,0,H,PL_2023-24,2.0,1.6,2.0,1.4,1.4,1.4,1505.4140954726197,1471.835680183246,0.6666666666666666,6
2023-12-17,Liverpool,Man United,0,0,D,PL_2023-24,2.6,2.4,1.0,1.8,1.2,1.0,1708.4184398770287,1603.9157732935048,0.6666666666666666,6
2023-12-21,Crystal Palace,Brighton,1,1,D,PL_2023-24,0.4,1.0,1.8,1.4,1.6,1.8,1470.7153089449748,1557.583348587625,0.16666666666666666,6
2023-12-22,Aston Villa,Sheffield United,1,1,D,PL_2023-24,2.6,1.6,0.8,0.6,0.4,2.4,1632.2055262517508,1339.5624271780193,0.5,2
2023-12-23,Liverpool,Arsenal,1,1,D,PL_2023-24,2.2,1.8,1.0,2.4,1.8,1.0,1703.129517078971,1694.1053149672614,0.6666666666666666,6
2023-12-23,Tottenham,Everton,2,1,H,PL_2023-24,1.4,2.2,1.6,2.4,1.6,0.6,1601.675501929181,1487.6039358884718,0.3333333333333333,6
2023-12-23,Nott'm Forest,Bournemouth,2,3,A,PL_2023-24,0.2,0.6,2.4,2.6,2.4,0.6,1437.7145019283628,1472.3580934959944,0.0,2
2023-12-23,Luton,Newcastle,1,0,H,PL_2023-24,0.6,1.4,2.2,1.8,1.8,1.6,1444.134157263105,1605.2448447943368,0.5,0
2023-12-23,West Ham,Man United,2,0,H,PL_2023-24,2.0,1.6,1.6,1.4,1.0,1.0,1511.748268070059,1609.2046960915625,0.16666666666666666,6
2023-12-23,Fulham,Burnley,0,2,A,PL_2023-24,1.8,3.2,1.8,0.8,1.4,1.2,1481.2630261296606,1370.2375815799471,0.0,2
2023-12-24,Wolves,Chelsea,2,1,H,PL_2023-24,0.8,1.0,1.8,1.2,1.4,2.0,1465.5015075858066,1515.2931048486073,0.3333333333333333,6
2023-12-26,Newcastle,Nott'm Forest,1,3,A,PL_2023-24,1.2,1.0,1.6,0.2,0.6,2.4,1593.5038548766306,1425.8552717726482,1.0,2
2023-12-26,Bournemouth,Fulham,3,0,H,PL_2023-24,2.6,2.6,1.0,1.2,2.6,1.8,1484.217323651709,1465.840223903834,0.5,2
2023-12-26,Sheffield United,Luton,2,3,A,PL_2023-24,0.8,0.4,2.0,1.2,1.6,2.0,1347.6730225296897,1455.8751471808112,0.5,0
2023-12-26,Burnley,Liverpool,0,2,A,PL_2023-24,1.4,1.6,0.8,2.2,1.8,1.0,1385.6603838057738,1700.0906440039216,0.25,4
2023-12-26,Man United,Aston Villa,3,2,H,PL_2023-24,0.8,0.4,1.4,2.2,1.4,0.8,1599.2779046701583,1624.0949309000805,0.5,6
2023-12-27,Brentford,Wolves,1,4,A,PL_2023-24,0.6,1.0,1.4,1.4,1.0,1.4,1514.1532516292664,1474.066369962079,0.25,4
2023-12-27,Chelsea,Crystal Palace,2,1,H,PL_2023-24,1.2,1.4,1.6,0.6,1.0,1.6,1506.7282424723348,1470.3375206285834,1.0,6
2023-12-27,Everton,Man City,1,3,A,PL_2023-24,2.4,1.8,0.4,1.2,1.6,1.6,1483.0883358706542,1738.3865633329822,0.0,6
2023-12-28,Brighton,Tottenham,4,2,H,PL_2023-24,1.0,1.2,1.6,2.0,2.4,1.4,1557.9611369040165,1606.1911019469987,0.3333333333333333,6
2023-12-28,Arsenal,West Ham,0,2,A,PL_2023-24,2.0,1.8,1.2,2.0,1.6,1.4,1697.1441880423108,1521.6750594914633,0.6666666666666666,6
2023-12-30,Nott'm Forest,Man United,2,1,H,PL_2023-24,0.8,1.2,2.4,1.4,1.0,1.6,1442.3266274323375,1607.1471203299493,0.0,3
2023-12-30,Man City,Sheffield United,2,0,H,PL_2023-24,1.6,2.0,1.6,0.8,0.8,1.6,1744.1923944578484,1337.9090548072727,1.0,3
2023-12-30,Wolves,Everton,3,0,H,PL_2023-24,2.0,1.6,1.2,1.8,1.8,1.0,1487.8932276530277,1477.282504745788,0.5714285714285714,7
2023-12-30,Aston Villa,Burnley,3,2,H,PL_2023-24,2.0,1.4,1.0,0.8,0.6,1.2,1616.2257152402894,1381.15199841465,0.4,5
2023-12-30,Crystal Palace,Brentford,3,1,H,PL_2023-24,0.4,1.0,1.8,0.6,1.2,2.0,1464.0732063222704,1500.3263939383178,0.0,5
2023-12-30,Luton,Chelsea,2,3,A,PL_2023-24,1.2,1.8,2.2,1.2,1.2,1.4,1465.6391149032281,1512.992556778648,0.0,1
2023-12-31,Fulham,Arsenal,2,1,H,PL_2023-24,1.2,2.0,1.6,1.4,1.4,1.4,1459.121394585291,1680.543904416131,0.0,5
2023-12-31,Tottenham,Bournemouth,3,1,H,PL_2023-24,1.8,2.2,1.6,2.6,2.6,0.8,1597.670232539477,1490.936152970252,0.6666666666666666,3
2024-01-01,Liverpool,Newcastle,4,2,H,PL_2023-24,2.2,1.4,0.4,0.6,1.0,2.2,1704.5990293950454,1577.0324992169412,0.7142857142857143,7
2024-01-02,West Ham,Brighton,0,0,D,PL_2023-24,2.4,1.8,1.2,1.6,1.6,1.4,1538.2753431176432,1566.4820063115383,0.14285714285714285,7
2024-01-12,Burnley,Luton,1,1,D,PL_2023-24,0.8,1.0,1.6,1.2,2.0,2.2,1378.6144164010536,1454.135317156202,1.0,1
2024-01-13,Newcastle,Man City,2,3,A,PL_2023-24,0.6,1.4,2.4,2.0,1.8,1.0,1572.7826895432338,1745.2213191709955,0.0,7
2024-01-13,Chelsea,Fulham,1,0,H,PL_2023-24,1.8,1.6,1.4,1.2,1.4,1.8,1524.496354525674,1472.4805560152024,0.6,5
2024-01-14,Everton,Aston Villa,0,0,D,PL_2023-24,1.2,1.2,1.6,2.0,1.8,1.4,1470.3627669062676,1618.7632972538859,0.0,7
2024-01-14,Man United,Tottenham,2,2,D,PL_2023-24,0.8,0.8,1.8,2.4,2.6,1.4,1595.3027861255514,1602.3352072820117,0.5714285714285714,7
2024-01-20,Arsenal,Crystal Palace,5,0,H,PL_2023-24,0.8,0.8,1.2,1.0,1.6,1.6,1667.1847429862196,1472.258740868866,0.5714285714285714,7
2024-01-20,Brentford,Nott'm Forest,3,2,H,PL_2023-24,0.0,0.8,2.4,1.4,1.6,1.6,1492.1408593917222,1454.1709616367355,0.3333333333333333,3
2024-01-21,Sheffield United,West Ham,2,2,D,PL_2023-24,0.8,0.8,1.6,2.0,1.4,1.0,1336.8801300941257,1536.237881881055,0.0,3
2024-01-21,Bournemouth,Liverpool,0,4,A,PL_2023-24,2.4,2.4,1.0,2.2,1.8,0.8,1486.2711782277172,1708.8488390687528,0.3333333333333333,3
2024-01-22,Brighton,Wolves,0,0,D,PL_2023-24,1.2,1.2,1.2,2.0,2.0,1.2,1568.5194675481264,1494.812965492548,0.5714285714285714,7
2024-01-30,Nott'm Forest,Arsenal,1,2,A,PL_2023-24,1.2,1.8,2.0,1.4,1.8,1.0,1447.9456900735495,1670.279981027957,0.3333333333333333,3
2024-01-30,Crystal Palace,Sheffield United,3,2,H,PL_2023-24,1.0,1.4,2.2,0.4,1.0,2.0,1469.1635028271285,1339.664386494956,1.0,3
2024-01-30,Luton,Brighton,4,0,H,PL_2023-24,1.4,1.6,1.6,1.2,1.0,1.0,1454.8387187305796,1563.8985515533552,0.0,1
2024-01-30,Fulham,Everton,0,0,D,PL_2023-24,0.6,0.4,2.0,0.8,0.8,1.6,1466.5965608982158,1471.746903872462,0.6,5
2024-01-30,Aston Villa,Newcastle,1,3,A,PL_2023-24,1.6,1.6,1.4,0.6,1.6,2.2,1617.3791602876913,1564.8379460335193,0.42857142857142855,7
2024-01-31,Man City,Burnley,3,1,H,PL_2023-24,2.6,2.4,1.2,0.8,1.0,1.6,1753.16606268071,1377.9110148266761,1.0,5
2024-01-31,Tottenham,Brentford,3,2,H,PL_2023-24,2.0,2.2,1.6,0.6,1.2,2.4,1604.9489436692934,1498.3661309549082,0.2,5
2024-01-31,Liverpool,Chelsea,4,1,H,PL_2023-24,2.2,2.2,0.6,2.4,1.8,1.0,1715.4602144184178,1530.3803496426606,0.14285714285714285,7
2024-02-01,West Ham,Bournemouth,1,1,D,PL_2023-24,2.2,1.8,0.4,1.8,2.0,1.8,1533.4536254802247,1479.6598028780522,0.6666666666666666,3
2024-02-01,Wolves,Man United,3,4,A,PL_2023-24,2.0,1.8,1.0,1.0,1.2,1.6,1499.4338814873192,1592.6890497382697,0.14285714285714285,7
2024-02-03,Burnley,Fulham,2,2,D,PL_2023-24,0.8,1.2,1.8,0.8,0.4,1.4,1376.6931282619512,1463.9324265226007,0.6666666666666666,3
2024-02-03,Everton,Tottenham,2,2,D,PL_2023-24,0.4,0.4,1.6,2.0,2.4,2.0,1474.4110382480771,1609.6170337423634,0.14285714285714285,7
2024-02-03,Sheffield United,Aston Villa,0,5,A,PL_2023-24,0.4,1.4,2.2,1.0,1.4,1.8,1335.4516900306567,1603.2506025554155,0.3333333333333333,3
2024-02-03,Brighton,Crystal Palace,4,1,H,PL_2023-24,1.2,1.0,1.4,1.4,1.6,2.2,1553.6378476911855,1473.3761992914278,0.14285714285714285,7
2024-02-03,Newcastle,Luton,4,4,D,PL_2023-24,0.6,1.6,2.4,2.0,2.2,1.2,1578.966503765795,1465.0994225927493,0.0,1
2024-02-04,Bournemouth,Nott'm Forest,1,1,D,PL_2023-24,1.4,1.6,2.0,1.2,2.0,2.0,1483.8182237728267,1441.3281128440203,0.6666666666666666,3
2024-02-04,Chelsea,Wolves,2,4,A,PL_2023-24,1.8,1.6,1.8,2.0,2.4,1.2,1527.1339092502842,1489.2397740082504,0.14285714285714285,7
2024-02-04,Man United,West Ham,3,0,H,PL_2023-24,1.4,2.0,2.2,1.8,1.4,0.6,1602.8831572173385,1529.2952045854502,0.7142857142857143,7
2024-02-04,Arsenal,Liverpool,3,1,H,PL_2023-24,1.4,1.8,1.2,2.6,3.0,0.8,1676.8975582574863,1718.7066548107941,0.14285714285714285,7
2024-02-05,Brentford,Man City,1,3,A,PL_2023-24,0.6,1.6,2.8,2.6,2.6,1.2,1493.698040881838,1754.383949245435,0.5,4
2024-02-10,Fulham,Bournemouth,3,1,H,PL_2023-24,1.0,0.8,1.4,1.0,1.2,1.8,1464.2995439813199,1479.9324822999458,0.0,3
2024-02-10,Wolves,Brentford,0,2,A,PL_2023-24,2.0,2.8,1.4,0.6,1.6,3.0,1503.0126323780823,1488.0191653652719,0.6,5
2024-02-10,Tottenham,Brighton,2,1,H,PL_2023-24,1.6,2.4,2.2,1.6,1.6,1.4,1608.6071777644077,1558.8698461555052,0.5714285714285714,7
2024-02-10,Man City,Everton,2,0,H,PL_2023-24,3.0,2.8,1.0,0.6,0.6,1.6,1760.0628247620011,1475.420894226033,0.8571428571428571,7
2024-02-10,Liverpool,Burnley,3,1,H,PL_2023-24,2.4,3.0,1.2,0.4,1.2,2.2,1710.36603634208,1376.326010803232,0.8,5
2024-02-10,Nott'm Forest,Newcastle,2,3,A,PL_2023-24,1.4,1.8,1.6,0.8,2.4,3.0,1445.2138543169012,1573.486220366656,0.3333333333333333,3
2024-02-10,Luton,Sheffield United,1,3,A,PL_2023-24,1.6,2.8,2.0,0.2,1.2,3.0,1470.5797059918884,1329.9378331403036,1.0,1
2024-02-11,West Ham,Arsenal,0,6,A,PL_2023-24,1.2,1.0,1.2,1.8,2.2,1.2,1523.9134366172384,1685.2381767262004,0.14285714285714285,7
2024-02-11,Aston Villa,Man United,1,2,A,PL_2023-24,1.4,2.2,1.6,2.0,2.6,1.8,1608.7644594457686,1608.2649251855503,0.2857142857142857,7
2024-02-12,Crystal Palace,Chelsea,1,3,A,PL_2023-24,1.2,1.6,2.8,1.8,1.8,2.2,1468.144200827108,1513.3610508804522,0.0,7
2024-02-17,Nott'm Forest,West Ham,2,0,H,PL_2023-24,0.8,1.6,2.0,0.6,0.6,2.4,1436.025807020485,1515.6604000813236,0.3333333333333333,3
2024-02-17,Tottenham,Wolves,1,2,A,PL_2023-24,2.2,2.4,1.6,1.4,2.0,1.6,1614.5457889133995,1489.8186413461735,0.42857142857142855,7
2024-02-17,Man City,Chelsea,1,1,D,PL_2023-24,3.0,2.6,0.8,1.8,2.0,2.2,1762.0325167546832,1524.9248977180007,0.7142857142857143,7
2024-02-17,Brentford,Liverpool,1,4,A,PL_2023-24,1.2,1.8,2.2,2.4,3.2,1.4,1501.2131563971807,1711.8852549332657,0.2,5
2024-02-17,Burnley,Arsenal,0,5,A,PL_2023-24,0.4,1.4,2.4,2.4,3.4,0.8,1374.8067922120463,1693.4912132621153,0.2,5
2024-02-17,Fulham,Aston Villa,1,2,A,PL_2023-24,1.6,1.4,1.0,1.4,2.0,1.4,1471.9178934182878,1595.9499153040172,0.2,5
2024-02-17,Newcastle,Bournemouth,2,2,D,PL_2023-24,1.4,2.8,2.8,0.4,0.8,2.4,1582.6742676630722,1472.3141328629779,0.0,3
2024-02-18,Luton,Man United,1,2,A,PL_2023-24,1.0,2.4,2.2,2.0,2.4,1.6,1454.5830618892237,1621.0794693273017,0.0,1
2024-02-18,Sheffield United,Brighton,0,5,A,PL_2023-24,0.8,1.4,2.6,1.0,1.0,1.4,1345.9344772429683,1552.9312350065134,0.3333333333333333,3
2024-02-19,Everton,Crystal Palace,1,1,D,PL_2023-24,0.6,0.4,1.4,1.2,1.6,3.0,1473.4512022333508,1456.5803539895596,0.5714285714285714,7
2024-02-20,Man City,Brentford,1,0,H,PL_2023-24,2.6,2.4,1.0,1.2,1.8,2.4,1754.5442712783454,1494.2950173943677,0.6,5
2024-02-21,Liverpool,Luton,4,1,H,PL_2023-24,2.4,3.2,1.2,1.0,2.2,2.0,1718.8033939360787,1446.473950209448,0.0,1
2024-02-24,Aston Villa,Nott'm Forest,4,2,H,PL_2023-24,1.4,1.8,1.2,0.8,1.6,1.8,1605.2593191353137,1445.4403138973064,0.3333333333333333,3
2024-02-24,Brighton,Everton,1,1,D,PL_2023-24,1.4,2.0,1.4,0.8,0.6,1.0,1559.9454210636497,1470.2087723586633,0.2857142857142857,7
2024-02-24,Crystal Palace,Burnley,3,0,H,PL_2023-24,0.8,1.2,3.0,0.4,1.0,2.8,1459.8227838642472,1370.383349365387,0.2,5
2024-02-24,Man United,Fulham,1,2,A,PL_2023-24,2.6,2.6,1.4,1.0,1.2,1.2,1629.1885810070773,1462.6084895869913,0.8,5
2024-02-24,Bournemouth,Man City,0,1,A,PL_2023-24,0.6,1.0,2.2,2.6,2.0,0.6,1477.723403049819,1756.7777383338005,0.0,3
2024-02-24,Arsenal,Newcastle,4,1,H,PL_2023-24,3.0,4.2,0.4,1.6,2.8,2.4,1697.9146561087746,1577.2649974762312,0.5714285714285714,7
2024-02-25,Wolves,Sheffield United,1,0,H,PL_2023-24,1.4,1.8,1.8,0.8,1.4,3.2,1505.5138724123974,1338.920291185832,0.6666666666666666,3
2024-02-26,West Ham,Brentford,4,2,H,PL_2023-24,0.4,0.6,2.8,0.6,1.2,2.2,1506.2458932045022,1492.0615503389126,0.0,5
2024-03-02,Newcastle,Wolves,3,0,H,PL_2023-24,1.6,2.6,2.6,1.8,2.0,1.8,1572.8804054583036,1509.0602002874432,0.2857142857142857,7
2024-03-02,Nott'm Forest,Liverpool,0,1,A,PL_2023-24,0.8,1.6,2.0,2.4,3.2,1.4,1441.7787751148533,1720.902572362636,0.3333333333333333,3
2024-03-02,Brentford,Chelsea,2,2,D,PL_2023-24,0.6,1.2,2.4,1.4,1.6,2.0,1485.2346131676902,1532.4131431943385,0.6,5
2024-03-02,Luton,Aston Villa,2,3,A,PL_2023-24,0.8,2.2,2.6,1.8,2.6,1.6,1444.3747717828908,1608.9208579177669,0.0,1
2024-03-02,Everton,West Ham,1,3,A,PL_2023-24,0.8,0.8,1.2,0.8,1.0,2.8,1475.1847326949214,1513.0728303757246,0.42857142857142855,7
2024-03-02,Fulham,Brighton,3,0,H,PL_2023-24,1.6,1.6,1.2,1.4,2.2,1.6,1479.0619351515325,1554.9694607273916,0.4,5
2024-03-02,Tottenham,Crystal Palace,3,1,H,PL_2023-24,1.6,2.0,1.8,1.4,1.8,2.0,1598.8505578471757,1464.853262667064,0.7142857142857143,7
2024-03-03,Burnley,Bournemouth,0,2,A,PL_2023-24,0.2,0.8,3.2,0.6,1.0,1.6,1365.3528705625702,1472.4645107117547,0.0,1
2024-03-03,Man City,Man United,3,1,H,PL_2023-24,2.6,1.6,0.4,2.4,2.4,1.4,1762.0366306718647,1612.7351354425361,0.5714285714285714,7
2024-03-04,Sheffield United,Arsenal,0,6,A,PL_2023-24,0.6,1.0,3.0,3.0,4.0,0.6,1335.3739633107862,1702.2992481267022,0.0,3
2024-03-09,Wolves,Fulham,2,1,H,PL_2023-24,1.8,1.4,1.6,2.0,2.2,1.2,1503.4544056706272,1488.369607338021,0.4,5
2024-03-09,Arsenal,Brentford,2,1,H,PL_2023-24,3.0,4.8,0.4,0.8,1.4,2.2,1705.8400086333552,1483.7258952734503,0.6,5
2024-03-09,Crystal Palace,Luton,1,1,D,PL_2023-24,0.8,1.4,2.2,0.2,1.8,3.2,1460.7260265303853,1436.211475473833,0.0,1
2024-03-09,Bournemouth,Sheffield United,2,2,D,PL_2023-24,1.0,1.2,1.4,0.6,0.6,3.6,1482.2598498363118,1331.8332028041332,1.0,1
2024-03-09,Man United,Everton,2,0,H,PL_2023-24,1.8,1.8,1.4,0.6,1.0,1.8,1608.8890134105088,1463.415813053888,0.5714285714285714,7
2024-03-10,Aston Villa,Tottenham,0,4,A,PL_2023-24,2.4,3.0,1.4,2.0,2.2,1.6,1617.0841542268247,1602.9777939838543,0.5714285714285714,7
2024-03-10,Brighton,Nott'm Forest,1,0,H,PL_2023-24,1.4,2.2,1.4,0.8,1.4,1.8,1545.661788540903,1436.5214325066001,0.3333333333333333,3
2024-03-10,West Ham,Burnley,2,2,D,PL_2023-24,1.2,1.4,2.8,0.2,0.6,3.0,1524.841750016758,1355.557531438013,0.6,5
2024-03-10,Liverpool,Man City,1,1,D,PL_2023-24,2.4,2.6,1.2,2.6,1.6,0.4,1726.159914970889,1765.882752703892,0.14285714285714285,7
2024-03-11,Chelsea,Newcastle,3,2,H,PL_2023-24,1.0,1.8,2.4,1.6,2.6,2.4,1533.9218610885785,1578.4862000751195,0.5714285714285714,7
2024-03-13,Bournemouth,Luton,4,3,H,PL_2023-24,1.0,1.4,1.6,0.2,1.2,2.6,1476.085891553411,1439.6493533122111,0.5,0
2024-03-16,Fulham,Tottenham,3,0,H,PL_2023-24,1.8,2.0,1.2,2.0,2.4,1.2,1481.5659587267676,1616.1488381342508,0.0,5
2024-03-16,Luton,Nott'm Forest,1,1,D,PL_2023-24,0.2,1.6,2.8,0.6,1.2,1.8,1433.3861736224826,1431.9058201750142,0.0,1
2024-03-16,Burnley,Brentford,2,1,H,PL_2023-24,0.2,0.6,3.0,0.2,1.2,2.6,1362.0561658919587,1481.0183735200428,0.3333333333333333,3
2024-03-17,West Ham,Aston Villa,1,1,D,PL_2023-24,1.4,1.8,2.6,1.8,2.0,2.2,1518.3431155628123,1603.9131100764282,0.7142857142857143,7
2024-03-30,Aston Villa,Wolves,2,0,H,PL_2023-24,2.0,2.0,2.0,1.8,1.0,1.4,1604.3282003735947,1510.2580542818807,0.14285714285714285,7
2024-03-30,Tottenham,Luton,2,1,H,PL_2023-24,1.8,2.0,1.4,0.4,1.6,2.6,1605.1567371756819,1430.5456562450456,1.0,1
2024-03-30,Sheffield United,Fulham,3,3,D,PL_2023-24,0.8,1.0,3.0,1.8,2.0,1.0,1338.0071610870339,1492.5580596853365,0.0,3
2024-03-30,Brentford,Man United,1,1,D,PL_2023-24,0.2,1.2,2.2,1.8,1.6,1.4,1470.4731385716977,1612.8040590709202,0.2,5
2024-03-30,Chelsea,Burnley,2,2,D,PL_2023-24,1.6,2.2,2.0,0.8,0.8,2.6,1542.339698179741,1372.6014008403038,0.8,5
2024-03-30,Bournemouth,Everton,2,1,H,PL_2023-24,1.6,2.0,1.6,0.4,0.6,1.8,1482.3490712431396,1459.5007673934767,0.3333333333333333,3
2024-03-30,Nott'm Forest,Crystal Palace,1,1,D,PL_2023-24,0.8,1.0,1.4,1.0,1.4,1.6,1434.7463375524512,1457.288148692007,0.3333333333333333,3
2024-03-30,Newcastle,West Ham,4,3,H,PL_2023-24,1.4,2.2,2.2,1.6,2.0,1.6,1570.068362983957,1517.9280252656458,0.42857142857142855,7
2024-03-31,Liverpool,Brighton,2,1,H,PL_2023-24,2.6,2.6,0.8,1.4,1.6,1.2,1724.4421983431332,1550.277400872489,0.14285714285714285,7
2024-03-31,Man City,Arsenal,0,0,D,PL_2023-24,2.2,1.4,0.6,3.0,4.6,0.4,1767.600469331648,1708.5475303867627,0.8571428571428571,7
2024-04-02,Bournemouth,Crystal Palace,1,0,H,PL_2023-24,2.0,2.0,1.4,1.2,1.4,1.2,1488.9535531594097,1459.4813577682557,0.3333333333333333,3
2024-04-02,Burnley,Wolves,1,1,D,PL_2023-24,1.0,1.2,2.0,1.8,1.0,1.4,1379.1075788028954,1505.327276143827,0.6,5
2024-04-02,West Ham,Tottenham,1,1,D,PL_2023-24,1.6,2.6,2.0,1.8,2.0,1.4,1512.0470069634498,1608.5704141114784,0.42857142857142855,7
2024-04-02,Newcastle,Everton,1,1,D,PL_2023-24,1.4,2.4,2.4,0.4,0.8,1.8,1575.949381286153,1452.8962854772067,0.7142857142857143,7
2024-04-02,Nott'm Forest,Fulham,3,1,H,PL_2023-24,0.4,0.8,1.6,2.0,2.4,1.2,1432.5531284762026,1491.0007347768521,0.0,3
2024-04-03,Arsenal,Luton,2,0,H,PL_2023-24,2.6,3.4,0.4,0.4,1.6,2.2,1712.8303527383036,1427.1319793092491,1.0,1
2024-04-03,Brentford,Brighton,0,0,D,PL_2023-24,0.4,1.4,2.2,1.4,1.6,1.2,1471.6855272133002,1546.856444858769,0.2,5
2024-04-03,Man City,Aston Villa,4,1,H,PL_2023-24,2.2,1.2,0.4,2.0,2.0,1.8,1763.317646980107,1609.2589785116484,0.7142857142857143,7
2024-04-04,Liverpool,Sheffield United,3,1,H,PL_2023-24,2.6,2.4,0.8,0.4,1.0,3.4,1727.863154356853,1339.5644859955182,1.0,3
2024-04-04,Chelsea,Man United,4,3,H,PL_2023-24,1.8,2.2,1.6,1.4,1.4,1.4,1535.8335202171493,1611.5916704293177,0.0,7
2024-04-06,Crystal Palace,Man City,2,4,A,PL_2023-24,1.0,1.2,1.2,2.2,1.8,0.6,1453.0444405495243,1767.0794154237517,0.14285714285714285,7
2024-04-06,Aston Villa,Brentford,3,3,D,PL_2023-24,1.4,1.4,2.2,0.6,1.0,1.4,1605.4972100680036,1470.9721028690096,0.4,5
2024-04-06,Everton,Burnley,1,0,H,PL_2023-24,0.4,0.8,1.8,1.2,1.4,1.6,1458.5588726332842,1379.860812966116,0.4,5
2024-04-06,Fulham,Newcastle,0,1,A,PL_2023-24,1.4,2.2,1.6,1.4,2.2,2.2,1482.19103902241,1570.2867941300756,0.0,5
2024-04-06,Luton,Bournemouth,2,1,H,PL_2023-24,0.4,1.2,2.0,2.6,2.2,1.2,1425.1730597223616,1495.3904703781411,0.0,1
2024-04-06,Wolves,West Ham,1,2,A,PL_2023-24,1.4,0.8,1.4,1.2,2.0,1.8,1504.5740419806064,1511.94694591715,0.2857142857142857,7
2024-04-06,Brighton,Arsenal,0,3,A,PL_2023-24,1.0,0.6,1.2,2.6,2.8,0.4,1547.5698692030596,1714.7892723251912,0.2857142857142857,7
2024-04-07,Man United,Liverpool,2,2,D,PL_2023-24,0.8,1.6,2.0,2.6,2.2,0.8,1602.288276876141,1728.997943057971,0.14285714285714285,7
2024-04-07,Sheffield United,Chelsea,2,2,D,PL_2023-24,0.4,1.2,3.0,1.8,2.4,2.0,1338.4296972944003,1545.136913770326,0.0,3
2024-04-07,Tottenham,Nott'm Forest,3,1,H,PL_2023-24,2.0,2.0,1.2,1.0,1.0,1.0,1608.6704751577781,1441.3628242306447,1.0,3
2024-04-13,Bournemouth,Man United,2,2,D,PL_2023-24,2.0,2.0,1.6,1.0,1.8,2.0,1486.2455887272345,1603.05553196574,0.3333333333333333,3
2024-04-13,Nott'm Forest,Wolves,2,2,D,PL_2023-24,1.0,1.2,1.4,0.8,0.8,1.8,1437.8284729062696,1491.9694383213543,0.0,3
2024-04-13,Man City,Luton,5,1,H,PL_2023-24,2.2,2.4,1.0,0.8,1.4,2.0,1771.5957518807525,1434.3179413732682,1.0,1
2024-04-13,Burnley,Brighton,1,1,D,PL_2023-24,1.2,1.4,1.4,0.8,0.4,1.6,1374.5939673302944,1539.4808150559086,0.2,5
2024-04-13,Newcastle,Tottenham,4,0,H,PL_2023-24,2.0,2.2,1.4,2.0,2.0,1.2,1580.6292918242134,1612.2048264821533,0.2857142857142857,7
2024-04-13,Brentford,Sheffield United,2,0,H,PL_2023-24,0.6,1.2,1.6,0.6,1.6,3.2,1476.8548100021471,1341.4079186352042,0.0,1
2024-04-14,Liverpool,Crystal Palace,0,1,A,PL_2023-24,2.2,1.8,1.0,0.4,1.0,2.0,1728.230687968372,1448.5281040925236,0.7142857142857143,7
2024-04-14,West Ham,Fulham,0,2,A,PL_2023-24,1.2,1.8,1.8,0.8,1.6,1.8,1524.551549576402,1471.8485413282722,0.6,5
2024-04-14,Arsenal,Aston Villa,0,2,A,PL_2023-24,2.6,2.6,0.2,1.0,1.4,2.4,1722.8783264723422,1599.614502934866,0.5714285714285714,7
2024-04-15,Chelsea,Everton,6,0,H,PL_2023-24,1.8,2.6,2.2,0.8,0.8,1.6,1542.158692429522,1463.825718269106,0.2857142857142857,7
2024-04-20,Luton,Brentford,1,5,A,PL_2023-24,0.8,1.0,2.2,1.2,1.4,1.2,1432.8246814828155,1480.9547802752045,0.0,1
2024-04-20,Sheffield United,Burnley,1,4,A,PL_2023-24,0.6,1.6,2.4,1.2,1.2,1.2,1337.3079483621468,1376.440146350456,0.3333333333333333,3
2024-04-20,Wolves,Arsenal,0,2,A,PL_2023-24,1.0,1.2,1.6,2.0,1.4,0.6,1493.2817551584758,1707.211620309893,0.2857142857142857,7
2024-04-21,Everton,Nott'm Forest,2,0,H,PL_2023-24,0.8,0.6,2.2,1.2,1.6,1.6,1458.5507146555074,1436.516156069148,0.3333333333333333,3
2024-04-21,Aston Villa,Bournemouth,3,1,H,PL_2023-24,1.6,1.8,1.6,2.0,2.0,1.6,1615.2812090973152,1486.7290406066304,0.3333333333333333,3
2024-04-21,Crystal Palace,West Ham,5,2,H,PL_2023-24,1.0,1.0,1.4,1.0,1.4,1.8,1466.5073435345132,1510.4191295334663,0.2857142857142857,7
2024-04-21,Fulham,Liverpool,1,3,A,PL_2023-24,1.4,1.8,1.4,1.6,1.6,1.2,1485.980961371208,1710.2514485263823,0.2,5
2024-04-23,Arsenal,Chelsea,5,0,H,PL_2023-24,2.0,1.4,0.4,2.2,3.4,1.8,1714.0451460181928,1547.4336960431206,0.7142857142857143,7
2024-04-24,Everton,Liverpool,2,0,H,PL_2023-24,1.4,1.0,1.8,2.0,2.0,1.2,1465.1759341087914,1716.819766654698,0.14285714285714285,7
2024-04-24,Man United,Sheffield United,4,2,H,PL_2023-24,1.2,2.0,1.8,0.4,1.4,2.8,1602.5720800863442,1325.5737381811257,0.6666666666666666,3
2024-04-24,Crystal Palace,Newcastle,2,0,H,PL_2023-24,1.4,1.8,1.6,2.0,2.4,1.4,1474.9068742604363,1588.6849503391506,0.14285714285714285,7
2024-04-24,Wolves,Bournemouth,0,1,A,PL_2023-24,0.4,0.8,1.8,1.4,1.4,1.6,1486.448229450176,1482.4981888023733,0.3333333333333333,3
2024-04-25,Brighton,Man City,0,4,A,PL_2023-24,1.0,0.6,1.2,2.2,2.8,1.0,1537.634636035747,1773.0890117712052,0.14285714285714285,7
2024-04-27,Newcastle,Sheffield United,5,1,H,PL_2023-24,2.0,2.0,1.2,0.2,1.2,3.0,1578.2885931853505,1323.524522908555,0.6666666666666666,3
2024-04-27,Wolves,Luton,2,1,H,PL_2023-24,0.4,0.8,1.6,0.6,1.0,3.0,1473.5424969223109,1421.3427395147028,0.0,1
2024-04-27,Everton,Brentford,1,0,H,PL_2023-24,2.0,1.2,1.4,1.8,2.2,1.0,1479.283042797472,1492.4367222433173,0.4,5
2024-04-27,West Ham,Liverpool,2,2,D,PL_2023-24,0.8,1.6,2.6,1.4,1.6,1.4,1502.0195988075432,1702.7126579660173,0.14285714285714285,7
2024-04-27,Fulham,Crystal Palace,1,1,D,PL_2023-24,0.8,1.4,2.0,1.8,2.0,1.4,1479.4126432428923,1485.3032314142365,0.2,5
2024-04-27,Man United,Burnley,1,1,D,PL_2023-24,1.2,2.4,2.2,1.2,1.6,1.2,1604.621295358915,1388.174356531477,0.8,5
2024-04-27,Aston Villa,Chelsea,2,2,D,PL_2023-24,2.0,2.2,1.6,1.6,2.8,2.4,1619.5120609015723,1543.887668255051,0.42857142857142855,7
2024-04-28,Bournemouth,Brighton,3,0,H,PL_2023-24,1.4,1.2,1.4,0.4,0.4,2.0,1495.4039213302385,1531.3471092035754,0.0,3
2024-04-28,Tottenham,Arsenal,2,3,A,PL_2023-24,1.4,1.2,2.0,2.4,2.4,0.4,1604.149167967216,1717.5911738062623,0.2857142857142857,7
2024-04-28,Nott'm Forest,Man City,0,2,A,PL_2023-24,1.0,1.4,1.8,2.6,3.4,0.8,1429.8909366158641,1779.3765386033767,0.0,3
2024-05-02,Chelsea,Tottenham,2,0,H,PL_2023-24,1.6,2.8,2.4,1.4,1.6,2.0,1548.5518876150475,1594.535867070692,0.5714285714285714,7
2024-05-03,Luton,Everton,1,1,D,PL_2023-24,0.6,1.0,3.0,2.4,1.2,1.2,1415.4631411897612,1486.8341964255258,1.0,1
2024-05-04,Sheffield United,Nott'm Forest,1,3,A,PL_2023-24,0.2,1.2,3.4,0.8,1.2,2.0,1321.2276366759424,1426.048105779114,0.0,1
2024-05-04,Brentford,Fulham,0,0,D,PL_2023-24,1.6,2.0,1.0,0.8,1.0,1.6,1484.8855686152635,1476.7683138334091,0.6666666666666666,3
2024-05-04,Burnley,Newcastle,1,4,A,PL_2023-24,1.2,1.4,1.0,2.0,2.2,0.8,1395.3895525839885,1580.585479417963,0.0,5
2024-05-04,Arsenal,Bournemouth,3,0,H,PL_2023-24,2.4,2.6,0.8,1.4,1.6,1.4,1727.2044747027865,1503.5808285204691,1.0,3
2024-05-04,Man City,Wolves,5,1,H,PL_2023-24,3.0,3.8,0.8,0.8,1.0,1.6,1783.219369440127,1479.4220952472524,0.8571428571428571,7
2024-05-05,Brighton,Aston Villa,1,0,H,PL_2023-24,0.4,0.2,2.2,1.6,2.2,2.0,1523.1702020133448,1614.847841541576,0.14285714285714285,7
2024-05-05,Chelsea,West Ham,5,0,H,PL_2023-24,1.6,2.4,1.8,1.0,1.4,2.2,1557.0095879553369,1504.8392709952864,0.5714285714285714,7
2024-05-05,Liverpool,Tottenham,4,2,H,PL_2023-24,1.0,1.4,1.6,0.8,1.2,2.2,1699.8929857782741,1586.0781667304025,0.5714285714285714,7
2024-05-06,Crystal Palace,Man United,4,0,H,PL_2023-24,2.0,2.2,1.4,1.2,2.4,2.2,1487.9475608237196,1597.4060993064036,0.42857142857142855,7
2024-05-11,Fulham,Man City,0,4,A,PL_2023-24,1.0,0.8,1.0,3.0,4.0,0.8,1479.7834747526374,1785.0017425358587,0.0,5
2024-05-11,Bournemouth,Brentford,1,2,A,PL_2023-24,1.4,1.4,1.6,1.6,2.0,1.0,1500.893584568994,1481.8704076960353,0.0,3
2024-05-11,Everton,Sheffield United,1,0,H,PL_2023-24,2.0,1.2,1.4,0.0,1.0,3.6,1487.6563437747457,1311.366372027614,0.3333333333333333,3
2024-05-11,Newcastle,Brighton,1,1,D,PL_2023-24,2.4,2.8,0.8,0.8,0.4,2.2,1588.181338231024,1532.9307110270277,0.2857142857142857,7
2024-05-11,Tottenham,Burnley,2,1,H,PL_2023-24,0.6,1.4,2.8,1.0,1.4,1.6,1581.5573975893744,1387.7936937709273,0.8,5
2024-05-11,West Ham,Luton,3,1,H,PL_2023-24,0.8,1.2,3.0,0.8,1.2,2.8,1498.9589691446224,1414.6409938405413,1.0,1
2024-05-11,Wolves,Crystal Palace,1,3,A,PL_2023-24,0.8,1.0,2.2,2.6,2.6,0.6,1477.6397221515206,1498.2197322095253,0.2857142857142857,7
2024-05-11,Nott'm Forest,Chelsea,2,3,A,PL_2023-24,0.8,1.2,2.0,2.0,3.0,1.4,1435.9093704274424,1562.8898898060008,0.3333333333333333,3
2024-05-12,Man United,Arsenal,0,1,A,PL_2023-24,1.2,1.8,2.2,2.4,2.6,0.8,1587.133927920598,1729.8917186542617,0.2857142857142857,7
2024-05-13,Aston Villa,Liverpool,3,3,D,PL_2023-24,1.6,2.0,1.4,1.4,1.8,1.6,1605.087332527893,1704.4137549193022,0.14285714285714285,7
2024-05-14,Tottenham,Man City,0,2,A,PL_2023-24,0.6,1.2,2.8,3.0,4.0,0.4,1584.6701804596642,1789.698000685879,0.5714285714285714,7
2024-05-15,Man United,Newcastle,3,2,H,PL_2023-24,1.0,1.4,2.0,2.0,2.8,1.0,1578.358420471297,1583.9882984608942,0.42857142857142855,7
2024-05-15,Brighton,Chelsea,1,2,A,PL_2023-24,1.0,0.6,1.8,2.0,2.4,1.8,1537.1237507971575,1572.114885292064,0.2857142857142857,7
2024-05-19,Sheffield United,Tottenham,0,3,A,PL_2023-24,0.0,1.0,3.4,0.6,1.2,2.4,1307.979968367598,1577.6042891190098,0.0,3
2024-05-19,Crystal Palace,Aston Villa,5,0,H,PL_2023-24,2.6,3.0,0.8,1.6,2.0,1.4,1510.4666233408745,1605.067945430176,0.2857142857142857,7
2024-05-19,Luton,Fulham,2,4,A,PL_2023-24,0.2,1.0,3.2,1.0,0.8,1.6,1409.49870055092,1475.0872166026172,0.0,1
2024-05-19,Liverpool,Wolves,2,0,H,PL_2023-24,1.6,2.4,2.0,0.6,0.8,2.4,1704.4331420170192,1465.3928310201713,0.8571428571428571,7
2024-05-19,Man City,West Ham,3,1,H,PL_2023-24,3.0,3.4,0.2,0.8,1.4,3.0,1796.7638920265333,1504.1012624342438,0.7142857142857143,7
2024-05-19,Brentford,Newcastle,2,4,A,PL_2023-24,2.0,1.8,0.6,1.4,2.4,1.6,1495.1681618176326,1576.6396056222054,0.0,5
2024-05-19,Burnley,Nott'm Forest,1,2,A,PL_2023-24,1.0,1.6,1.8,0.8,1.4,2.0,1384.6809109006376,1426.6843749413792,0.0,1
2024-05-19,Brighton,Man United,0,2,A,PL_2023-24,0.8,0.6,2.0,1.4,1.6,2.0,1525.2741797436947,1585.7071133099857,0.5714285714285714,7
2024-05-19,Chelsea,Bournemouth,2,1,H,PL_2023-24,2.6,2.8,1.0,1.2,1.2,1.6,1583.9644563455267,1487.5958304473966,0.6666666666666666,3
2024-05-19,Arsenal,Everton,2,1,H,PL_2023-24,3.0,2.8,0.4,2.6,1.4,0.2,1738.6672261035626,1491.0427474347616,0.42857142857142855,7
2024-08-16,Man United,Fulham,1,0,H,PL_2024-25,1.4,1.2,1.6,1.0,1.2,2.0,1596.8410471217787,1486.0744327199548,0.6666666666666666,6
2024-08-17,Ipswich,Liverpool,0,2,A,PL_2024-25,1.3726810954063604,1.4400618374558305,1.4534452296819789,1.6,2.2,1.8,1500.0,1706.9205631845132,0.5,0
2024-08-17,Arsenal,Wolves,2,0,H,PL_2024-25,3.0,2.8,0.6,0.6,0.8,2.4,1741.0490021804205,1462.9054098526774,0.75,8
2024-08-17,Everton,Brighton,0,3,A,PL_2024-25,2.0,1.2,0.6,0.8,0.6,1.6,1488.6609713579037,1514.1402459319017,0.375,8
2024-08-17,Newcastle,Southampton,1,0,H,PL_2024-25,2.0,3.2,1.6,0.2,1.8,3.2,1587.172395343639,1363.4111495992959,0.6666666666666666,6
2024-08-17,Nott'm Forest,Bournemouth,1,1,D,PL_2024-25,1.2,1.4,1.8,1.2,1.2,1.4,1438.338315665115,1482.7140428652126,0.0,4
2024-08-17,West Ham,Aston Villa,1,2,A,PL_2024-25,0.8,1.6,3.2,1.0,1.6,2.4,1502.2120501293557,1595.223319366381,0.625,8
2024-08-18,Chelsea,Man City,0,2,A,PL_2024-25,3.0,2.8,0.8,3.0,3.2,0.4,1588.8462439277107,1798.6531043314214,0.125,8
2024-08-18,Brentford,Crystal Palace,2,1,H,PL_2024-25,1.4,1.8,1.4,2.6,3.0,0.4,1484.635372096199,1520.3112494046695,0.0,6
2024-08-19,Leicester,Tottenham,1,1,D,PL_2024-25,1.0,1.4,2.2,1.2,1.4,1.8,1446.9810409337526,1583.0762794227799,0.3333333333333333,6
2024-08-24,Brighton,Man United,2,1,H,PL_2024-25,1.4,1.2,1.0,1.8,1.2,1.4,1526.2528272787606,1601.4235060247374,0.5,8
2024-08-24,Crystal Palace,West Ham,0,2,A,PL_2024-25,2.0,2.8,0.8,0.8,1.4,2.6,1512.1417792694622,1492.0109254141048,0.375,8
2024-08-24,Fulham,Leicester,2,1,H,PL_2024-25,1.0,1.0,1.6,1.0,1.2,2.0,1481.491973816996,1448.0162237662967,0.75,4
2024-08-24,Man City,Ipswich,4,1,H,PL_2024-25,3.0,3.2,0.4,0.0,0.0,2.0,1805.5937988475082,1492.9838162686424,0.5,0
2024-08-24,Southampton,Nott'm Forest,0,1,A,PL_2024-25,0.2,1.6,2.8,1.4,1.6,1.6,1360.7257476505667,1436.7508604207121,0.0,2
2024-08-24,Tottenham,Everton,4,0,H,PL_2024-25,1.4,1.6,1.6,1.4,0.8,1.2,1582.0410965902358,1476.5483900110448,0.375,8
2024-08-24,Aston Villa,Arsenal,0,2,A,PL_2024-25,1.0,1.4,2.4,3.0,2.2,0.6,1605.424444081632,1743.0861237610936,0.5,8
2024-08-25,Bournemouth,Newcastle,1,1,D,PL_2024-25,0.8,1.2,1.6,2.0,2.4,1.4,1484.3014981096155,1589.857797292368,0.25,4
2024-08-25,Wolves,Chelsea,2,6,A,PL_2024-25,0.6,0.8,2.6,2.4,2.4,1.2,1460.8682882720043,1581.905549411624,0.5,8
2024-08-25,Liverpool,Brentford,2,0,H,PL_2024-25,2.2,2.6,1.4,1.4,1.2,1.4,1713.9367469158708,1492.8048422314064,0.6666666666666666,6
2024-08-31,Nott'm Forest,Wolves,1,1,D,PL_2024-25,2.0,1.8,1.2,0.0,0.8,3.6,1447.4398199461025,1451.4730504184242,0.0,4
2024-08-31,Leicester,Aston Villa,1,2,A,PL_2024-25,1.0,0.8,1.4,0.8,1.0,2.4,1441.6794930425651,1596.5042084656288,0.3333333333333333,6
2024-08-31,Everton,Bournemouth,2,3,A,PL_2024-25,0.8,0.6,2.0,0.4,0.8,1.8,1471.85780650741,1484.4614076232222,0.5,4
2024-08-31,Ipswich,Fulham,1,1,D,PL_2024-25,0.0,0.5,3.0,1.4,1.2,1.6,1491.2821062729436,1487.8287045407276,0.5,0
2024-08-31,Brentford,Southampton,3,1,H,PL_2024-25,1.4,1.2,1.6,0.2,1.0,2.2,1490.084057111608,1350.0367881251764,0.75,4
2024-08-31,Arsenal,Brighton,1,1,D,PL_2024-25,3.0,2.0,0.2,1.4,1.4,1.2,1752.0063593770967,1535.5393960933877,0.625,8
2024-08-31,West Ham,Man City,1,3,A,PL_2024-25,1.2,1.4,2.2,3.0,3.0,0.4,1505.3370639313523,1807.295508843207,0.0,8
2024-09-01,Chelsea,Crystal Palace,1,1,D,PL_2024-25,2.4,2.6,1.6,1.8,2.6,1.0,1591.300787265204,1498.8156407522147,1.0,8
2024-09-01,Newcastle,Tottenham,2,1,H,PL_2024-25,1.6,1.8,1.4,2.0,2.0,0.8,1589.6978877787615,1586.7316800938706,0.375,8
2024-09-01,Man United,Liverpool,0,3,A,PL_2024-25,1.8,1.4,1.0,2.6,2.6,1.0,1592.1369372101103,1716.6575320356692,0.125,8
2024-09-14,Man City,Brentford,2,1,H,PL_2024-25,3.0,2.8,0.6,1.8,1.8,1.8,1812.059534739439,1494.0983841556038,0.6666666666666666,6
2024-09-14,Bournemouth,Chelsea,0,1,A,PL_2024-25,1.0,1.4,1.6,2.0,2.2,1.4,1496.9251312889642,1586.2655407286024,0.0,4
2024-09-14,Aston Villa,Everton,3,2,H,PL_2024-25,1.4,1.4,2.4,0.6,0.8,2.4,1604.9391945574937,1459.394082841668,0.75,8
2024-09-14,Liverpool,Nott'm Forest,0,1,A,PL_2024-25,2.6,2.4,0.6,1.6,1.4,1.2,1725.9529420417368,1444.7458402574719,0.75,4
2024-09-14,Fulham,West Ham,1,1,D,PL_2024-25,1.4,1.4,1.8,1.2,1.6,1.8,1490.7213441400918,1500.5730380351204,0.3333333333333333,6
2024-09-14,Southampton,Man United,0,3,A,PL_2024-25,0.2,1.2,2.4,1.8,1.4,1.4,1346.0224610811806,1582.8415272040427,0.0,6
2024-09-14,Crystal Palace,Leicester,2,2,D,PL_2024-25,1.4,2.0,1.2,1.0,1.0,1.2,1503.8508872888162,1433.2445069507003,0.16666666666666666,6
2024-09-14,Brighton,Ipswich,0,0,D,PL_2024-25,1.4,1.4,1.2,0.3333333333333333,0.6666666666666666,2.3333333333333335,1542.7548684421379,1488.3894666735794,0.5,0
2024-09-15,Tottenham,Arsenal,0,1,A,PL_2024-25,1.4,1.8,1.0,2.6,1.6,0.4,1579.6114652353297,1744.7908870283466,0.25,8
2024-09-15,Wolves,Newcastle,1,2,A,PL_2024-25,0.2,0.8,2.8,2.0,2.0,1.4,1454.1670301070549,1596.8181026373024,0.125,8
2024-09-21,Tottenham,Brentford,3,1,H,PL_2024-25,1.4,1.8,0.8,1.2,1.6,2.0,1571.465776929779,1492.4440242617745,0.3333333333333333,6
2024-09-21,Southampton,Ipswich,1,1,D,PL_2024-25,0.2,1.0,2.4,0.5,0.5,1.75,1339.7687501069524,1492.5614847774143,0.5,0
2024-09-21,Crystal Palace,Man United,0,0,D,PL_2024-25,1.0,1.8,1.4,1.8,1.4,1.0,1499.3004357591471,1589.0952381782708,0.5,8
2024-09-21,Liverpool,Bournemouth,3,0,H,PL_2024-25,2.4,1.8,0.2,1.0,1.2,1.4,1707.9580239555776,1486.618419840706,0.75,4
2024-09-21,Leicester,Everton,1,1,D,PL_2024-25,1.0,1.4,1.6,0.0,1.0,3.0,1437.7949584803694,1455.4803404235433,0.16666666666666666,6
2024-09-21,Aston Villa,Wolves,3,1,H,PL_2024-25,1.8,1.4,2.2,0.2,0.8,2.6,1608.8529369756184,1445.3884970022154,0.25,8
2024-09-21,West Ham,Chelsea,0,3,A,PL_2024-25,0.8,1.2,1.8,2.0,2.0,1.2,1503.1110137399921,1596.5722521768605,0.25,8
2024-09-21,Fulham,Newcastle,3,1,H,PL_2024-25,1.6,1.6,1.2,2.6,2.0,1.0,1488.18336843522,1605.5966357421419,0.0,6
2024-09-22,Brighton,Nott'm Forest,2,2,D,PL_2024-25,1.6,1.2,0.8,2.2,1.2,0.6,1538.582850338303,1462.7407583436311,0.5,4
2024-09-22,Man City,Arsenal,2,2,D,PL_2024-25,3.0,2.8,0.8,2.6,1.6,0.4,1813.7138946332682,1752.9365753338973,0.75,8
2024-09-28,Wolves,Liverpool,1,2,A,PL_2024-25,0.2,1.0,2.8,2.4,2.0,0.2,1441.7893109168622,1710.6759998262157,0.125,8
2024-09-28,Nott'm Forest,Fulham,0,1,A,PL_2024-25,1.8,1.2,0.8,1.6,1.4,1.0,1467.409879020524,1498.6841433188674,0.25,4
2024-09-28,Everton,Crystal Palace,2,1,H,PL_2024-25,0.2,1.0,2.8,0.6,0.8,1.4,1457.8061898856517,1499.00679100567,0.5,8
2024-09-28,Chelsea,Brighton,4,2,H,PL_2024-25,2.0,2.2,1.0,1.8,1.6,0.8,1606.760430646369,1533.9137296614101,0.375,8
2024-09-28,Brentford,West Ham,1,1,D,PL_2024-25,1.2,1.4,1.8,0.8,1.0,1.8,1487.1844048886437,1492.9228352704836,0.8333333333333334,6
2024-09-28,Arsenal,Leicester,4,2,H,PL_2024-25,2.2,1.6,0.6,0.6,1.2,1.6,1757.2598393254714,1435.469109018261,0.8333333333333334,6
2024-09-28,Newcastle,Man City,1,1,D,PL_2024-25,2.0,1.4,1.2,2.6,2.6,1.0,1595.0958608584945,1809.390630641694,0.0,8
2024-09-29,Ipswich,Aston Villa,2,2,D,PL_2024-25,0.6,0.6,1.6,2.4,2.0,1.4,1491.0535751357802,1612.4521230609716,0.5,0
2024-09-29,Man United,Tottenham,0,3,A,PL_2024-25,1.4,1.0,1.0,1.4,1.8,1.0,1589.388882931748,1576.7253963029098,0.5,8
2024-09-30,Bournemouth,Southampton,3,1,H,PL_2024-25,1.0,1.0,1.6,0.2,0.4,1.8,1483.900443970068,1341.2766597485866,0.5,2
2024-10-05,Crystal Palace,Liverpool,0,1,A,PL_2024-25,0.6,0.8,1.4,2.4,2.0,0.4,1490.6831992239747,1716.1648841827448,0.125,8
2024-10-05,West Ham,Ipswich,4,1,H,PL_2024-25,1.0,1.0,1.6,0.8,1.0,1.6,1495.5712374289722,1491.6686972647315,0.5,0
2024-10-05,Man City,Fulham,3,2,H,PL_2024-25,2.2,2.4,1.2,2.2,1.6,0.8,1806.2147097649763,1510.6368268395986,1.0,6
2024-10-05,Leicester,Bournemouth,1,0,H,PL_2024-25,0.4,1.4,2.2,1.4,1.4,1.6,1433.8478962198458,1487.8673936756352,0.0,2
2024-10-05,Brentford,Wolves,5,3,H,PL_2024-25,0.8,1.2,1.8,0.2,1.2,2.8,1484.5360027301551,1436.300426560333,0.3333333333333333,6
2024-10-05,Arsenal,Southampton,3,1,H,PL_2024-25,2.2,2.0,1.0,0.2,0.6,2.2,1758.8810521238865,1337.3097100430193,0.3333333333333333,6
2024-10-05,Everton,Newcastle,0,0,D,PL_2024-25,0.8,1.4,2.4,1.6,1.4,1.4,1466.129781667347,1598.2717817352122,0.25,8
2024-10-06,Aston Villa,Man United,0,0,D,PL_2024-25,2.0,2.0,1.6,0.8,0.8,1.6,1611.8370009320204,1576.2552410812045,0.25,8
2024-10-06,Chelsea,Nott'm Forest,1,1,D,PL_2024-25,2.6,3.0,1.0,1.6,1.0,0.8,1612.158999750836,1455.4571954997928,0.25,4
2024-10-06,Brighton,Tottenham,3,2,H,PL_2024-25,1.2,1.4,1.6,1.8,2.2,0.8,1528.515160556943,1589.8590381534532,0.375,8
2024-10-19,Man United,Brentford,2,1,H,PL_2024-25,1.0,0.6,1.2,1.4,2.2,2.0,1579.9708749069216,1490.510771378327,0.6666666666666666,6
2024-10-19,Newcastle,Brighton,0,1,A,PL_2024-25,1.6,1.2,1.2,1.2,1.6,1.8,1597.3492908172555,1537.407116333353,0.25,8
2024-10-19,Southampton,Leicester,2,3,A,PL_2024-25,0.2,0.8,2.6,1.0,1.4,1.8,1336.363364108424,1442.5321436210684,0.3333333333333333,6
2024-10-19,Tottenham,West Ham,4,1,H,PL_2024-25,1.2,1.8,1.4,1.0,1.4,1.8,1580.9670823770432,1502.666756690311,0.25,8
2024-10-19,Fulham,Aston Villa,1,3,A,PL_2024-25,1.6,1.6,1.2,2.2,2.0,1.2,1508.7761289434793,1608.1213671063033,0.16666666666666666,6
2024-10-19,Ipswich,Everton,0,2,A,PL_2024-25,0.8,1.0,1.6,1.0,1.4,1.6,1484.5731780033925,1467.0522725853039,0.5,0
2024-10-19,Bournemouth,Arsenal,2,0,H,PL_2024-25,1.2,1.2,1.6,2.2,2.2,1.2,1479.1831462744126,1759.8273980584818,0.0,4
2024-10-20,Liverpool,Chelsea,2,1,H,PL_2024-25,2.4,1.8,0.4,2.2,2.0,0.8,1722.7024835037264,1605.8745182261146,0.25,8
2024-10-20,Wolves,Man City,1,2,A,PL_2024-25,0.2,1.4,2.6,2.2,2.2,1.4,1430.3256579121612,1808.0754076610956,0.125,8
2024-10-21,Nott'm Forest,Crystal Palace,1,0,H,PL_2024-25,1.2,1.0,1.0,0.6,0.8,1.2,1461.7416770245143,1484.1455999029931,0.25,4
2024-10-25,Leicester,Nott'm Forest,1,3,A,PL_2024-25,1.6,1.8,1.8,1.6,1.0,0.8,1452.354610529375,1469.5446904372259,0.5,2
2024-10-26,Aston Villa,Bournemouth,1,1,D,PL_2024-25,2.2,2.2,1.2,1.2,1.0,1.2,1618.1402126445648,1493.95965205382,0.5,4
2024-10-26,Brentford,Ipswich,4,3,H,PL_2024-25,0.8,1.8,2.2,0.6,0.8,1.8,1485.4807405468039,1471.3140152137703,0.5,0
2024-10-26,Brighton,Wolves,2,2,D,PL_2024-25,1.6,1.6,1.6,0.0,1.4,2.8,1551.7108153677325,1426.9628268378183,0.5,8
2024-10-26,Man City,Southampton,1,0,H,PL_2024-25,2.2,2.0,1.4,0.2,1.0,2.6,1811.4382387354385,1326.5408972001176,0.6666666666666666,6
2024-10-26,Everton,Fulham,1,1,D,PL_2024-25,1.6,1.4,1.0,1.4,1.6,1.6,1480.311435374926,1498.7572834052178,0.16666666666666666,6
2024-10-27,Chelsea,Newcastle,2,1,H,PL_2024-25,2.0,2.0,1.0,1.0,0.8,1.2,1601.4141492262286,1583.045591782876,0.625,8
2024-10-27,Crystal Palace,Tottenham,1,0,H,PL_2024-25,0.4,0.6,1.2,1.8,2.4,1.2,1476.3425864902815,1586.2428159283927,0.125,8
2024-10-27,West Ham,Man United,2,1,H,PL_2024-25,1.0,1.4,2.0,1.6,1.0,0.8,1497.3910231389616,1585.0009057384448,0.25,8
2024-10-27,Arsenal,Liverpool,2,2,D,PL_2024-25,2.0,2.0,1.4,2.4,1.6,0.6,1745.0508922790743,1727.1628525036124,0.25,8
2024-11-02,Wolves,Crystal Palace,2,2,D,PL_2024-25,0.2,1.6,2.8,0.8,0.4,0.8,1432.6584631756687,1486.6274608999702,0.25,8
2024-11-02,Southampton,Everton,1,0,H,PL_2024-25,0.2,1.0,2.2,1.8,1.2,0.6,1325.8740010208226,1478.0063003520233,0.5,6
2024-11-02,Nott'm Forest,West Ham,3,0,H,PL_2024-25,1.6,1.4,1.0,1.4,1.6,2.0,1481.8840201732737,1507.034557992506,0.5,4
2024-11-02,Liverpool,Brighton,2,1,H,PL_2024-25,2.6,2.0,0.8,1.6,2.0,2.0,1730.431456575191,1546.0151790298821,0.25,8
2024-11-02,Ipswich,Leicester,1,1,D,PL_2024-25,0.4,1.4,2.6,1.4,1.6,2.0,1464.4866220156694,1440.015280793327,0.5,0
2024-11-02,Newcastle,Arsenal,1,0,H,PL_2024-25,0.4,0.6,1.4,1.6,2.2,1.8,1576.3265430655465,1741.7822882074956,0.25,8
2024-11-02,Bournemouth,Man City,2,1,H,PL_2024-25,1.4,1.2,1.2,2.2,1.8,1.2,1499.6442443487413,1812.1051349147335,0.0,4
2024-11-03,Tottenham,Aston Villa,4,1,H,PL_2024-25,1.8,2.4,1.2,1.8,1.8,1.0,1575.957941518704,1612.4556203496436,0.5,8
2024-11-03,Man United,Chelsea,1,1,D,PL_2024-25,1.0,0.6,1.2,2.0,2.2,1.2,1575.3573708849003,1608.1331979435581,0.25,8
2024-11-04,Fulham,Brentford,2,1,H,PL_2024-25,1.4,1.6,1.6,1.4,2.4,2.4,1501.0624184281205,1492.3081337449048,0.25,4
2024-11-09,Brentford,Bournemouth,3,2,H,PL_2024-25,1.4,2.4,2.2,2.0,1.6,0.8,1485.3399537418195,1515.0961471206617,0.5,4
2024-11-09,Crystal Palace,Fulham,0,2,A,PL_2024-25,0.8,0.8,1.2,1.4,1.4,1.6,1487.9446418074856,1508.0305984312058,0.16666666666666666,6
2024-11-09,West Ham,Everton,0,0,D,PL_2024-25,1.4,1.6,2.0,1.6,1.0,0.6,1499.1561770541975,1466.5169726495822,0.625,8
2024-11-09,Wolves,Southampton,2,0,H,PL_2024-25,0.4,1.8,2.6,0.6,1.0,2.0,1431.3412822681532,1337.3633287232637,0.8333333333333334,6
2024-11-09,Brighton,Man City,2,1,H,PL_2024-25,1.4,1.8,2.0,2.0,1.6,1.2,1542.7583370822583,1796.653232142813,0.125,8
2024-11-09,Liverpool,Aston Villa,2,0,H,PL_2024-25,2.6,1.8,1.0,1.2,1.4,1.6,1733.6882985228149,1604.2632795911288,0.625,8
2024-11-10,Man United,Leicester,3,0,H,PL_2024-25,1.0,0.8,1.4,1.4,1.6,2.0,1573.4462927592738,1443.4520618962886,0.3333333333333333,6
2024-11-10,Nott'm Forest,Newcastle,1,3,A,PL_2024-25,2.0,1.6,0.6,1.0,0.6,0.8,1489.7624011115822,1588.1885333818395,0.25,4
2024-11-10,Tottenham,Ipswich,1,2,A,PL_2024-25,1.8,2.6,1.2,0.4,1.4,2.6,1584.1502822772188,1461.0498409127079,0.5,0
2024-11-10,Chelsea,Arsenal,1,1,D,PL_2024-25,1.6,1.8,1.4,1.4,1.8,1.6,1610.0442760691847,1729.9202978912026,0.125,8
2024-11-23,Man City,Tottenham,0,4,A,PL_2024-25,1.8,1.6,1.4,1.2,2.2,1.6,1782.4924054948785,1568.4867694309394,0.375,8
2024-11-23,Everton,Brentford,0,0,D,PL_2024-25,1.2,0.6,0.4,1.8,2.8,2.4,1470.1593769630217,1493.3452787468582,0.5,6
2024-11-23,Aston Villa,Crystal Palace,2,2,D,PL_2024-25,1.0,1.0,1.6,0.8,0.6,1.2,1600.049164558039,1475.6842528965258,0.5,8
2024-11-23,Bournemouth,Brighton,1,2,A,PL_2024-25,1.4,1.4,1.2,2.0,1.8,1.4,1507.090822115623,1556.9191637301928,0.25,4
2024-11-23,Leicester,Chelsea,1,2,A,PL_2024-25,1.4,1.2,1.8,1.2,1.2,1.2,1439.2488352401888,1610.6157306938128,0.16666666666666666,6
2024-11-23,Fulham,Wolves,1,4,A,PL_2024-25,1.4,1.6,1.6,1.0,2.0,2.2,1520.2909873421656,1436.274032312236,0.16666666666666666,6
2024-11-23,Arsenal,Nott'm Forest,3,0,H,PL_2024-25,1.0,1.2,1.4,2.0,1.8,1.0,1729.3488432665745,1479.7171018667755,0.75,4
2024-11-24,Southampton,Liverpool,2,3,A,PL_2024-25,0.6,0.8,1.8,2.6,1.8,0.8,1332.430578679181,1737.9024135559048,0.16666666666666666,6
2024-11-24,Ipswich,Man United,1,1,D,PL_2024-25,0.8,1.4,2.4,1.6,1.4,0.8,1476.7133537589873,1577.6495194153736,0.5,0
2024-11-25,Newcastle,West Ham,0,2,A,PL_2024-25,1.4,1.0,0.8,1.4,1.4,1.8,1598.2338326266463,1495.513772740758,0.5,8
2024-11-29,Brighton,Southampton,1,1,D,PL_2024-25,2.0,1.6,1.2,0.6,1.0,1.8,1568.3532655330275,1329.490855212195,0.5,6
2024-11-30,Nott'm Forest,Ipswich,1,0,H,PL_2024-25,1.8,1.6,1.4,1.0,1.4,1.8,1477.3594626564181,1476.7402987073397,0.5,0
2024-11-30,Brentford,Leicester,4,1,H,PL_2024-25,1.4,1.8,1.8,0.8,1.2,2.2,1495.5208339753024,1431.274529094083,0.0,4
2024-11-30,West Ham,Arsenal,2,5,A,PL_2024-25,1.4,1.0,1.6,1.0,1.2,1.2,1510.765639871908,1731.7064824769318,0.125,8
2024-11-30,Crystal Palace,Newcastle,1,1,D,PL_2024-25,1.0,1.0,1.4,1.2,1.0,1.2,1481.3724355301185,1582.9819654954963,0.25,8
2024-11-30,Wolves,Bournemouth,2,4,A,PL_2024-25,1.6,2.2,1.4,1.4,1.6,1.4,1451.125116662612,1495.6567203127884,0.25,4
2024-12-01,Chelsea,Aston Villa,3,0,H,PL_2024-25,1.6,1.4,1.2,1.0,1.4,2.0,1618.5900368399186,1594.3609819244462,0.375,8
2024-12-01,Man United,Everton,4,0,H,PL_2024-25,1.6,1.6,1.0,1.2,0.6,0.4,1577.6225744670212,1467.9838217345775,0.625,8
2024-12-01,Tottenham,Fulham,1,1,D,PL_2024-25,1.8,2.6,1.0,1.4,1.4,1.8,1585.6681080393957,1505.4399029917895,0.6666666666666666,6
2024-12-01,Liverpool,Man City,2,0,H,PL_2024-25,2.6,2.2,1.2,1.2,1.0,1.8,1740.842137022891,1765.3110668864222,0.125,8
2024-12-03,Ipswich,Crystal Palace,0,1,A,PL_2024-25,1.0,1.4,1.6,1.2,1.2,1.4,1469.5580130008952,1481.4187611950335,0.5,0
2024-12-03,Leicester,West Ham,3,1,H,PL_2024-25,0.2,0.8,2.6,1.4,1.2,1.8,1425.6786251906572,1504.1124964344253,0.3333333333333333,6
2024-12-04,Aston Villa,Brentford,3,1,H,PL_2024-25,0.4,0.8,2.4,2.0,2.4,1.6,1587.7916116732638,1501.1167378787281,0.3333333333333333,6
2024-12-04,Southampton,Chelsea,1,5,A,PL_2024-25,0.8,0.8,1.4,2.2,1.8,0.8,1337.0012026839745,1625.159407091101,0.3333333333333333,6
2024-12-04,Arsenal,Man United,2,0,H,PL_2024-25,1.6,2.2,1.2,1.6,2.0,0.8,1738.3596259144144,1582.2280085094437,0.625,8
2024-12-04,Man City,Nott'm Forest,3,0,H,PL_2024-25,0.6,0.6,2.0,1.8,1.6,1.4,1757.4514133131943,1484.5417483628626,0.75,4
2024-12-04,Newcastle,Liverpool,3,3,D,PL_2024-25,1.4,1.2,1.2,2.6,2.2,1.0,1582.9356398305813,1748.7017905961188,0.0,8
2024-12-04,Everton,Wolves,4,0,H,PL_2024-25,0.6,0.2,1.2,1.6,2.4,1.8,1463.378387692155,1439.542035154242,0.25,8
2024-12-05,Fulham,Brighton,3,1,H,PL_2024-25,1.6,1.4,1.4,1.6,1.6,1.4,1510.207160746998,1560.842918061248,0.5,6
2024-12-05,Bournemouth,Tottenham,1,0,H,PL_2024-25,1.4,2.0,1.8,1.4,2.0,1.0,1507.2398018211584,1580.9008502841873,0.25,4
2024-12-07,Aston Villa,Southampton,1,0,H,PL_2024-25,0.8,1.2,2.4,0.8,1.0,2.2,1592.8822467025298,1331.9429033953006,0.6666666666666666,6
2024-12-07,Brentford,Newcastle,4,2,H,PL_2024-25,1.4,1.8,1.6,1.6,1.6,1.4,1496.0261028494622,1584.8062531529843,0.0,6
2024-12-07,Crystal Palace,Man City,2,2,D,PL_2024-25,1.2,1.2,1.4,0.6,1.0,2.0,1493.9025574681311,1759.544324611576,0.125,8
2024-12-07,Man United,Nott'm Forest,2,3,A,PL_2024-25,1.6,1.8,0.8,1.2,1.0,1.8,1578.5025500884244,1482.4488370644808,0.75,4
2024-12-08,Fulham,Arsenal,1,1,D,PL_2024-25,2.0,1.8,1.4,2.0,2.2,0.8,1518.795827832974,1742.0850843354337,0.16666666666666666,6
2024-12-08,Ipswich,Bournemouth,1,2,A,PL_2024-25,1.0,0.8,1.0,1.8,2.0,1.6,1457.0742167277976,1516.4831548088214,0.5,0
2024-12-08,Leicester,Brighton,2,2,D,PL_2024-25,0.8,1.2,2.2,1.4,1.4,1.6,1435.0586980910123,1552.2542509752718,0.3333333333333333,6
2024-12-08,Tottenham,Chelsea,3,4,A,PL_2024-25,1.4,2.0,1.0,2.2,2.4,0.8,1571.6574972965243,1630.2177063797749,0.125,8
2024-12-09,West Ham,Wolves,2,1,H,PL_2024-25,0.8,1.0,2.2,1.4,2.0,2.2,1494.7324235340702,1432.9626884170393,0.75,8
2024-12-14,Arsenal,Everton,0,0,D,PL_2024-25,2.2,2.4,0.8,1.0,0.8,1.0,1738.6783427447192,1469.9577344293577,0.5,8
2024-12-14,Wolves,Ipswich,1,2,A,PL_2024-25,1.2,1.8,2.2,0.8,0.8,1.2,1427.309148932885,1445.9111987260665,0.5,0
2024-12-14,Newcastle,Leicester,4,0,H,PL_2024-25,1.0,1.8,2.2,0.8,1.4,2.4,1575.1290741750875,1435.553222168931,0.5,6
2024-12-14,Liverpool,Fulham,2,2,D,PL_2024-25,2.6,2.4,1.2,1.6,1.6,1.4,1746.8311772737159,1522.2025694236886,0.5,6
2024-12-14,Nott'm Forest,Aston Villa,2,1,H,PL_2024-25,1.2,1.0,2.2,1.4,1.2,1.6,1497.560356851917,1595.107844327471,0.25,4
2024-12-15,Brighton,Crystal Palace,1,3,A,PL_2024-25,1.6,1.6,1.6,1.2,1.2,1.4,1551.7597268973532,1498.338970501188,0.25,8
2024-12-15,Man City,Man United,1,2,A,PL_2024-25,0.8,1.2,2.0,1.4,2.0,1.2,1755.1079115785192,1563.3910303009882,0.625,8
2024-12-15,Chelsea,Brentford,2,1,H,PL_2024-25,2.6,3.0,1.2,2.0,2.4,1.6,1641.4048154524025,1505.703281827359,0.16666666666666666,6
2024-12-15,Southampton,Tottenham,0,5,A,PL_2024-25,0.2,0.8,2.4,0.8,1.8,1.6,1329.7173057703594,1560.4703882238966,0.16666666666666666,6
2024-12-16,Bournemouth,West Ham,1,1,D,PL_2024-25,1.8,2.0,1.6,1.4,1.4,1.8,1527.6461728105526,1500.3859630182246,0.0,4
2024-12-21,Aston Villa,Man City,2,1,H,PL_2024-25,1.4,1.4,1.6,0.8,1.2,2.0,1585.1784321397968,1738.2517882245354,0.125,8
2024-12-21,Brentford,Nott'm Forest,0,2,A,PL_2024-25,1.4,2.0,1.6,1.8,1.2,1.8,1501.6080873637009,1507.4897690395912,0.5,4
2024-12-21,Ipswich,Newcastle,0,4,A,PL_2024-25,0.8,0.8,1.2,1.0,2.0,2.0,1458.2120763534258,1579.1521154124625,0.5,0
2024-12-21,West Ham,Brighton,1,1,D,PL_2024-25,1.4,1.6,2.0,1.0,1.4,2.0,1503.8933368771652,1537.6101908605579,0.125,8
2024-12-21,Crystal Palace,Arsenal,1,5,A,PL_2024-25,1.8,1.8,1.2,2.2,2.2,0.6,1512.4885065379833,1730.8168741987272,0.125,8
2024-12-22,Man United,Bournemouth,0,3,A,PL_2024-25,1.4,1.8,1.4,2.0,1.8,1.2,1580.247153654972,1524.138798951612,0.5,4
2024-12-22,Fulham,Southampton,0,0,D,PL_2024-25,1.2,1.6,1.8,0.2,0.8,3.0,1529.528754038077,1323.3125326166737,0.5,4
2024-12-22,Leicester,Wolves,0,3,A,PL_2024-25,0.8,1.4,2.6,0.6,1.6,2.6,1431.5301809315558,1415.0082713055256,0.6666666666666666,6
2024-12-22,Everton,Chelsea,0,0,D,PL_2024-25,1.2,0.8,0.8,3.0,3.2,1.2,1477.8192029753498,1645.5000099160607,0.375,8
2024-12-22,Tottenham,Liverpool,3,6,A,PL_2024-25,1.4,2.6,1.2,2.2,2.4,1.4,1566.8751613775823,1739.5049926593274,0.125,8
2024-12-26,Wolves,Man United,2,0,H,PL_2024-25,0.6,1.4,2.4,1.2,1.6,1.8,1428.2417108781408,1566.0337880169925,0.125,8
2024-12-26,Southampton,West Ham,0,1,A,PL_2024-25,0.4,0.4,2.4,1.0,1.4,2.2,1330.38353815963,1502.0083679330896,0.16666666666666666,6
2024-12-26,Nott'm Forest,Tottenham,1,0,H,PL_2024-25,2.4,1.6,1.2,0.8,2.4,2.4,1520.1343368718183,1558.9356880366029,0.0,4
2024-12-26,Liverpool,Leicester,3,1,H,PL_2024-25,2.2,3.2,2.0,0.8,1.2,2.8,1747.4444660003069,1418.2967413589406,0.6666666666666666,6
2024-12-26,Chelsea,Fulham,1,2,A,PL_2024-25,2.6,2.8,1.0,1.4,1.4,1.0,1643.5762720051182,1522.4577484951208,0.6666666666666666,6
2024-12-26,Bournemouth,Crystal Palace,0,0,D,PL_2024-25,2.6,2.2,0.8,1.6,1.6,1.8,1538.3521645895914,1505.7684255470708,0.5,4
2024-12-26,Man City,Everton,1,1,D,PL_2024-25,0.8,1.4,1.6,1.2,0.8,0.8,1726.7359862649073,1479.7429408862922,0.875,8
2024-12-26,Newcastle,Aston Villa,3,0,H,PL_2024-25,1.6,2.8,1.6,1.8,1.4,1.4,1588.5501413552313,1596.6942340994249,0.5,8
2024-12-27,Brighton,Brentford,0,0,D,PL_2024-25,0.6,1.2,2.0,1.2,2.0,2.0,1539.4951598046334,1488.9635195314738,0.5,6
2024-12-27,Arsenal,Ipswich,1,0,H,PL_2024-25,2.2,2.6,0.8,0.6,0.6,1.8,1737.5369551896397,1448.814050410657,0.5,0
2024-12-29,Fulham,Bournemouth,2,2,D,PL_2024-25,1.8,1.6,1.0,2.2,1.4,0.4,1538.082389133734,1534.7111449791305,0.25,4
2024-12-29,Tottenham,Wolves,2,2,D,PL_2024-25,0.6,2.2,2.4,1.2,1.4,1.6,1550.6791328380002,1439.3251844946906,0.375,8
2024-12-29,West Ham,Liverpool,0,5,A,PL_2024-25,1.6,1.2,1.2,2.2,3.2,1.8,1509.9755558413544,1749.0036945353438,0.125,8
2024-12-29,Leicester,Man City,0,2,A,PL_2024-25,0.8,1.2,2.6,1.0,1.6,1.4,1416.7375128239037,1719.1253992481804,0.16666666666666666,6
2024-12-29,Crystal Palace,Southampton,2,1,H,PL_2024-25,1.6,1.4,1.6,0.2,0.2,2.4,1509.4094451575318,1322.4163502513652,0.6666666666666666,6
2024-12-29,Everton,Nott'm Forest,0,2,A,PL_2024-25,1.2,1.0,1.0,2.4,1.6,1.2,1487.353527903019,1528.390892070421,0.5,4
2024-12-30,Aston Villa,Brighton,2,2,D,PL_2024-25,1.8,1.4,1.4,0.6,1.0,1.8,1589.2781350339749,1535.4146977216556,0.625,8
2024-12-30,Ipswich,Chelsea,2,0,H,PL_2024-25,0.6,0.6,1.8,2.0,2.4,1.4,1446.885681623078,1627.951631366505,0.5,0
2024-12-30,Man United,Newcastle,0,2,A,PL_2024-25,0.6,0.8,2.2,2.0,3.2,1.4,1554.9503144004427,1595.9662404206813,0.5,8
2025-01-01,Brentford,Arsenal,1,3,A,PL_2024-25,0.8,1.2,1.8,2.2,1.8,0.4,1493.0439816144517,1739.4653239772188,0.16666666666666666,6
2025-01-04,Southampton,Brentford,0,5,A,PL_2024-25,0.2,0.2,1.8,0.8,1.2,1.8,1319.1997493166175,1487.0253639425625,0.2,5
2025-01-04,Man City,West Ham,4,1,H,PL_2024-25,1.0,1.4,1.4,1.6,1.0,1.6,1723.8804592655556,1503.7763729056223,0.7777777777777778,9
2025-01-04,Bournemouth,Everton,1,0,H,PL_2024-25,1.8,1.6,0.8,1.2,1.0,0.6,1537.6016176069538,1475.6725537469683,0.6,5
2025-01-04,Crystal Palace,Chelsea,1,1,D,PL_2024-25,1.6,1.6,1.8,1.4,1.4,1.6,1512.6260460922795,1615.6598055834847,0.0,9
2025-01-04,Aston Villa,Leicester,2,1,H,PL_2024-25,1.4,1.2,1.6,0.2,0.6,2.8,1585.118057089206,1411.9824528065285,0.5714285714285714,7
2025-01-04,Tottenham,Newcastle,1,2,A,PL_2024-25,0.8,2.6,2.6,2.4,3.0,0.8,1545.2496593760914,1607.6478141744633,0.3333333333333333,9
2025-01-04,Brighton,Arsenal,1,1,D,PL_2024-25,0.8,1.2,1.6,2.2,2.0,0.6,1539.5747756664243,1745.483941649108,0.2222222222222222,9
2025-01-05,Fulham,Ipswich,2,2,D,PL_2024-25,1.4,1.4,1.2,1.2,1.0,1.6,1535.1919165059107,1459.1775074060981,0.0,1
2025-01-05,Liverpool,Man United,2,2,D,PL_2024-25,2.2,3.8,1.8,0.6,0.8,2.2,1755.202877471076,1543.2687406466607,0.5555555555555556,9
2025-01-06,Wolves,Nott'm Forest,0,3,A,PL_2024-25,1.4,1.8,1.2,3.0,2.0,0.6,1444.7546579565994,1540.0718662264717,0.2,5
2025-01-14,Brentford,Man City,2,2,D,PL_2024-25,0.8,1.4,1.4,1.4,1.8,1.2,1495.0976126977212,1726.6151822184543,0.2857142857142857,7
2025-01-14,Chelsea,Bournemouth,2,2,D,PL_2024-25,1.0,0.8,1.2,1.8,1.4,0.6,1615.5724891853795,1543.2514383286148,0.8,5
2025-01-14,West Ham,Fulham,3,2,H,PL_2024-25,1.0,0.8,2.2,1.4,1.6,1.4,1501.0416499527237,1530.5189182877436,0.42857142857142855,7
2025-01-14,Nott'm Forest,Liverpool,1,1,D,PL_2024-25,3.0,2.0,0.2,2.2,3.6,1.6,1550.2066396459497,1748.0505369079845,0.4,5
2025-01-15,Arsenal,Tottenham,2,1,H,PL_2024-25,2.2,2.0,0.6,0.8,2.2,2.2,1742.5266669699702,1534.1715971197561,0.6666666666666666,9
2025-01-15,Newcastle,Wolves,3,0,H,PL_2024-25,3.0,3.0,0.2,1.4,1.6,1.4,1618.7258764307985,1434.6198845371214,0.4444444444444444,9
2025-01-15,Leicester,Crystal Palace,0,2,A,PL_2024-25,0.0,0.4,2.8,1.6,1.4,1.6,1408.5446632502972,1512.7133624903847,0.2857142857142857,7
2025-01-15,Everton,Aston Villa,0,1,A,PL_2024-25,0.6,0.2,0.8,1.4,1.4,1.8,1470.0227330253074,1588.5558466454374,0.0,9
2025-01-16,Ipswich,Brighton,0,2,A,PL_2024-25,1.4,1.2,1.6,0.8,1.0,1.4,1463.8505056242652,1542.532050345562,0.0,1
2025-01-16,Man United,Southampton,3,1,H,PL_2024-25,0.8,0.8,2.0,0.2,0.2,2.6,1550.4210812097522,1311.1275005614589,0.5714285714285714,7
2025-01-18,Newcastle,Bournemouth,1,4,A,PL_2024-25,3.0,2.8,0.2,1.8,1.6,0.8,1621.987591227452,1547.8409348767598,0.0,5
2025-01-18,Brentford,Liverpool,0,2,A,PL_2024-25,1.0,1.6,1.4,2.2,3.4,1.4,1498.7119839514453,1745.306523553428,0.14285714285714285,7
2025-01-18,Leicester,Fulham,0,2,A,PL_2024-25,0.0,0.4,2.4,1.2,1.6,1.6,1398.6646423019085,1522.5213007383063,0.2,5
2025-01-18,West Ham,Crystal Palace,0,2,A,PL_2024-25,1.4,1.2,2.4,1.6,1.2,1.4,1509.039267502161,1522.5933834387733,0.3333333333333333,9
2025-01-18,Arsenal,Aston Villa,2,2,D,PL_2024-25,2.6,2.4,0.8,2.0,1.4,1.4,1745.4250141758127,1598.0229261232228,0.5555555555555556,9
2025-01-19,Everton,Tottenham,3,2,H,PL_2024-25,0.4,0.2,1.0,0.2,1.4,2.6,1460.555653547522,1531.2732499139136,0.1111111111111111,9
2025-01-19,Man United,Brighton,1,3,A,PL_2024-25,0.8,1.0,2.0,1.4,1.2,0.8,1552.9053286439137,1553.1448759128166,0.4444444444444444,9
2025-01-19,Nott'm Forest,Southampton,3,2,H,PL_2024-25,2.6,1.8,0.2,0.2,0.4,2.2,1552.9506530005062,1308.6432531272974,1.0,3
2025-01-19,Ipswich,Man City,0,6,A,PL_2024-25,0.8,0.8,1.8,1.6,2.0,1.2,1453.2376800570107,1723.0008109647301,0.0,1
2025-01-20,Chelsea,Wolves,3,1,H,PL_2024-25,0.6,0.8,1.4,1.4,1.4,1.6,1610.9829926372345,1431.358169740468,0.2222222222222222,9
2025-01-25,Southampton,Newcastle,1,3,A,PL_2024-25,0.0,0.8,2.8,2.4,2.2,1.0,1306.2211216578362,1607.3567175299488,0.14285714285714285,7
2025-01-25,Man City,Chelsea,3,1,H,PL_2024-25,2.2,3.0,0.8,1.0,1.4,1.6,1728.4696257123053,1614.3157372353635,0.6666666666666666,9
2025-01-25,Wolves,Arsenal,0,1,A,PL_2024-25,0.8,1.0,2.2,2.2,1.8,1.0,1428.025425142339,1739.3052164636376,0.2222222222222222,9
2025-01-25,Bournemouth,Nott'm Forest,5,0,H,PL_2024-25,1.8,1.8,1.0,2.6,2.0,0.6,1562.471808574263,1555.3727844699674,0.4,5
2025-01-25,Liverpool,Ipswich,4,1,H,PL_2024-25,2.2,2.6,0.8,0.8,0.8,2.2,1751.3209472360797,1447.7688653094356,1.0,1
2025-01-25,Brighton,Everton,0,1,A,PL_2024-25,1.8,1.6,0.8,0.8,0.8,1.4,1565.9398210063146,1469.7148281789682,0.3333333333333333,9
2025-01-26,Crystal Palace,Brentford,1,2,A,PL_2024-25,2.2,1.4,0.4,1.0,1.6,1.4,1535.0313924341829,1492.6975602687935,0.14285714285714285,7
2025-01-26,Tottenham,Leicester,1,2,A,PL_2024-25,0.2,1.2,2.0,0.0,0.4,2.2,1522.1140752824674,1389.3502150021843,0.5714285714285714,7
2025-01-26,Aston Villa,West Ham,1,1,D,PL_2024-25,1.6,1.4,1.6,1.2,1.0,2.6,1604.1427238353979,1496.6012585067515,0.2222222222222222,9
2025-01-26,Fulham,Man United,0,1,A,PL_2024-25,1.6,2.0,1.6,0.8,1.2,2.0,1531.8357280380305,1540.1103835504157,0.14285714285714285,7
2025-02-01,Nott'm Forest,Brighton,7,0,H,PL_2024-25,2.0,1.8,1.6,1.6,1.6,1.0,1548.3612792269162,1550.824660355317,0.2,5
2025-02-01,Bournemouth,Liverpool,0,2,A,PL_2024-25,2.2,2.8,1.0,2.2,2.8,0.8,1569.4833138173142,1753.105613177115,0.2,5
2025-02-01,Everton,Leicester,4,0,H,PL_2024-25,1.2,0.8,1.2,0.6,0.6,1.8,1484.8299888299657,1405.1996733677527,0.2857142857142857,7
2025-02-01,Ipswich,Southampton,1,2,A,PL_2024-25,0.8,1.0,2.8,0.0,1.0,3.2,1445.9841993684004,1301.439883882737,0.0,1
2025-02-01,Newcastle,Fulham,1,2,A,PL_2024-25,2.4,2.2,1.2,1.0,1.6,1.6,1612.137955305048,1519.2553344446749,0.7142857142857143,7
2025-02-01,Wolves,Aston Villa,2,0,H,PL_2024-25,0.2,0.6,2.4,1.8,1.6,1.2,1423.4533932259556,1598.791094999276,0.3333333333333333,9
2025-02-02,Brentford,Tottenham,0,2,A,PL_2024-25,1.4,2.0,1.6,0.2,1.4,2.2,1506.579482172096,1506.264616916899,0.14285714285714285,7
2025-02-02,Man United,Crystal Palace,0,2,A,PL_2024-25,1.4,1.4,1.6,2.0,1.6,0.8,1552.6907771437714,1521.1494705308803,0.2222222222222222,9
2025-02-02,Arsenal,Man City,5,1,H,PL_2024-25,2.2,1.8,1.0,2.6,3.4,0.8,1743.877248380021,1732.9835692076854,0.1111111111111111,9
2025-02-03,Chelsea,West Ham,2,1,H,PL_2024-25,1.0,1.4,1.8,0.8,1.0,2.8,1609.8017937399834,1501.9528873428733,0.6666666666666666,9
2025-02-12,Everton,Liverpool,2,2,D,PL_2024-25,1.8,1.6,0.8,2.2,2.2,0.8,1490.0760396600476,1760.7441929895106,0.25,8
2025-02-14,Brighton,Chelsea,3,0,H,PL_2024-25,1.4,1.2,2.0,1.6,1.8,1.6,1543.5604934761925,1614.4438533380628,0.2222222222222222,9
2025-02-15,Leicester,Arsenal,0,2,A,PL_2024-25,0.6,0.6,2.2,2.2,2.2,1.0,1399.9536225376708,1750.7896166507724,0.14285714285714285,7
2025-02-15,Aston Villa,Ipswich,1,1,D,PL_2024-25,1.6,1.2,1.2,0.2,0.8,3.2,1586.6560598292917,1429.9161086299537,0.0,1
2025-02-15,Fulham,Nott'm Forest,2,1,H,PL_2024-25,1.4,1.6,1.4,2.0,2.8,1.6,1534.2991157696677,1555.6254461060407,0.8,5
2025-02-15,Man City,Newcastle,4,0,H,PL_2024-25,2.0,3.2,1.8,1.8,2.0,1.6,1726.071200936934,1597.0941739800553,0.7777777777777778,9
2025-02-15,Southampton,Bournemouth,1,3,A,PL_2024-25,0.6,1.2,3.0,2.0,2.4,1.0,1317.5079746211836,1561.8447340049186,0.3333333333333333,3
2025-02-15,West Ham,Brentford,0,1,A,PL_2024-25,0.8,1.2,2.2,1.4,1.8,1.4,1497.3108277447939,1493.769832911276,0.14285714285714285,7
2025-02-15,Crystal Palace,Everton,1,2,A,PL_2024-25,2.0,1.6,0.6,2.0,2.0,1.0,1534.7644357262086,1494.627900888044,0.1111111111111111,9
2025-02-16,Liverpool,Wolves,2,1,H,PL_2024-25,2.2,2.2,0.8,0.6,0.6,2.0,1756.1923317615142,1435.58842839594,0.8888888888888888,9
2025-02-16,Tottenham,Man United,1,0,H,PL_2024-25,0.6,1.4,1.8,1.4,1.4,1.6,1519.0742661777192,1539.075811948443,0.3333333333333333,9
2025-02-19,Aston Villa,Liverpool,2,2,D,PL_2024-25,1.2,1.0,1.2,2.6,2.4,0.8,1580.3709140280594,1757.8237519116688,0.1111111111111111,9
2025-02-21,Leicester,Brentford,0,4,A,PL_2024-25,0.6,0.4,2.2,1.4,1.0,1.4,1396.1348664557686,1506.6647825219475,0.4,5
2025-02-22,Southampton,Brighton,0,4,A,PL_2024-25,0.6,1.4,2.6,1.8,1.6,1.8,1311.43874824547,1552.7244056234847,0.14285714285714285,7
2025-02-22,Ipswich,Tottenham,1,4,A,PL_2024-25,0.2,0.6,3.0,1.2,1.4,1.4,1436.201254431186,1526.8115719876355,1.0,1
2025-02-22,Bournemouth,Wolves,0,1,A,PL_2024-25,2.0,2.8,1.2,0.6,0.8,1.8,1567.9139603806323,1433.9570082457853,0.6,5
2025-02-22,Fulham,Crystal Palace,0,2,A,PL_2024-25,1.8,1.6,1.2,1.8,1.6,0.8,1542.0726308166727,1520.936358263096,0.2857142857142857,7
2025-02-22,Everton,Man United,2,2,D,PL_2024-25,2.6,2.4,1.0,1.2,1.0,1.4,1508.4559783511565,1531.3385061385268,0.1111111111111111,9
2025-02-22,Arsenal,West Ham,0,1,A,PL_2024-25,2.6,2.4,0.8,0.8,1.0,1.6,1754.6083727326745,1484.4158781341223,0.6666666666666666,9
2025-02-22,Aston Villa,Chelsea,2,1,H,PL_2024-25,0.8,1.2,1.6,1.4,1.6,2.0,1582.5639764986238,1605.2799411907706,0.3333333333333333,9
2025-02-23,Newcastle,Nott'm Forest,4,3,H,PL_2024-25,1.2,1.6,2.2,1.4,2.4,2.0,1592.8714748396199,1547.8519310590357,0.8,5
2025-02-23,Man City,Liverpool,0,2,A,PL_2024-25,2.0,3.2,1.6,2.2,2.4,1.2,1730.2939000773695,1755.6306894411043,0.2222222222222222,9
2025-02-25,Wolves,Fulham,1,2,A,PL_2024-25,1.2,1.0,1.2,1.8,1.2,1.0,1449.829011369782,1528.7207803419662,0.5714285714285714,7
2025-02-25,Chelsea,Southampton,4,0,H,PL_2024-25,1.2,1.4,2.0,0.6,1.2,2.8,1597.4683783122375,1305.2950175351734,0.42857142857142855,7
2025-02-25,Brighton,Bournemouth,2,1,H,PL_2024-25,1.8,2.0,1.8,1.8,2.4,1.0,1558.8681363337812,1552.0419572566357,0.8,5
2025-02-25,Crystal Palace,Aston Villa,4,1,H,PL_2024-25,1.8,1.6,0.8,1.2,1.2,1.4,1534.2882087378025,1590.3755393771569,0.3333333333333333,9
2025-02-26,Brentford,Everton,1,1,D,PL_2024-25,1.8,1.4,1.0,2.2,2.2,1.0,1516.361799937092,1506.2721061791294,0.2857142857142857,7
2025-02-26,Man United,Ipswich,3,2,H,PL_2024-25,0.8,0.8,1.6,0.2,0.8,3.4,1533.522378310554,1425.9310634240624,0.0,1
2025-02-26,Nott'm Forest,Arsenal,0,0,D,PL_2024-25,1.2,2.8,2.6,2.0,2.0,0.8,1541.7993075067104,1736.7307759762782,0.2,5
2025-02-26,Tottenham,Man City,0,1,A,PL_2024-25,1.8,2.0,1.2,1.8,2.8,1.6,1537.0817629947592,1718.1774010461754,0.5555555555555556,9
2025-02-26,Liverpool,Newcastle,2,0,H,PL_2024-25,2.2,2.0,1.0,1.2,1.8,2.8,1767.7471884722984,1598.924098391945,0.6666666666666666,9
2025-02-27,West Ham,Leicester,2,0,H,PL_2024-25,0.8,0.6,1.2,0.6,0.4,2.6,1502.2934748905186,1386.437849040624,0.42857142857142855,7
2025-03-08,Brentford,Aston Villa,0,1,A,PL_2024-25,2.0,1.6,0.8,1.0,1.2,2.0,1513.295117600758,1581.632760169316,0.14285714285714285,7
2025-03-08,Liverpool,Southampton,3,1,H,PL_2024-25,2.2,2.0,1.0,0.6,0.8,3.0,1771.2562277677741,1303.4009814515002,0.7142857142857143,7
2025-03-08,Wolves,Everton,1,1,D,PL_2024-25,1.2,1.0,1.0,1.8,2.2,1.2,1439.2222140417819,1509.3387885154634,0.5555555555555556,9
2025-03-08,Brighton,Fulham,2,1,H,PL_2024-25,1.8,1.8,1.8,1.8,1.2,1.2,1565.8867949960675,1539.3275776699663,0.0,7
2025-03-08,Crystal Palace,Ipswich,1,0,H,PL_2024-25,1.8,2.0,1.0,0.2,1.2,2.8,1543.0309879456433,1421.2837160455647,1.0,1
2025-03-08,Nott'm Forest,Man City,1,0,H,PL_2024-25,0.8,2.2,2.2,1.8,1.8,1.6,1544.4656293386206,1725.8847656630417,0.0,5
2025-03-09,Chelsea,Leicester,1,0,H,PL_2024-25,1.2,1.6,1.8,0.6,0.4,2.6,1599.3624143959107,1381.9580520550023,0.7142857142857143,7
2025-03-09,Tottenham,Bournemouth,2,2,D,PL_2024-25,1.8,1.6,0.8,1.2,1.8,1.2,1529.374398377893,1545.0232985943494,0.6,5
2025-03-09,Man United,Arsenal,1,1,D,PL_2024-25,1.4,1.2,1.4,2.0,1.6,0.4,1538.1697256890516,1734.064454144368,0.2222222222222222,9
2025-03-10,West Ham,Newcastle,0,1,A,PL_2024-25,1.4,1.0,0.8,1.2,1.6,2.4,1506.7732718761404,1595.4150590964693,0.2222222222222222,9
2025-03-15,Man City,Brighton,2,2,D,PL_2024-25,1.2,1.2,1.6,2.4,2.2,1.8,1713.5833105405777,1572.397127820366,0.6666666666666666,9
2025-03-15,Everton,West Ham,1,1,D,PL_2024-25,1.4,1.6,1.4,1.2,0.8,0.8,1510.196787869194,1496.4464726459366,0.3333333333333333,9
2025-03-15,Bournemouth,Brentford,1,2,A,PL_2024-25,0.8,1.2,1.6,1.4,1.2,0.8,1547.404515791804,1502.3863161612808,0.0,5
2025-03-15,Ipswich,Nott'm Forest,2,4,A,PL_2024-25,0.2,1.0,2.2,1.4,2.4,1.2,1416.9207157044543,1556.7670844610846,0.0,1
2025-03-15,Southampton,Wolves,1,2,A,PL_2024-25,0.6,0.8,3.0,1.4,1.2,1.0,1302.6678643637283,1438.3642146880513,0.0,7
2025-03-16,Arsenal,Chelsea,1,0,H,PL_2024-25,1.6,1.6,0.6,1.8,1.6,1.2,1731.3723975864293,1602.1340335706093,0.6666666666666666,9
2025-03-16,Fulham,Tottenham,2,0,H,PL_2024-25,1.8,1.4,1.4,2.0,1.8,0.8,1532.8172448456678,1526.9931811804383,0.14285714285714285,7
2025-03-16,Leicester,Man United,0,3,A,PL_2024-25,0.0,0.0,2.6,1.0,1.2,1.6,1379.1864328803038,1540.8617822469903,0.2857142857142857,7
2025-04-01,Arsenal,Fulham,2,1,H,PL_2024-25,1.6,0.8,0.4,1.8,1.4,1.2,1735.5900876144376,1539.8622055547378,0.42857142857142855,7
2025-04-01,Wolves,West Ham,1,0,H,PL_2024-25,1.4,1.2,1.2,1.4,0.8,0.6,1447.3403910948323,1499.6082964734933,0.2222222222222222,9
2025-04-01,Nott'm Forest,Man United,1,0,H,PL_2024-25,1.4,1.8,1.6,1.6,1.8,1.2,1565.625215772764,1549.1050371409178,0.4,5
2025-04-02,Liverpool,Everton,1,0,H,PL_2024-25,2.6,2.2,0.8,1.4,1.4,1.2,1771.989344855546,1507.0349640416373,0.4444444444444444,9
2025-04-02,Newcastle,Brentford,2,1,H,PL_2024-25,1.2,1.2,2.2,2.0,1.6,0.6,1605.741858326673,1516.3336599493973,0.7142857142857143,7
2025-04-02,Southampton,Crystal Palace,1,1,D,PL_2024-25,0.0,0.6,3.2,2.4,2.0,0.6,1293.6916879569474,1547.3939882867537,0.14285714285714285,7
2025-04-02,Brighton,Aston Villa,0,3,A,PL_2024-25,2.6,2.6,0.8,1.6,1.4,1.6,1578.4037953637378,1592.5415616087932,0.2222222222222222,9
2025-04-02,Man City,Leicester,2,0,H,PL_2024-25,1.4,1.4,1.0,0.0,0.0,2.4,1707.576642997206,1370.9431779863762,0.8571428571428571,7
2025-04-02,Bournemouth,Ipswich,1,2,A,PL_2024-25,0.8,1.4,1.6,0.2,1.2,2.6,1533.4571720036874,1408.0625843927749,1.0,1
2025-04-03,Chelsea,Tottenham,1,0,H,PL_2024-25,1.2,1.2,1.2,1.4,1.4,1.2,1597.916343542601,1519.9482204713684,0.6666666666666666,9
2025-04-05,Everton,Arsenal,1,1,D,PL_2024-25,0.8,1.0,1.2,1.6,0.8,0.6,1504.8546721760122,1738.6732684732876,0.4444444444444444,9
2025-04-05,Crystal Palace,Brighton,2,1,H,PL_2024-25,2.0,1.8,0.8,2.0,2.0,1.4,1543.2377463313348,1565.981593131262,0.2222222222222222,9
2025-04-05,Ipswich,Wolves,1,2,A,PL_2024-25,0.6,1.4,2.6,2.0,1.2,0.8,1423.7707806850237,1455.9751296686131,1.0,1
2025-04-05,West Ham,Bournemouth,2,2,D,PL_2024-25,1.4,0.8,0.6,0.2,1.0,1.8,1490.9735578997124,1517.7489757114386,0.4,5
2025-04-05,Aston Villa,Nott'm Forest,2,1,H,PL_2024-25,2.0,1.8,1.4,2.0,1.8,1.2,1604.9637638412692,1572.3918208132807,0.4,5
2025-04-06,Brentford,Chelsea,0,0,D,PL_2024-25,1.4,1.6,1.0,1.8,1.4,0.6,1511.3025040986079,1603.1995079929616,0.42857142857142855,7
2025-04-06,Fulham,Liverpool,3,2,H,PL_2024-25,1.2,1.2,1.4,2.6,2.0,0.6,1536.7790246958878,1774.1696367211712,0.14285714285714285,7
2025-04-06,Tottenham,Southampton,3,1,H,PL_2024-25,0.8,1.2,1.4,0.2,0.6,2.8,1514.6650560210078,1297.8479299123662,0.5714285714285714,7
2025-04-06,Man United,Man City,0,0,D,PL_2024-25,1.6,1.8,1.2,1.4,1.0,1.0,1542.3384321004012,1709.0750361685305,0.3333333333333333,9
2025-04-07,Leicester,Newcastle,0,3,A,PL_2024-25,0.0,0.0,2.4,1.8,1.4,2.0,1369.4447848150517,1610.7730141774625,0.2857142857142857,7
2025-04-12,Nott'm Forest,Everton,0,1,A,PL_2024-25,2.0,1.4,0.8,0.8,0.8,1.0,1566.032545913306,1508.5264820423286,0.2,5
2025-04-12,Man City,Crystal Palace,5,2,H,PL_2024-25,1.6,1.0,0.6,2.6,2.0,0.6,1707.1774824922345,1551.0500733005154,0.5555555555555556,9
2025-04-12,Arsenal,Brentford,1,1,D,PL_2024-25,1.8,1.0,0.6,1.0,0.8,1.0,1735.0014586069713,1511.0693233995153,0.7142857142857143,7
2025-04-12,Brighton,Leicester,2,2,D,PL_2024-25,1.4,1.4,1.8,0.0,0.0,2.2,1558.1692661620814,1363.3020971605972,0.2857142857142857,7
2025-04-12,Southampton,Aston Villa,0,3,A,PL_2024-25,0.2,0.8,2.6,2.4,1.8,1.2,1295.0682300732415,1611.3230387412439,0.2857142857142857,7
2025-04-13,Chelsea,Ipswich,2,2,D,PL_2024-25,2.0,1.2,0.2,0.6,1.4,2.2,1603.4326886920542,1411.8438598264527,0.0,1
2025-04-13,Liverpool,West Ham,2,1,H,PL_2024-25,2.4,2.0,0.8,1.0,1.0,1.0,1760.4092147676786,1488.896645533209,0.7777777777777778,9
2025-04-13,Wolves,Tottenham,4,2,H,PL_2024-25,2.0,1.4,1.0,0.8,1.0,1.4,1467.9020505271842,1517.4447558601325,0.4444444444444444,9
2025-04-13,Newcastle,Man United,4,1,H,PL_2024-25,2.4,2.0,1.2,1.6,1.4,0.8,1616.915701831917,1544.2359857766971,0.3333333333333333,9
2025-04-14,Bournemouth,Fulham,1,0,H,PL_2024-25,0.4,1.4,2.0,1.8,1.8,1.4,1519.825888077942,1550.5394466493804,0.4,5
2025-04-16,Newcastle,Crystal Palace,5,0,H,PL_2024-25,2.4,2.0,0.8,2.0,2.0,1.6,1622.318060359374,1547.3245414424455,0.3333333333333333,9
2025-04-19,Brentford,Brighton,4,2,H,PL_2024-25,1.0,0.8,1.0,1.0,1.4,2.0,1518.386207609858,1551.2653903419869,0.14285714285714285,7
2025-04-19,West Ham,Southampton,1,1,D,PL_2024-25,0.4,0.8,1.4,0.2,0.8,2.4,1486.7886157457108,1290.5964163007257,0.42857142857142855,7
2025-04-19,Everton,Man City,0,2,A,PL_2024-25,1.2,0.8,0.8,1.6,1.8,1.0,1522.7728791302063,1710.9030143503044,0.0,9
2025-04-19,Crystal Palace,Bournemouth,0,0,D,PL_2024-25,1.4,1.2,2.4,1.0,1.4,1.6,1541.9745410329879,1527.8576864059783,0.4,5
2025-04-19,Aston Villa,Newcastle,4,1,H,PL_2024-25,2.4,2.0,1.0,3.0,3.0,0.4,1615.7948525137597,1627.6680607688315,0.3333333333333333,9
2025-04-20,Ipswich,Arsenal,0,4,A,PL_2024-25,0.8,1.4,2.0,1.8,1.2,0.8,1418.6980295320625,1727.6845743966285,0.0,1
2025-04-20,Man United,Wolves,0,1,A,PL_2024-25,1.0,1.0,1.2,2.6,2.0,1.0,1538.8336272492402,1476.4598974850112,0.7777777777777778,9
2025-04-20,Leicester,Liverpool,0,1,A,PL_2024-25,0.2,0.4,2.2,2.4,2.0,1.0,1370.2059729806917,1762.5172445551768,0.2857142857142857,7
2025-04-20,Fulham,Chelsea,1,2,A,PL_2024-25,1.2,1.4,1.4,1.6,0.8,0.6,1542.507648321344,1596.5785189864444,0.2857142857142857,7
2025-04-21,Tottenham,Nott'm Forest,1,2,A,PL_2024-25,0.8,1.4,2.0,1.8,1.4,1.0,1508.8869089023055,1551.7861488254282,0.8,5
2025-04-22,Man City,Aston Villa,2,1,H,PL_2024-25,2.2,2.2,0.8,3.0,2.6,0.4,1718.4194642873665,1623.3113927483203,0.6666666666666666,9
2025-04-23,Arsenal,Crystal Palace,2,2,D,PL_2024-25,2.2,1.8,0.6,1.0,1.0,2.4,1732.3033310473816,1538.8032252055084,0.6666666666666666,9
2025-04-26,Chelsea,Everton,1,0,H,PL_2024-25,1.6,1.0,0.8,1.0,0.6,1.0,1607.8928185154234,1515.2564291931442,0.3333333333333333,9
2025-04-26,Brighton,West Ham,3,2,H,PL_2024-25,0.4,1.4,2.6,0.6,1.0,1.4,1543.173602136123,1479.8648326355255,0.3333333333333333,9
2025-04-26,Newcastle,Ipswich,3,0,H,PL_2024-25,2.4,3.0,1.2,0.8,1.4,2.6,1620.151520534271,1414.0792728813094,1.0,1
2025-04-26,Southampton,Fulham,1,2,A,PL_2024-25,0.4,0.8,2.0,1.2,1.4,1.4,1297.520199410911,1531.193348792365,0.2,5
2025-04-26,Wolves,Leicester,3,0,H,PL_2024-25,3.0,2.0,0.8,0.2,0.4,2.2,1490.8204474988777,1367.0711518065286,0.2857142857142857,7
2025-04-27,Bournemouth,Man United,1,1,D,PL_2024-25,1.0,1.0,1.2,0.8,0.8,1.2,1531.0290022334577,1524.4730772353737,0.4,5
2025-04-27,Liverpool,Tottenham,5,1,H,PL_2024-25,2.4,1.8,1.0,0.6,1.2,2.0,1765.65206572934,1497.2580560380577,0.6666666666666666,9
2025-05-01,Nott'm Forest,Brentford,0,2,A,PL_2024-25,1.8,1.6,1.2,1.6,1.6,1.2,1563.415001689676,1526.477995815722,0.2,5
2025-05-02,Man City,Wolves,1,0,H,PL_2024-25,2.6,2.2,0.6,3.0,2.2,0.6,1723.3280788575742,1495.1442627878687,0.8888888888888888,9
2025-05-03,Aston Villa,Fulham,1,0,H,PL_2024-25,2.4,2.6,0.8,1.2,1.4,1.6,1618.4027781781126,1537.5251613767516,0.8571428571428571,7
2025-05-03,Everton,Ipswich,2,2,D,PL_2024-25,0.8,0.4,1.0,0.8,1.0,2.4,1510.2949244586202,1411.14820583151,1.0,1
2025-05-03,Leicester,Southampton,2,0,H,PL_2024-25,0.2,0.4,2.2,0.4,0.8,2.0,1362.7473365175376,1291.1883868265243,0.42857142857142855,7
2025-05-03,Arsenal,Bournemouth,1,2,A,PL_2024-25,1.8,2.0,1.0,1.2,1.0,1.0,1725.4201041813699,1528.0547496886666,0.8,5
2025-05-04,West Ham,Tottenham,1,1,D,PL_2024-25,0.4,1.2,1.8,0.6,1.4,2.6,1474.2471523864267,1495.1159312814493,0.3333333333333333,9
2025-05-04,Chelsea,Liverpool,3,1,H,PL_2024-25,2.2,1.2,0.6,2.4,2.2,1.0,1612.8543232499474,1767.7941904859483,0.1111111111111111,9
2025-05-04,Brighton,Newcastle,1,1,D,PL_2024-25,0.8,1.6,2.6,2.4,3.2,1.0,1548.7912823852218,1623.0825875840703,0.4444444444444444,9
2025-05-04,Brentford,Man United,4,3,H,PL_2024-25,1.6,1.6,1.0,0.4,0.4,1.4,1540.2272026308965,1527.4473297801649,0.14285714285714285,7
2025-05-05,Crystal Palace,Nott'm Forest,1,1,D,PL_2024-25,1.0,1.2,2.6,1.2,0.8,1.2,1545.68645207152,1549.6657948745014,0.0,5
2025-05-10,Fulham,Everton,1,3,A,PL_2024-25,1.2,1.2,1.4,1.0,0.8,1.2,1532.3068498427285,1505.1179402652226,0.42857142857142855,7
2025-05-10,Ipswich,Brentford,0,1,A,PL_2024-25,0.4,1.0,2.6,2.2,2.2,1.2,1416.3251900249077,1547.0905401798473,0.0,1
2025-05-10,Southampton,Man City,0,0,D,PL_2024-25,0.2,0.6,2.2,2.6,2.0,0.6,1285.7605512005916,1725.9548435059487,0.0,7
2025-05-10,Wolves,Brighton,0,2,A,PL_2024-25,2.4,2.0,0.8,1.0,1.8,2.2,1492.5174981394941,1548.0526742205445,0.2222222222222222,9
2025-05-10,Bournemouth,Aston Villa,0,1,A,PL_2024-25,1.8,1.2,0.8,2.4,2.2,0.8,1544.9960707850094,1623.6210897121357,0.2,5
2025-05-11,Newcastle,Chelsea,2,0,H,PL_2024-25,2.0,2.8,1.2,2.2,1.6,0.8,1623.8211957487476,1624.4225701488895,0.2222222222222222,9
2025-05-11,Man United,West Ham,0,2,A,PL_2024-25,0.4,1.0,2.0,0.6,1.4,1.8,1520.583992231214,1472.0081545581183,0.6666666666666666,9
2025-05-11,Nott'm Forest,Leicester,2,2,D,PL_2024-25,0.8,0.8,1.4,0.8,0.8,1.8,1552.3612129497271,1368.1751721434703,0.6666666666666666,3
2025-05-11,Tottenham,Crystal Palace,0,2,A,PL_2024-25,0.8,1.6,2.6,0.6,1.0,2.6,1497.3549291097577,1542.9910339962944,0.6666666666666666,9
2025-05-11,Liverpool,Arsenal,2,2,D,PL_2024-25,1.8,2.2,1.6,1.2,1.8,1.2,1756.2259435870062,1708.478783085027,0.4444444444444444,9
2025-05-16,Aston Villa,Tottenham,2,0,H,PL_2024-25,2.4,2.0,0.6,0.2,1.0,2.8,1634.2355360962845,1485.802856496907,0.4444444444444444,9
2025-05-16,Chelsea,Man United,1,0,H,PL_2024-25,2.0,1.6,1.2,0.2,1.0,2.4,1617.2079117582343,1506.5505573953667,0.1111111111111111,9
2025-05-18,Leicester,Ipswich,2,0,H,PL_2024-25,1.0,1.2,1.6,0.4,0.8,2.4,1374.914715028278,1407.208380802955,0.0,1
2025-05-18,West Ham,Nott'm Forest,1,2,A,PL_2024-25,1.0,1.4,1.4,1.0,1.0,1.4,1486.0415893939658,1545.6216700649195,0.4,5
2025-05-18,Brentford,Fulham,2,3,A,PL_2024-25,2.6,2.4,1.2,0.6,0.8,1.6,1556.2073494018,1518.801275845387,0.4,5
2025-05-18,Everton,Southampton,2,0,H,PL_2024-25,1.4,1.2,1.2,0.4,0.4,1.6,1518.6235142625642,1293.287562480717,0.42857142857142855,7
2025-05-18,Arsenal,Newcastle,1,0,H,PL_2024-25,1.2,2.0,1.4,2.0,2.4,1.0,1712.4922277445112,1631.0358541394028,0.5555555555555556,9
2025-05-19,Brighton,Liverpool,3,2,H,PL_2024-25,1.6,2.0,1.8,2.0,2.2,1.4,1559.3255329666224,1752.2124989275221,0.2222222222222222,9
2025-05-20,Crystal Palace,Wolves,4,2,H,PL_2024-25,1.2,1.0,1.6,1.8,1.6,1.0,1554.543106609145,1481.2446393934163,0.6666666666666666,9
2025-05-20,Man City,Bournemouth,3,1,H,PL_2024-25,2.6,2.0,0.6,1.6,0.8,0.6,1718.4278322258233,1534.3816244008606,0.8,5
2025-05-25,Bournemouth,Leicester,2,0,H,PL_2024-25,1.0,0.8,1.2,1.4,1.2,1.2,1531.1189700572913,1382.9902695838337,0.6666666666666666,3
2025-05-25,Fulham,Man City,0,2,A,PL_2024-25,1.2,1.4,1.8,2.6,1.6,0.4,1532.5620798820473,1721.6904865693925,0.0,7
2025-05-25,Ipswich,West Ham,1,3,A,PL_2024-25,0.2,0.4,2.4,1.0,1.4,1.4,1399.1328262473992,1474.8834309219585,0.0,1
2025-05-25,Nott'm Forest,Chelsea,0,1,A,PL_2024-25,1.6,1.4,1.4,2.4,1.4,0.8,1556.7798285369267,1621.792592818136,0.2,5
2025-05-25,Southampton,Arsenal,1,2,A,PL_2024-25,0.4,0.4,1.4,1.6,2.0,1.2,1290.6231647507475,1717.6977003238442,0.14285714285714285,7
2025-05-25,Tottenham,Brighton,1,4,A,PL_2024-25,0.2,0.6,2.4,2.0,2.2,1.8,1481.9411740520254,1571.9371075064903,0.5555555555555556,9
2025-05-25,Wolves,Brentford,1,1,D,PL_2024-25,1.2,1.2,1.4,2.4,2.6,1.6,1475.85631391074,1542.4465453651396,0.42857142857142855,7
2025-05-25,Liverpool,Crystal Palace,1,1,D,PL_2024-25,1.4,2.2,1.8,1.8,1.8,1.0,1739.6009243876542,1559.9314320918213,0.6666666666666666,9
2025-05-25,Man United,Aston Villa,2,0,H,PL_2024-25,0.2,0.8,1.8,2.4,1.8,0.6,1501.965876335465,1638.097218541166,0.5555555555555556,9
2025-05-25,Newcastle,Everton,0,1,A,PL_2024-25,1.4,1.4,1.2,1.4,1.4,1.2,1625.8303815600698,1521.2879119925337,0.5555555555555556,9
2025-08-15,Liverpool,Bournemouth,4,2,H,PL_2025-26,1.0,2.2,2.0,1.4,1.2,1.2,1732.9329548764542,1534.9861080387282,0.8333333333333334,6
2025-08-16,Tottenham,Burnley,3,0,H,PL_2025-26,0.2,0.6,2.8,0.8,1.6,2.0,1471.6533134210645,1373.0269701769018,0.8333333333333334,6
2025-08-16,Wolves,Man City,0,4,A,PL_2025-26,0.8,1.2,1.6,2.6,1.6,0.4,1474.897656537526,1729.1799954733526,0.1,10
2025-08-16,Sunderland,West Ham,3,0,H,PL_2025-26,1.3726810954063604,1.4400618374558305,1.4534452296819789,1.4,1.8,1.4,1500.0,1485.5802534926058,0.5,0
2025-08-16,Aston Villa,Newcastle,0,0,D,PL_2025-26,1.8,1.0,0.8,1.4,1.2,0.6,1627.0610077067379,1610.5406336514866,0.4,10
2025-08-16,Brighton,Fulham,1,1,D,PL_2025-26,2.6,2.6,1.2,1.2,1.2,1.8,1582.2249681374512,1525.0725709780872,0.125,8
2025-08-17,Chelsea,Crystal Palace,0,0,D,PL_2025-26,2.4,1.2,0.6,1.8,2.0,1.2,1632.7962161995297,1566.5994016030213,0.8,10
2025-08-17,Nott'm Forest,Brentford,3,1,H,PL_2025-26,1.0,1.0,1.4,2.0,2.0,1.4,1545.776205155533,1543.4052027383536,0.16666666666666666,6
2025-08-17,Man United,Arsenal,0,1,A,PL_2025-26,0.8,1.2,1.6,1.6,1.6,1.4,1513.0020871698932,1720.3390696185395,0.2,10
2025-08-18,Leeds,Everton,1,0,H,PL_2025-26,0.2,1.2,3.0,2.0,1.6,0.8,1405.827589939196,1536.577659901117,0.16666666666666666,6
2025-08-22,West Ham,Chelsea,1,5,A,PL_2025-26,1.4,1.4,1.4,2.0,1.0,0.6,1478.7594082965318,1628.3469809845844,0.2,10
2025-08-23,Burnley,Sunderland,2,0,H,PL_2025-26,0.2,0.8,2.4,3.0,3.0,0.0,1368.1929824368483,1506.820845196074,0.5,0
2025-08-23,Arsenal,Leeds,5,0,H,PL_2025-26,2.0,1.4,1.0,0.8,1.2,2.2,1727.3443388376213,1416.710344346789,0.8333333333333334,6
2025-08-23,Brentford,Aston Villa,1,0,H,PL_2025-26,1.4,1.8,2.0,2.0,0.8,0.4,1536.2692694894247,1623.8276077105752,0.125,8
2025-08-23,Bournemouth,Wolves,1,0,H,PL_2025-26,1.2,1.4,1.8,0.2,0.6,2.4,1531.9360916942062,1469.0676998298798,0.5,6
2025-08-23,Man City,Tottenham,0,2,A,PL_2025-26,2.6,2.0,0.2,0.8,1.0,1.8,1735.0099521809989,1476.487301161118,0.4,10
2025-08-24,Crystal Palace,Nott'm Forest,1,1,D,PL_2025-26,1.8,1.6,0.8,1.6,1.6,1.2,1571.0486368179666,1552.912138404462,0.0,6
2025-08-24,Everton,Brighton,2,0,H,PL_2025-26,2.0,1.6,0.8,2.2,2.2,1.0,1525.694905493524,1577.9869184728016,0.4,10
2025-08-24,Fulham,Man United,1,1,D,PL_2025-26,0.8,1.0,1.8,0.6,1.0,1.6,1529.310620642737,1505.9968179508114,0.125,8
2025-08-25,Newcastle,Liverpool,2,3,A,PL_2025-26,1.0,0.6,0.6,1.0,2.0,2.2,1613.7740336476493,1735.9829712209762,0.0,10
2025-08-30,Leeds,Newcastle,0,0,D,PL_2025-26,0.8,1.0,2.8,0.8,0.8,1.0,1414.9908410760215,1604.4123890344772,0.3333333333333333,6
2025-08-30,Wolves,Everton,2,3,A,PL_2025-26,0.2,0.6,2.4,2.4,1.6,0.4,1463.4397730232577,1534.3303250129181,0.5,10
2025-08-30,Tottenham,Bournemouth,0,1,A,PL_2025-26,1.2,1.2,1.6,1.2,1.2,1.6,1494.2340381595045,1537.5640185008283,0.5,6
2025-08-30,Sunderland,Brentford,2,1,H,PL_2025-26,1.5,1.5,1.0,1.4,1.2,1.4,1495.7136043713228,1545.9113226694803,0.5,0
2025-08-30,Chelsea,Fulham,2,0,H,PL_2025-26,2.0,1.4,0.6,1.0,1.2,1.8,1636.9293487246136,1525.9032545660802,0.625,8
2025-08-30,Man United,Burnley,3,2,H,PL_2025-26,0.8,0.6,1.0,0.6,1.0,2.2,1509.404184027468,1379.3002232615995,0.6666666666666666,6
2025-08-31,Brighton,Man City,2,1,H,PL_2025-26,2.0,2.0,1.2,2.0,1.8,0.6,1569.3514989534074,1717.2632151826124,0.2,10
2025-08-31,Nott'm Forest,West Ham,0,3,A,PL_2025-26,1.6,1.6,1.2,1.2,1.4,2.2,1556.1871281772908,1470.1770405565026,0.6666666666666666,6
2025-08-31,Liverpool,Arsenal,1,0,H,PL_2025-26,1.6,2.4,2.0,2.6,2.2,0.6,1745.3446158341483,1729.0638421083888,0.4,10
2025-08-31,Aston Villa,Crystal Palace,0,3,A,PL_2025-26,1.4,0.6,0.6,1.8,1.6,0.8,1614.1855545305195,1567.7736470451377,0.4,10
2025-09-13,Brentford,Chelsea,2,2,D,PL_2025-26,0.8,1.2,1.8,2.6,1.8,0.2,1537.3350100256655,1641.506533299814,0.375,8
2025-09-13,West Ham,Tottenham,0,3,A,PL_2025-26,1.2,1.6,2.2,1.2,1.2,1.4,1485.0718694772156,1482.617256501383,0.3,10
2025-09-13,Newcastle,Wolves,1,0,H,PL_2025-26,0.4,0.4,1.0,0.2,1.0,2.6,1601.8939940958255,1452.6038907299223,0.5,10
2025-09-13,Fulham,Leeds,1,0,H,PL_2025-26,1.0,1.0,1.6,0.8,0.6,2.4,1521.32606999088,1417.5092360146732,0.5,4
2025-09-13,Everton,Aston Villa,0,0,D,PL_2025-26,2.4,1.6,0.6,0.8,0.4,1.2,1545.1662073062535,1600.2044007167838,0.0,10
2025-09-13,Crystal Palace,Sunderland,0,0,D,PL_2025-26,1.8,1.8,0.8,2.0,1.6666666666666667,1.0,1581.7548008588735,1504.2899170151377,0.5,0
2025-09-13,Bournemouth,Brighton,2,1,H,PL_2025-26,1.8,1.4,1.4,2.0,2.0,1.4,1549.1808001589498,1580.7218335823063,0.16666666666666666,6
2025-09-13,Arsenal,Nott'm Forest,3,0,H,PL_2025-26,2.4,1.8,0.4,1.4,1.2,1.4,1722.2910654709528,1541.2922992565777,0.6666666666666666,6
2025-09-14,Burnley,Liverpool,0,1,A,PL_2025-26,0.6,1.2,2.0,2.0,2.2,1.6,1375.0990932383008,1752.1173924715843,0.16666666666666666,6
2025-09-14,Man City,Man United,3,0,H,PL_2025-26,1.8,2.0,1.0,1.4,1.2,1.0,1705.8928805537134,1513.6053140507668,0.5,10
2025-09-20,Liverpool,Everton,2,1,H,PL_2025-26,2.6,2.0,1.0,2.0,1.2,0.6,1755.492018649456,1543.879278574508,0.5,10
2025-09-20,Man United,Chelsea,2,1,H,PL_2025-26,1.4,1.2,1.4,2.2,2.0,0.6,1510.4701321393154,1641.3864729776772,0.2,10
2025-09-20,Wolves,Leeds,1,3,A,PL_2025-26,0.2,0.6,2.0,0.8,0.4,2.0,1448.7575649800415,1412.7839258921285,0.3333333333333333,6
2025-09-20,West Ham,Crystal Palace,1,2,A,PL_2025-26,1.2,1.4,2.4,1.4,1.0,0.4,1472.2055937758164,1577.0492348252353,0.3,10
2025-09-20,Burnley,Nott'm Forest,1,1,D,PL_2025-26,0.6,1.0,1.8,0.8,0.8,1.8,1371.724467060429,1537.9814632690577,0.0,2
2025-09-20,Brighton,Tottenham,2,2,D,PL_2025-26,1.4,1.6,1.4,1.8,1.8,1.0,1572.6671305333093,1495.4835322027823,0.5,10
2025-09-20,Fulham,Brentford,3,1,H,PL_2025-26,1.0,0.6,1.2,1.0,1.2,1.6,1526.0513801134246,1537.4550703478023,0.5,6
2025-09-21,Bournemouth,Newcastle,0,0,D,PL_2025-26,2.4,1.6,1.0,1.0,0.6,0.8,1557.2355032079467,1605.7403198457064,0.3333333333333333,6
2025-09-21,Sunderland,Aston Villa,1,1,D,PL_2025-26,1.75,1.25,0.75,0.4,0.0,1.2,1508.995483048776,1601.4913294485293,0.5,0
2025-09-21,Arsenal,Man City,1,1,D,PL_2025-26,2.4,2.2,0.4,1.8,2.0,0.8,1725.6019014584729,1709.0280624651648,0.2,10
2025-09-27,Leeds,Bournemouth,2,2,D,PL_2025-26,1.4,0.8,1.4,2.0,1.2,1.0,1426.5092776343656,1555.764111308125,0.5,2
2025-09-27,Man City,Burnley,5,1,H,PL_2025-26,1.4,1.8,1.0,0.8,1.0,1.6,1712.2628403530844,1373.6087100847687,1.0,6
2025-09-27,Nott'm Forest,Sunderland,0,1,A,PL_2025-26,1.0,1.0,1.8,1.6,1.2,0.8,1536.097220244718,1508.779529726026,0.5,0
2025-09-27,Brentford,Man United,3,1,H,PL_2025-26,0.8,1.2,2.0,1.4,1.2,1.6,1529.951206191925,1521.35763471396,0.25,8
2025-09-27,Chelsea,Brighton,1,3,A,PL_2025-26,1.6,2.0,1.0,1.0,1.2,1.6,1630.4989704030327,1567.9678702930562,0.4,10
2025-09-27,Crystal Palace,Liverpool,2,1,H,PL_2025-26,1.8,1.2,0.4,3.0,2.2,1.0,1586.9098326603264,1758.3441994135458,0.1,10
2025-09-27,Tottenham,Wolves,1,1,D,PL_2025-26,2.0,2.0,0.6,0.0,0.6,2.4,1500.1827924430354,1435.0322132378044,0.3,10
2025-09-28,Newcastle,Arsenal,1,2,A,PL_2025-26,1.2,0.6,0.6,2.0,2.0,0.4,1607.2117117455282,1722.3671235705533,0.3,10
2025-09-28,Aston Villa,Fulham,3,1,H,PL_2025-26,0.6,0.2,1.0,1.6,1.2,1.0,1601.707282771279,1533.555244269302,0.875,8
2025-09-29,Everton,West Ham,1,1,D,PL_2025-26,1.4,1.2,1.0,0.6,1.0,2.6,1541.0270978104181,1462.3449959407253,0.3,10
2025-10-03,Bournemouth,Fulham,3,1,H,PL_2025-26,2.2,1.2,0.6,1.4,1.2,1.4,1554.924073861922,1528.0495019488171,0.5,6
2025-10-04,Leeds,Tottenham,1,2,A,PL_2025-26,1.0,1.0,1.8,1.6,1.6,0.8,1427.3493150805687,1495.7577415401452,0.16666666666666666,6
2025-10-04,Arsenal,West Ham,2,0,H,PL_2025-26,2.0,2.2,0.6,0.8,1.2,2.2,1731.9311922114027,1467.0777938911776,0.6,10
2025-10-04,Man United,Sunderland,2,0,H,PL_2025-26,1.4,1.4,2.0,1.6,0.8,0.8,1514.3852536151442,1522.2883544067302,0.5,0
2025-10-04,Chelsea,Liverpool,2,1,H,PL_2025-26,1.4,2.2,1.6,2.4,1.6,1.0,1616.1347528849221,1746.3166433407268,0.2,10
2025-10-05,Aston Villa,Burnley,2,1,H,PL_2025-26,1.0,0.8,1.2,0.8,1.2,2.0,1607.213025091764,1372.1263607550263,0.5,6
2025-10-05,Everton,Crystal Palace,2,1,H,PL_2025-26,1.6,1.4,1.0,2.2,1.6,0.6,1536.2942998599658,1598.9373887331453,0.6,10
2025-10-05,Newcastle,Nott'm Forest,2,0,H,PL_2025-26,1.0,0.8,1.0,0.4,0.4,1.8,1597.6476431046788,1522.588395564014,0.8333333333333334,6
2025-10-05,Wolves,Brighton,1,1,D,PL_2025-26,0.2,0.8,1.8,1.4,1.6,1.6,1439.4572641406946,1582.3320878111667,0.2,10
2025-10-05,Brentford,Man City,0,1,A,PL_2025-26,1.4,1.6,1.6,1.4,2.0,1.2,1536.9235872907407,1713.7451896828268,0.25,8
2025-10-18,Sunderland,Wolves,2,0,H,PL_2025-26,1.6,0.8,0.8,0.4,1.0,1.8,1514.8787273807234,1440.685074526751,0.5,0
2025-10-18,Crystal Palace,Bournemouth,3,3,D,PL_2025-26,2.0,1.6,0.8,2.2,1.6,0.8,1590.0084826253699,1561.4264379101605,0.3333333333333333,6
2025-10-18,Brighton,Newcastle,2,1,H,PL_2025-26,1.6,1.8,1.4,1.6,0.8,0.4,1581.1042774251105,1602.9961608818264,0.4,10
2025-10-18,Fulham,Arsenal,0,1,A,PL_2025-26,1.2,1.2,1.8,2.0,1.6,0.6,1521.5471379005785,1734.1126135756865,0.125,8
2025-10-18,Burnley,Leeds,2,0,H,PL_2025-26,0.2,1.0,2.4,1.0,1.2,1.2,1369.5889438708223,1416.442534175959,0.0,4
2025-10-18,Nott'm Forest,Chelsea,0,3,A,PL_2025-26,0.2,0.2,2.0,1.4,1.6,1.6,1517.2398777868664,1627.0012788791482,0.16666666666666666,6
2025-10-18,Man City,Everton,2,0,H,PL_2025-26,2.0,2.2,0.8,1.6,1.4,1.2,1721.5694286905823,1545.2232059677413,0.8,10
2025-10-19,Tottenham,Aston Villa,1,2,A,PL_2025-26,1.6,1.6,1.0,1.6,1.2,1.2,1506.6645224447548,1609.750441975968,0.5,10
2025-10-19,Liverpool,Man United,1,2,A,PL_2025-26,1.8,1.2,1.0,1.8,1.6,1.8,1735.4501173465007,1521.794880641151,0.5,10
2025-10-20,West Ham,Brentford,0,2,A,PL_2025-26,0.8,1.0,1.6,0.8,1.4,1.8,1464.8963725268939,1529.0993482829851,0.125,8
2025-10-24,Leeds,West Ham,2,1,H,PL_2025-26,0.8,1.2,1.6,0.2,0.4,2.0,1407.9603904103046,1453.8696817638506,0.16666666666666666,6
2025-10-25,Newcastle,Fulham,2,1,H,PL_2025-26,1.4,1.0,0.8,1.2,1.2,1.6,1595.2071692472264,1514.6782355565595,0.625,8
2025-10-25,Chelsea,Sunderland,1,2,A,PL_2025-26,1.4,1.8,1.6,1.6,0.8,0.6,1636.7203970729602,1520.2467911612398,0.5,0
2025-10-25,Man United,Brighton,4,2,H,PL_2025-26,1.8,1.4,1.6,1.6,1.8,1.4,1538.9713315622687,1588.8932690597105,0.4,10
2025-10-25,Brentford,Liverpool,3,2,H,PL_2025-26,1.4,1.6,1.4,1.2,1.2,1.4,1540.1260390460284,1718.273666425383,0.125,8
2025-10-26,Wolves,Burnley,2,3,A,PL_2025-26,0.4,0.6,1.6,0.8,1.0,1.8,1435.3170107462345,1378.0710876364767,0.16666666666666666,6
2025-10-26,Aston Villa,Man City,1,0,H,PL_2025-26,2.2,1.6,0.8,2.6,2.4,0.4,1619.66162440767,1724.9549215744748,0.2,10
2025-10-26,Bournemouth,Nott'm Forest,2,0,H,PL_2025-26,1.8,2.0,1.4,0.2,0.2,2.0,1564.9671323844007,1507.5207595930544,0.5,6
2025-10-26,Arsenal,Crystal Palace,1,0,H,PL_2025-26,2.6,1.8,0.4,1.6,1.6,1.4,1740.9815159197055,1586.4677881511298,0.6,10
2025-10-26,Everton,Tottenham,0,3,A,PL_2025-26,1.0,0.8,1.2,1.6,1.8,1.2,1541.8377130838487,1496.7533400130528,0.2,10
2025-11-01,Nott'm Forest,Man United,2,2,D,PL_2025-26,0.2,0.2,1.8,2.4,2.2,1.4,1501.7657483272053,1547.539868363202,0.5,6
2025-11-01,Tottenham,Chelsea,0,1,A,PL_2025-26,1.6,1.8,1.2,1.2,1.6,1.6,1510.7022915354535,1621.1878394433074,0.1,10
2025-11-01,Liverpool,Aston Villa,2,0,H,PL_2025-26,0.6,1.4,2.0,2.6,1.8,0.8,1706.061576467237,1629.8139659602755,0.6,10
2025-11-01,Fulham,Wolves,3,0,H,PL_2025-26,0.6,1.2,2.0,0.4,1.0,2.0,1509.4521790661342,1421.0767529330058,0.25,8
2025-11-01,Burnley,Arsenal,0,2,A,PL_2025-26,1.4,1.6,2.0,2.6,1.4,0.4,1392.3113454497054,1744.7352902640907,0.16666666666666666,6
2025-11-01,Brighton,Leeds,3,0,H,PL_2025-26,1.6,2.0,1.8,1.4,1.6,1.6,1580.3247322587772,1416.415992258395,0.5,6
2025-11-01,Crystal Palace,Brentford,2,0,H,PL_2025-26,1.4,1.6,1.6,1.8,1.8,1.4,1582.7140138067446,1552.3381290041743,0.125,8
2025-11-02,West Ham,Newcastle,3,1,H,PL_2025-26,0.2,0.6,1.8,1.4,1.2,1.0,1445.4140799157603,1600.4332257376516,0.2,10
2025-11-02,Man City,Bournemouth,3,1,H,PL_2025-26,2.0,1.8,0.6,1.8,2.0,1.2,1714.8025800218693,1570.7221436502498,0.8333333333333334,6
2025-11-03,Sunderland,Everton,1,1,D,PL_2025-26,2.0,1.2,0.8,0.8,0.8,1.8,1535.7793487908925,1527.888761561448,0.5,0
2025-11-08,West Ham,Burnley,3,2,H,PL_2025-26,0.8,1.0,1.6,1.2,1.4,2.2,1456.9845524370758,1388.5207516805094,0.5,6
2025-11-08,Tottenham,Man United,2,2,D,PL_2025-26,1.4,1.4,1.0,2.0,2.2,1.6,1501.003998269413,1549.0880640341027,0.4,10
2025-11-08,Chelsea,Wolves,3,0,H,PL_2025-26,1.8,1.6,1.2,0.4,0.8,2.0,1630.886132709348,1416.023177529159,0.3,10
2025-11-08,Everton,Fulham,2,0,H,PL_2025-26,1.0,0.8,1.6,0.6,1.2,1.8,1530.8979904091261,1514.505754469981,0.25,8
2025-11-08,Sunderland,Arsenal,2,2,D,PL_2025-26,2.0,1.2,0.8,3.0,1.6,0.2,1532.7701199432145,1748.5258840332867,0.5,0
2025-11-09,Aston Villa,Bournemouth,4,0,H,PL_2025-26,2.4,1.6,1.0,1.6,2.2,1.8,1624.4922088985052,1566.7817922977772,0.5,6
2025-11-09,Brentford,Newcastle,3,1,H,PL_2025-26,1.8,1.6,1.2,1.2,1.4,1.6,1545.9238988313414,1588.8627532163362,0.125,8
2025-11-09,Crystal Palace,Brighton,0,0,D,PL_2025-26,1.4,1.6,1.4,2.0,2.2,1.4,1589.1282439795775,1583.9163758293969,0.3,10
2025-11-09,Nott'm Forest,Leeds,3,1,H,PL_2025-26,0.2,0.4,2.0,0.8,1.0,2.0,1500.2175526563046,1412.8243486877752,0.5,2
2025-11-09,Man City,Liverpool,3,0,H,PL_2025-26,2.4,2.2,0.6,0.6,1.4,1.8,1718.7429313743419,1711.3833335290074,0.2,10
2025-11-22,Newcastle,Man City,2,1,H,PL_2025-26,1.2,1.4,1.8,2.4,1.8,0.4,1580.4904961153468,1725.7476080590327,0.0,10
2025-11-22,Burnley,Chelsea,0,2,A,PL_2025-26,1.2,1.6,1.8,2.4,2.0,0.6,1383.022167264053,1633.692865257777,0.0,6
2025-11-22,Liverpool,Nott'm Forest,0,3,A,PL_2025-26,0.6,1.2,2.0,0.8,1.0,2.0,1704.3786568443165,1505.29251152489,0.5,6
2025-11-22,Bournemouth,West Ham,2,2,D,PL_2025-26,1.4,1.8,2.2,1.2,1.4,1.8,1561.033009336053,1462.4831368535322,0.0,6
2025-11-22,Brighton,Brentford,2,1,H,PL_2025-26,1.6,1.6,1.2,1.8,1.6,1.2,1586.8553250146285,1554.2961559323307,0.375,8
2025-11-22,Fulham,Sunderland,1,0,H,PL_2025-26,0.6,1.0,1.6,1.6,1.4,1.2,1507.7358515484275,1535.9837995246228,0.5,0
2025-11-22,Wolves,Crystal Palace,0,2,A,PL_2025-26,0.2,0.6,2.4,1.0,1.2,1.2,1413.21644498073,1586.1892947943459,0.2,10
2025-11-23,Leeds,Aston Villa,1,2,A,PL_2025-26,0.6,0.8,2.2,2.4,1.8,0.8,1407.7493898191901,1630.2409918602293,0.16666666666666666,6
2025-11-23,Arsenal,Tottenham,4,1,H,PL_2025-26,2.6,1.6,0.4,1.4,1.6,1.2,1745.3122044518784,1499.52076048734,0.7,10
2025-11-24,Man United,Everton,0,1,A,PL_2025-26,2.2,2.4,1.4,1.4,1.0,1.4,1550.5713018161755,1537.6678933306796,0.6,10
2025-11-29,Brentford,Burnley,3,1,H,PL_2025-26,1.8,1.8,1.4,1.2,1.4,1.8,1547.9365620977565,1377.1059647981247,0.5,4
2025-11-29,Man City,Leeds,3,2,H,PL_2025-26,1.8,1.8,0.8,0.6,0.8,2.2,1714.452321440856,1401.1358217392476,0.6666666666666666,6
2025-11-29,Sunderland,Bournemouth,3,2,H,PL_2025-26,1.6,1.4,1.0,1.0,1.6,2.4,1528.02012179019,1555.8686108676736,0.5,0
2025-11-29,Everton,Newcastle,1,4,A,PL_2025-26,1.4,0.8,1.2,1.2,1.4,2.0,1550.8077612383236,1591.7857827335235,0.3,10
2025-11-29,Tottenham,Fulham,1,2,A,PL_2025-26,0.8,1.4,1.8,1.2,1.0,1.0,1497.1167562013802,1515.6995292828603,0.5,8
2025-11-30,West Ham,Liverpool,0,2,A,PL_2025-26,1.4,1.8,1.8,0.6,1.0,2.2,1467.6475353219116,1687.4117592607213,0.1,10
2025-11-30,Aston Villa,Wolves,1,0,H,PL_2025-26,2.4,1.8,0.8,0.0,0.4,2.6,1636.8545599401718,1405.2864234016197,0.3,10
2025-11-30,Nott'm Forest,Brighton,0,2,A,PL_2025-26,1.4,1.6,1.6,2.0,1.8,1.2,1522.2594091084852,1593.2149188492028,0.3333333333333333,6
2025-11-30,Crystal Palace,Man United,1,2,A,PL_2025-26,1.6,1.4,0.8,1.6,2.0,1.6,1594.1193163734563,1537.4314339085315,0.5,10
2025-11-30,Chelsea,Arsenal,1,1,D,PL_2025-26,2.4,2.0,0.4,2.6,2.0,0.6,1639.6090677237053,1747.7162087378383,0.1,10
2025-12-02,Bournemouth,Everton,0,1,A,PL_2025-26,0.8,1.4,2.4,1.4,1.0,1.6,1547.9159511499995,1539.1251273735986,0.6666666666666666,6
2025-12-02,Fulham,Man City,4,5,A,PL_2025-26,1.8,1.4,1.0,1.8,2.0,1.2,1528.0009323590505,1716.1477100607613,0.0,8
2025-12-02,Newcastle,Tottenham,2,2,D,PL_2025-26,1.8,2.0,1.8,0.8,1.4,1.8,1603.4684165982485,1484.81535312519,0.5,10
2025-12-03,Arsenal,Brentford,2,0,H,PL_2025-26,2.2,2.0,0.8,1.8,2.0,1.6,1747.4829088035901,1551.4122904901851,0.625,8
2025-12-03,Brighton,Aston Villa,3,4,A,PL_2025-26,2.0,1.8,1.0,2.4,1.6,0.6,1604.0489445422998,1639.4371901725278,0.2,10
2025-12-03,Burnley,Crystal Palace,0,1,A,PL_2025-26,0.6,1.2,2.4,1.4,1.0,0.6,1373.630236405696,1579.8922413685207,0.3333333333333333,6
2025-12-03,Wolves,Nott'm Forest,0,1,A,PL_2025-26,0.0,0.4,2.4,1.4,1.6,1.4,1402.7037931692637,1511.4253834153883,0.16666666666666666,6
2025-12-03,Leeds,Chelsea,3,1,H,PL_2025-26,0.6,1.2,2.4,2.0,1.6,0.6,1399.4404331193423,1639.8423676579534,0.16666666666666666,6
2025-12-03,Liverpool,Sunderland,1,1,D,PL_2025-26,1.2,1.2,1.8,1.6,1.6,1.4,1694.0950090532613,1535.972781507864,0.5,0
2025-12-04,Man United,West Ham,1,1,D,PL_2025-26,1.6,2.0,1.6,1.4,1.8,1.8,1551.6585089134671,1460.9642855293716,0.6,10
2025-12-06,Man City,Sunderland,3,0,H,PL_2025-26,2.4,3.0,1.8,1.2,1.4,1.4,1723.663710539428,1542.2819359234745,0.5,0
2025-12-06,Newcastle,Burnley,2,1,H,PL_2025-26,1.4,2.0,2.0,0.0,0.6,2.2,1597.8924813469032,1366.596775672939,1.0,6
2025-12-06,Aston Villa,Arsenal,2,1,H,PL_2025-26,2.4,2.2,1.2,2.2,2.2,0.8,1651.2757201221784,1750.5609479582893,0.4,10
2025-12-06,Leeds,Liverpool,3,3,D,PL_2025-26,0.6,1.4,2.4,1.4,1.0,1.4,1413.2750280869327,1687.7858546376508,0.16666666666666666,6
2025-12-06,Bournemouth,Chelsea,0,0,D,PL_2025-26,0.2,1.0,2.6,2.0,1.6,0.8,1534.8831761735796,1626.007772690363,0.0,6
2025-12-06,Everton,Nott'm Forest,3,0,H,PL_2025-26,2.0,1.2,1.0,2.0,1.8,1.0,1552.1579023500185,1521.174408584195,0.5,6
2025-12-06,Tottenham,Brentford,2,0,H,PL_2025-26,0.4,1.2,2.2,1.2,1.4,1.6,1490.3912883765354,1548.334251335486,0.5,8
2025-12-07,Brighton,West Ham,1,1,D,PL_2025-26,2.0,2.0,1.0,1.6,1.8,1.6,1592.2104145926492,1465.9609544207874,0.4,10
2025-12-07,Fulham,Crystal Palace,1,2,A,PL_2025-26,1.8,2.0,1.6,2.0,1.2,0.4,1520.4849318803838,1586.9257021012777,0.25,8
2025-12-08,Wolves,Man United,1,4,A,PL_2025-26,0.0,0.0,2.0,1.2,1.4,1.4,1392.954768000457,1546.6618400220514,0.3,10
2025-12-13,Burnley,Fulham,2,3,A,PL_2025-26,0.0,0.8,2.2,1.2,1.6,2.0,1364.0106162152547,1509.5220123780407,0.5,4
2025-12-13,Arsenal,Wolves,2,1,H,PL_2025-26,1.6,2.0,1.2,0.0,0.2,2.2,1740.5815207258834,1384.4883857374675,0.8,10
2025-12-13,Chelsea,Everton,2,0,H,PL_2025-26,1.6,1.4,0.8,2.4,1.6,0.8,1626.2631717843867,1558.556902310243,0.4,10
2025-12-13,Liverpool,Brighton,2,0,H,PL_2025-26,1.0,1.2,2.0,1.6,1.6,1.2,1683.146751068219,1586.485653628817,0.3,10
2025-12-14,Crystal Palace,Man City,0,3,A,PL_2025-26,2.0,1.2,0.6,2.4,3.0,1.6,1597.8886216036208,1726.9684597702308,0.1,10
2025-12-14,Nott'm Forest,Tottenham,3,0,H,PL_2025-26,1.8,1.4,1.2,1.0,1.6,2.0,1514.7754086239704,1499.1866676041948,0.3333333333333333,6
2025-12-14,Sunderland,Newcastle,1,0,H,PL_2025-26,1.0,1.2,1.8,2.0,2.2,1.6,1538.9771866926717,1600.4786408045875,0.5,0
2025-12-14,West Ham,Aston Villa,2,3,A,PL_2025-26,1.2,1.4,1.6,3.0,2.6,1.0,1471.6857153846195,1661.2551473545843,0.5,10
2025-12-14,Brentford,Leeds,1,1,D,PL_2025-26,1.2,1.4,1.6,0.8,2.0,2.4,1539.5388721078266,1417.9141316563646,0.25,4
2025-12-15,Man United,Bournemouth,4,4,D,PL_2025-26,1.6,1.8,1.2,0.4,0.8,2.0,1555.128222285041,1534.627777079556,0.3333333333333333,6
2025-12-20,Everton,Arsenal,0,1,A,PL_2025-26,1.8,1.2,1.2,2.0,2.0,1.0,1553.0409153259618,1741.9318460801392,0.4,10
2025-12-20,Tottenham,Liverpool,1,2,A,PL_2025-26,0.8,1.2,2.2,1.6,1.6,1.4,1492.3960356957966,1688.0223285094405,0.1,10
2025-12-20,Leeds,Crystal Palace,4,1,H,PL_2025-26,1.0,2.0,2.0,1.8,1.2,1.2,1423.5487247465062,1588.7236576057126,0.3333333333333333,6
2025-12-20,Wolves,Brentford,0,2,A,PL_2025-26,0.0,0.4,2.0,0.8,1.0,1.6,1383.1380603832117,1533.904279017685,0.375,8
2025-12-20,Man City,West Ham,3,0,H,PL_2025-26,2.4,3.0,1.6,0.6,1.2,1.8,1736.133423768139,1464.208096382749,0.8,10
2025-12-20,Bournemouth,Burnley,1,1,D,PL_2025-26,0.6,1.6,2.0,0.0,0.8,2.2,1537.9633730720084,1355.31309824425,1.0,2
2025-12-20,Newcastle,Chelsea,2,2,D,PL_2025-26,2.0,2.0,1.2,1.6,1.2,0.8,1591.5822050707775,1631.779158768668,0.3,10
2025-12-20,Brighton,Sunderland,0,0,D,PL_2025-26,1.4,1.6,1.6,1.4,1.0,1.4,1581.6100761875955,1547.8736224264817,0.5,0
2025-12-21,Aston Villa,Man United,2,1,H,PL_2025-26,3.0,2.4,1.4,1.6,2.2,1.6,1668.7327663564547,1551.7926262925885,0.2,10
2025-12-22,Fulham,Nott'm Forest,1,0,H,PL_2025-26,1.8,2.2,2.0,1.8,1.4,1.0,1518.2195303490453,1521.5660405323686,0.8333333333333334,6
2025-12-26,Man United,Newcastle,1,0,H,PL_2025-26,1.6,2.4,1.8,1.6,2.0,1.4,1547.3344947500188,1589.8777350575838,0.4,10
2025-12-27,Brentford,Bournemouth,4,1,H,PL_2025-26,1.4,1.2,1.2,0.6,1.4,1.8,1542.4534204744464,1531.2480274209545,0.6666666666666666,6
2025-12-27,Chelsea,Aston Villa,1,2,A,PL_2025-26,1.2,1.2,1.2,3.0,2.4,1.4,1633.4836287818616,1673.1908978990243,0.4,10
2025-12-27,West Ham,Fulham,0,1,A,PL_2025-26,0.4,0.8,2.0,1.8,2.2,2.0,1462.104543203308,1525.507229520146,0.5,8
2025-12-27,Arsenal,Brighton,2,1,H,PL_2025-26,2.0,1.4,0.8,1.0,1.2,1.4,1749.4277604019478,1577.9403119981441,0.5,10
2025-12-27,Nott'm Forest,Man City,1,2,A,PL_2025-26,1.2,0.8,1.2,3.0,3.4,1.2,1514.2783413612678,1738.2369769475802,0.16666666666666666,6
2025-12-27,Burnley,Everton,0,0,D,PL_2025-26,0.2,1.0,2.0,1.2,1.0,1.4,1362.028443895304,1545.5450010041532,0.3333333333333333,6
2025-12-27,Liverpool,Wolves,2,1,H,PL_2025-26,2.2,2.0,1.0,0.0,0.4,2.0,1695.337439709111,1374.5889189264503,0.9,10
2025-12-28,Sunderland,Leeds,1,1,D,PL_2025-26,1.6,1.0,1.2,1.6,2.6,1.8,1551.543386615933,1435.4029116813267,0.5,0
2025-12-28,Crystal Palace,Tottenham,0,1,A,PL_2025-26,1.2,1.0,2.0,0.8,1.2,1.8,1576.869470670892,1485.080924496126,0.3,10
2025-12-30,Man United,Wolves,1,1,D,PL_2025-26,1.6,2.2,1.6,0.0,0.6,2.2,1555.6956689171664,1372.95874569008,0.7272727272727273,11
2025-12-30,West Ham,Brighton,2,2,D,PL_2025-26,0.4,0.8,1.8,0.4,1.0,1.8,1451.0550664894565,1574.4754284899723,0.09090909090909091,11
2025-12-30,Arsenal,Aston Villa,4,1,H,PL_2025-26,2.4,1.6,0.8,3.0,2.6,1.6,1752.8926439101197,1684.9090494027776,0.45454545454545453,11
2025-12-30,Chelsea,Bournemouth,2,2,D,PL_2025-26,1.0,1.2,1.4,0.6,1.2,2.0,1621.7654772781084,1524.3437734186448,0.5714285714285714,7
2025-12-30,Nott'm Forest,Everton,0,2,A,PL_2025-26,1.2,1.0,1.2,1.4,0.8,0.6,1507.7021020163877,1543.1864548144267,0.14285714285714285,7
2025-12-30,Burnley,Newcastle,1,3,A,PL_2025-26,0.4,0.8,1.4,1.0,1.2,1.4,1364.3869900850304,1581.5165608904363,0.0,7
2026-01-01,Crystal Palace,Fulham,1,1,D,PL_2025-26,1.2,0.8,1.8,1.8,2.0,1.8,1561.849205648382,1536.5567062339974,0.3333333333333333,9
2026-01-01,Liverpool,Leeds,0,0,D,PL_2025-26,2.2,2.0,1.2,1.8,2.4,1.4,1696.9676129454815,1440.9288123967078,0.5714285714285714,7
2026-01-01,Brentford,Tottenham,0,0,D,PL_2025-26,1.4,1.4,1.2,1.4,1.2,1.4,1549.357674476756,1500.1011895186361,0.1111111111111111,9
2026-01-01,Sunderland,Man City,0,0,D,PL_2025-26,1.2,0.6,1.0,3.0,3.2,1.0,1546.017485900552,1744.8132162924603,0.0,1
2026-01-03,Aston Villa,Nott'm Forest,3,1,H,PL_2025-26,2.4,2.0,1.8,0.6,0.8,1.6,1679.3994372896143,1495.86624488682,0.5,6
2026-01-03,Brighton,Burnley,2,0,H,PL_2025-26,0.6,0.8,1.4,0.4,1.0,1.8,1573.8023554580454,1357.6360820930233,0.16666666666666666,6
2026-01-03,Wolves,West Ham,3,0,H,PL_2025-26,0.2,0.8,2.2,0.4,1.0,2.0,1379.675460388724,1451.7281395213834,0.3,10
2026-01-03,Bournemouth,Arsenal,2,3,A,PL_2025-26,0.8,1.6,2.2,2.4,2.0,1.0,1529.4843210961706,1758.402256023283,0.3333333333333333,6
2026-01-04,Fulham,Liverpool,2,2,D,PL_2025-26,2.0,1.4,1.0,2.2,1.8,1.0,1540.0143135942978,1689.2496225156078,0.25,8
2026-01-04,Tottenham,Sunderland,1,1,D,PL_2025-26,1.4,0.8,1.0,1.2,0.4,0.8,1504.1510148695288,1548.7868133129373,0.5,0
2026-01-04,Man City,Chelsea,1,1,D,PL_2025-26,2.6,2.2,0.2,1.2,1.4,1.2,1742.043888880075,1616.6249296005826,0.7,10
2026-01-04,Everton,Brentford,2,4,A,PL_2025-26,1.4,1.0,0.6,1.6,1.4,0.8,1555.0223119439945,1545.3078491258634,0.375,8
2026-01-04,Newcastle,Crystal Palace,2,0,H,PL_2025-26,1.4,1.4,1.2,0.8,0.8,2.0,1588.2674688824434,1558.3915982880815,0.4,10
2026-01-04,Leeds,Man United,1,1,D,PL_2025-26,1.4,1.8,1.2,1.6,2.2,1.6,1448.6468028265815,1548.9789542185222,0.0,6
2026-01-06,West Ham,Nott'm Forest,1,2,A,PL_2025-26,0.2,0.8,2.4,0.6,1.0,1.6,1442.530797647331,1492.5955192018416,0.42857142857142855,7
2026-01-07,Bournemouth,Tottenham,3,2,H,PL_2025-26,0.6,2.0,2.8,1.0,0.6,1.2,1523.033468379218,1502.5708573085806,0.42857142857142855,7
2026-01-07,Brentford,Sunderland,3,0,H,PL_2025-26,2.2,2.2,0.8,1.4,0.6,0.4,1558.364743901489,1550.3669708738855,0.0,1
2026-01-07,Crystal Palace,Aston Villa,0,0,D,PL_2025-26,0.2,0.4,2.2,2.4,2.2,1.8,1551.9648205138303,1682.6701629745926,0.45454545454545453,11
2026-01-07,Everton,Wolves,1,1,D,PL_2025-26,0.8,0.8,1.4,0.8,1.2,1.4,1541.965417168369,1388.8728022627765,0.36363636363636365,11
2026-01-07,Fulham,Chelsea,2,1,H,PL_2025-26,2.2,1.6,1.0,1.2,1.6,1.4,1541.4220092241237,1622.3335987824125,0.2222222222222222,9
2026-01-07,Man City,Brighton,1,1,D,PL_2025-26,2.2,1.8,0.4,1.0,1.0,1.2,1736.335219698245,1576.591034429432,0.5454545454545454,11
2026-01-07,Burnley,Man United,2,2,D,PL_2025-26,0.4,0.8,1.8,1.2,1.6,1.6,1354.8474031216367,1548.9693941358885,0.0,7
2026-01-07,Newcastle,Leeds,4,3,H,PL_2025-26,1.4,1.4,1.0,1.4,1.4,0.8,1594.6942466566945,1448.6563629092152,0.14285714285714285,7
2026-01-08,Arsenal,Liverpool,0,0,D,PL_2025-26,3.0,2.4,1.0,2.2,1.6,0.8,1764.8531087402355,1687.841926885782,0.18181818181818182,11
2026-01-17,Liverpool,Burnley,1,1,D,PL_2025-26,1.8,1.2,0.8,0.6,0.8,1.6,1692.5373195604861,1357.4920692691305,0.8571428571428571,7
2026-01-17,Nott'm Forest,Arsenal,0,0,D,PL_2025-26,0.6,0.8,1.8,2.6,2.0,0.8,1504.022956719207,1760.1577160655313,0.14285714285714285,7
2026-01-17,Chelsea,Brentford,2,0,H,PL_2025-26,0.6,1.4,1.8,2.6,2.6,0.6,1612.882455269373,1565.3527096249745,0.2222222222222222,9
2026-01-17,Tottenham,West Ham,1,2,A,PL_2025-26,1.0,1.0,1.2,0.2,0.6,2.2,1495.9054854711455,1431.1033601299655,0.36363636363636365,11
2026-01-17,Man United,Man City,2,0,H,PL_2025-26,1.2,1.2,1.2,1.8,1.4,0.6,1546.3247279883947,1729.9980469595496,0.2727272727272727,11
2026-01-17,Leeds,Fulham,1,0,H,PL_2025-26,1.2,1.8,1.4,2.2,1.4,0.8,1444.7515421165826,1550.8731527371633,0.4,5
2026-01-17,Sunderland,Crystal Palace,2,1,H,PL_2025-26,0.8,0.4,1.0,0.4,0.4,1.6,1543.3790051504,1552.8462975777759,0.0,1
2026-01-18,Wolves,Newcastle,0,0,D,PL_2025-26,1.0,1.2,1.2,2.0,2.2,1.4,1395.094019658116,1598.599067449327,0.09090909090909091,11
2026-01-18,Aston Villa,Everton,0,1,A,PL_2025-26,2.0,1.6,1.4,1.0,1.0,1.2,1681.788685910647,1535.7441997730295,0.7272727272727273,11
2026-01-19,Brighton,Bournemouth,1,1,D,PL_2025-26,1.2,1.2,1.0,1.0,1.8,2.4,1582.9282071681275,1529.698840216653,0.7142857142857143,7
2026-01-24,Man City,Wolves,2,0,H,PL_2025-26,1.2,0.8,1.0,1.2,1.2,0.8,1717.6352402435282,1397.988021311689,0.9090909090909091,11
2026-01-24,Bournemouth,Liverpool,3,2,H,PL_2025-26,1.0,1.8,2.4,1.4,1.0,0.8,1533.843815092138,1684.0484348140808,0.14285714285714285,7
2026-01-24,Fulham,Brighton,2,1,H,PL_2025-26,1.6,1.2,1.0,1.2,1.4,1.2,1540.6969768506815,1578.7832322926427,0.4444444444444444,9
2026-01-24,Burnley,Tottenham,2,2,D,PL_2025-26,0.6,0.8,1.6,1.0,1.0,1.2,1365.9809540155359,1481.4885036085666,0.14285714285714285,7
2026-01-24,West Ham,Sunderland,3,1,H,PL_2025-26,0.8,1.0,1.8,1.2,0.8,1.2,1445.5203419925444,1550.8306810573472,0.0,1
2026-01-25,Brentford,Nott'm Forest,0,2,A,PL_2025-26,2.0,2.2,1.0,0.8,0.8,1.6,1559.3609032380668,1508.2369474076247,0.42857142857142855,7
2026-01-25,Crystal Palace,Chelsea,1,3,A,PL_2025-26,0.4,0.4,1.2,1.0,1.4,1.4,1545.3946216708287,1618.8742616562806,0.0,11
2026-01-25,Newcastle,Aston Villa,0,2,A,PL_2025-26,2.0,1.8,1.0,1.4,1.2,1.4,1595.705065795754,1665.6933872718093,0.45454545454545453,11
2026-01-25,Arsenal,Man United,2,3,A,PL_2025-26,2.2,1.8,0.8,1.8,1.4,0.8,1755.9437253771137,1558.687534704416,0.6363636363636364,11
2026-01-26,Everton,Leeds,1,1,D,PL_2025-26,1.6,1.2,1.0,1.2,1.2,1.2,1551.8394984118672,1454.9277180030645,0.42857142857142855,7
2026-01-31,Chelsea,West Ham,3,2,H,PL_2025-26,1.6,1.8,1.2,1.4,1.6,1.8,1629.6360999257274,1455.6731739362006,0.7272727272727273,11
2026-01-31,Leeds,Arsenal,0,4,A,PL_2025-26,1.2,1.2,1.2,1.6,1.8,1.2,1460.0574591305287,1739.0040327527931,0.0,7
2026-01-31,Wolves,Bournemouth,0,2,A,PL_2025-26,1.2,1.0,0.8,1.6,2.2,2.0,1396.348330568947,1545.2788460743623,0.2857142857142857,7
2026-01-31,Brighton,Everton,1,1,D,PL_2025-26,1.2,1.4,1.2,1.6,1.4,1.2,1570.5466264029476,1546.709757284403,0.2727272727272727,11
2026-01-31,Liverpool,Newcastle,4,1,H,PL_2025-26,0.8,1.0,1.2,2.0,1.8,1.2,1672.6134038318564,1584.843402315085,0.7272727272727273,11
2026-02-01,Aston Villa,Brentford,0,1,A,PL_2025-26,1.4,1.2,1.2,1.4,1.4,1.2,1676.5550507524783,1545.2662413911398,0.4444444444444444,9
2026-02-01,Man United,Fulham,3,2,H,PL_2025-26,1.8,1.8,1.2,1.6,1.4,1.2,1575.6272273287366,1548.9335827403766,0.6666666666666666,9
2026-02-01,Nott'm Forest,Crystal Palace,1,1,D,PL_2025-26,1.4,1.0,1.2,0.4,0.6,1.6,1522.331609254552,1534.6327834013819,0.2857142857142857,7
2026-02-01,Tottenham,Man City,2,2,D,PL_2025-26,0.6,1.2,1.6,1.2,0.8,0.8,1481.042456620938,1719.2749309862702,0.5454545454545454,11
2026-02-02,Sunderland,Burnley,3,0,H,PL_2025-26,1.0,0.8,1.6,0.6,1.2,2.0,1540.677849113691,1366.4270010031644,0.0,1
2026-02-06,Leeds,Nott'm Forest,3,1,H,PL_2025-26,1.0,1.2,2.0,1.6,1.2,1.0,1454.7961619965033,1519.859711156387,0.3333333333333333,3
2026-02-07,Bournemouth,Aston Villa,1,1,D,PL_2025-26,2.0,2.2,1.6,1.4,1.0,0.6,1553.8797503244107,1660.7335905262737,0.14285714285714285,7
2026-02-07,Newcastle,Brentford,2,3,A,PL_2025-26,1.4,1.4,1.8,1.8,1.6,1.2,1579.77665357127,1561.0877016173445,0.6666666666666666,9
2026-02-07,Wolves,Chelsea,1,3,A,PL_2025-26,1.0,0.8,1.0,2.0,2.0,1.2,1387.7474263188985,1633.0603525955337,0.36363636363636365,11
2026-02-07,Arsenal,Sunderland,3,0,H,PL_2025-26,1.6,1.8,1.0,1.4,1.4,1.6,1744.2653298868186,1544.0974006459523,0.0,1
2026-02-07,Man United,Tottenham,2,0,H,PL_2025-26,2.2,2.2,1.4,0.6,1.6,2.0,1582.1341626580404,1484.8236639256795,0.36363636363636365,11
2026-02-07,Burnley,West Ham,0,2,A,PL_2025-26,0.6,1.0,2.0,1.2,1.6,2.0,1363.007449470903,1452.2489212663943,0.0,7
2026-02-07,Fulham,Everton,1,2,A,PL_2025-26,1.4,1.6,1.6,1.2,1.2,1.4,1542.4266474110727,1550.130423675849,0.3333333333333333,9
2026-02-08,Brighton,Crystal Palace,0,1,A,PL_2025-26,1.2,1.2,1.0,0.4,0.6,1.6,1567.1259600115015,1537.1046814995468,0.18181818181818182,11
2026-02-08,Liverpool,Man City,1,2,A,PL_2025-26,1.2,1.8,1.4,1.2,1.2,1.2,1677.6801525756716,1715.4937236815288,0.2727272727272727,11
2026-02-10,Tottenham,Newcastle,1,2,A,PL_2025-26,0.4,1.4,2.2,0.8,1.4,2.4,1479.9618562780463,1566.4874757670657,0.2727272727272727,11
2026-02-10,West Ham,Man United,1,1,D,PL_2025-26,1.8,2.0,1.4,2.6,2.4,1.2,1462.5584776651915,1586.9959703056736,0.36363636363636365,11
2026-02-10,Everton,Bournemouth,1,2,A,PL_2025-26,1.8,1.2,0.8,2.2,2.0,1.2,1562.7261479190963,1554.0769941176127,0.42857142857142855,7
2026-02-10,Chelsea,Leeds,2,2,D,PL_2025-26,2.4,2.4,1.2,1.4,1.6,2.0,1639.1058500587817,1463.7939856194528,0.5714285714285714,7
2026-02-11,Aston Villa,Brighton,1,0,H,PL_2025-26,1.0,0.6,0.6,0.6,0.8,1.2,1660.5363467330717,1553.5490875153932,0.6363636363636364,11
2026-02-11,Crystal Palace,Burnley,2,3,A,PL_2025-26,1.0,0.8,1.2,0.6,1.0,2.0,1550.6815539956551,1352.697893072106,0.42857142857142855,7
2026-02-11,Man City,Fulham,3,0,H,PL_2025-26,1.6,1.4,1.2,1.2,1.4,1.6,1727.2647211707704,1529.8309231678254,1.0,9
2026-02-11,Nott'm Forest,Wolves,0,0,D,PL_2025-26,1.6,1.2,1.0,0.4,0.4,1.6,1510.8618875334375,1381.7019288556505,0.2857142857142857,7
2026-02-11,Sunderland,Liverpool,0,1,A,PL_2025-26,1.2,1.2,2.0,1.0,1.6,1.4,1541.0802869339177,1665.90915508643,0.0,1
2026-02-12,Brentford,Arsenal,1,1,D,PL_2025-26,1.8,1.4,1.2,1.6,1.8,0.6,1574.3768794215487,1747.2824435988532,0.1111111111111111,9
2026-02-18,Wolves,Arsenal,2,2,D,PL_2025-26,0.4,0.2,1.4,1.6,2.0,0.8,1387.4827364703553,1745.2143189073436,0.18181818181818182,11
2026-02-21,Chelsea,Burnley,1,1,D,PL_2025-26,2.6,2.6,1.2,1.0,1.2,2.0,1632.5081217406382,1369.6484244735527,0.7142857142857143,7
2026-02-21,West Ham,Bournemouth,0,0,D,PL_2025-26,2.0,2.0,1.2,2.2,1.8,1.0,1463.2606876202856,1567.1060660920994,0.2857142857142857,7
2026-02-21,Man City,Newcastle,2,1,H,PL_2025-26,2.0,1.8,1.0,0.8,1.0,2.0,1730.322379417587,1576.8751052917435,0.7272727272727273,11
2026-02-21,Aston Villa,Leeds,1,1,D,PL_2025-26,1.4,0.8,0.6,1.6,1.4,1.6,1665.196110495652,1470.3917139375963,0.5714285714285714,7
2026-02-21,Brentford,Brighton,0,2,A,PL_2025-26,1.4,1.0,1.4,0.4,0.6,1.2,1576.4450041130583,1548.889323752813,0.2222222222222222,9
2026-02-22,Crystal Palace,Wolves,1,0,H,PL_2025-26,0.8,1.2,1.8,0.4,0.6,1.8,1533.7310225942083,1393.7851180053742,0.7272727272727273,11
2026-02-22,Nott'm Forest,Liverpool,0,1,A,PL_2025-26,1.2,0.8,0.8,1.4,1.8,1.4,1505.0810799187327,1675.19573687599,0.42857142857142855,7
2026-02-22,Sunderland,Fulham,1,3,A,PL_2025-26,1.2,1.2,1.6,0.6,1.0,2.0,1531.7937051443578,1526.7732649210088,0.0,1
2026-02-22,Tottenham,Arsenal,1,4,A,PL_2025-26,0.4,1.2,2.0,1.6,2.4,1.2,1469.5742267533685,1738.9119373723247,0.18181818181818182,11
2026-02-23,Everton,Man United,0,1,A,PL_2025-26,1.6,1.2,1.0,2.6,2.2,1.0,1549.6970759446097,1586.2937603505795,0.18181818181818182,11
2026-02-27,Wolves,Aston Villa,2,0,H,PL_2025-26,0.4,0.6,1.6,1.6,1.0,0.6,1389.7689184233066,1658.293180375953,0.36363636363636365,11
2026-02-28,Bournemouth,Sunderland,1,1,D,PL_2025-26,2.2,1.6,0.8,0.6,1.0,2.0,1566.9953917218718,1518.85979061311,0.0,1
2026-02-28,Burnley,Brentford,3,4,A,PL_2025-26,1.0,1.2,2.0,1.4,1.0,1.4,1377.4445980320775,1562.9301743276017,0.4,5
2026-02-28,Liverpool,West Ham,5,2,H,PL_2025-26,1.8,1.8,1.2,1.6,1.6,1.0,1683.2046314733434,1463.3713619905132,0.8181818181818182,11
2026-02-28,Newcastle,Everton,2,3,A,PL_2025-26,0.6,1.2,2.4,1.0,1.0,1.2,1573.1025758024896,1537.8921733398117,0.5454545454545454,11
2026-02-28,Leeds,Man City,0,1,A,PL_2025-26,1.2,1.4,1.8,2.6,2.2,0.8,1477.2946440572953,1734.0949089068408,0.14285714285714285,7
2026-03-01,Man United,Crystal Palace,2,1,H,PL_2025-26,2.6,2.0,1.0,1.4,1.2,1.4,1598.0986629553774,1537.747222176276,0.2727272727272727,11
2026-03-01,Arsenal,Chelsea,2,1,H,PL_2025-26,2.2,2.8,0.8,2.2,2.4,1.4,1744.3904880838777,1624.7119481821135,0.6363636363636364,11
2026-03-01,Fulham,Tottenham,2,1,H,PL_2025-26,1.2,1.6,2.0,0.4,1.2,2.4,1539.7071794522567,1464.0956760418155,0.3333333333333333,9
2026-03-01,Brighton,Nott'm Forest,2,1,H,PL_2025-26,0.8,0.8,1.0,1.0,0.8,1.0,1562.4041535382696,1497.0721853213793,0.42857142857142855,7
2026-03-03,Bournemouth,Brentford,0,0,D,PL_2025-26,1.8,1.2,0.6,2.0,1.8,1.6,1562.9725719340922,1570.5181797920718,0.0,7
2026-03-03,Everton,Burnley,2,0,H,PL_2025-26,1.4,1.4,1.4,0.8,1.4,2.4,1551.5985906346607,1369.8565925676073,0.42857142857142855,7
2026-03-03,Leeds,Sunderland,0,1,A,PL_2025-26,1.0,1.2,1.8,0.8,1.0,1.6,1471.524375355909,1522.8826104008895,0.0,1
2026-03-03,Wolves,Liverpool,2,1,H,PL_2025-26,1.0,1.0,1.2,2.4,2.4,1.0,1404.2717214963611,1685.94303685405,0.09090909090909091,11
2026-03-04,Aston Villa,Chelsea,1,4,A,PL_2025-26,1.0,0.6,1.0,1.6,2.0,1.6,1643.7903773028984,1620.3081888344932,0.45454545454545453,11
2026-03-04,Man City,Nott'm Forest,2,2,D,PL_2025-26,2.6,2.0,0.8,0.4,0.6,1.4,1739.8651776082272,1491.5014337616954,0.7142857142857143,7
2026-03-04,Fulham,West Ham,0,1,A,PL_2025-26,1.2,1.6,2.0,1.0,1.4,1.8,1545.0432503723912,1460.6329566098066,0.3333333333333333,9
2026-03-04,Brighton,Arsenal,0,1,A,PL_2025-26,1.4,1.0,0.8,2.2,2.4,1.0,1567.9749050979535,1748.794247431498,0.18181818181818182,11
2026-03-04,Newcastle,Man United,2,1,H,PL_2025-26,0.6,1.6,2.6,2.6,1.8,0.8,1559.3961585076406,1603.7853709604628,0.36363636363636365,11
2026-03-05,Tottenham,Crystal Palace,1,3,A,PL_2025-26,0.2,1.0,2.4,1.4,1.2,1.2,1458.759605121681,1532.0605141711906,0.6363636363636364,11
2026-03-14,Burnley,Bournemouth,0,0,D,PL_2025-26,0.8,1.4,2.2,1.4,0.8,0.6,1366.5575598027024,1560.3726024745408,0.0,3
2026-03-14,Sunderland,Brighton,0,1,A,PL_2025-26,0.8,0.6,1.6,1.2,0.8,0.8,1534.2735569796985,1560.2600046725277,0.0,1
2026-03-14,Arsenal,Everton,2,0,H,PL_2025-26,2.2,2.0,1.0,1.8,1.6,1.2,1756.5091478569238,1554.8976233995656,0.45454545454545453,11
2026-03-14,Chelsea,Newcastle,0,1,A,PL_2025-26,1.6,2.2,1.4,1.2,1.8,2.0,1633.7198380463851,1567.8090816212407,0.5454545454545454,11
2026-03-14,West Ham,Man City,1,1,D,PL_2025-26,1.6,1.2,1.2,2.6,2.0,0.8,1475.4926931835541,1732.2380394325066,0.0,11
2026-03-15,Crystal Palace,Leeds,0,0,D,PL_2025-26,1.8,1.6,1.2,1.0,1.2,1.2,1542.8274666722807,1460.1334287770999,0.42857142857142855,7
2026-03-15,Man United,Aston Villa,3,1,H,PL_2025-26,2.0,1.4,0.8,1.0,0.8,1.6,1595.3724478468628,1630.3787280910065,0.5454545454545454,11
2026-03-15,Nott'm Forest,Fulham,0,0,D,PL_2025-26,0.4,0.8,1.6,1.2,1.2,1.6,1499.128571937416,1530.1835137986436,0.14285714285714285,7
2026-03-15,Liverpool,Tottenham,1,1,D,PL_2025-26,1.8,1.8,1.2,0.0,0.8,2.6,1671.1437464518979,1447.992652620591,0.7272727272727273,11
2026-03-16,Brentford,Wolves,2,2,D,PL_2025-26,1.6,1.6,1.6,1.6,1.2,0.8,1573.1181492516232,1419.0710118985132,0.4444444444444444,9
2026-03-20,Bournemouth,Man United,2,2,D,PL_2025-26,1.4,0.6,0.4,2.0,1.6,1.0,1557.736155008009,1603.5232978137233,0.2857142857142857,7
2026-03-21,Leeds,Brentford,0,0,D,PL_2025-26,0.6,0.6,1.0,1.2,1.4,1.6,1464.9553433495912,1566.880120434034,0.2,5
2026-03-21,Everton,Chelsea,3,0,H,PL_2025-26,1.2,1.2,1.4,1.0,1.6,1.4,1551.9017379080842,1619.277208804048,0.2727272727272727,11
2026-03-21,Fulham,Burnley,3,1,H,PL_2025-26,1.4,1.0,1.2,1.0,1.4,1.8,1532.1422684793806,1369.1940072692341,0.2,5
2026-03-21,Brighton,Liverpool,2,1,H,PL_2025-26,1.8,1.0,0.6,2.0,1.8,1.0,1572.358635602973,1663.8373244439003,0.2727272727272727,11
2026-03-22,Newcastle,Sunderland,1,2,A,PL_2025-26,1.8,1.6,1.4,0.8,0.6,1.2,1582.2517108635777,1522.1749260492531,0.0,1
2026-03-22,Aston Villa,West Ham,2,0,H,PL_2025-26,0.8,0.8,2.0,1.2,1.0,1.4,1622.227878124146,1479.721126505355,0.2727272727272727,11
2026-03-22,Tottenham,Nott'm Forest,0,3,A,PL_2025-26,0.2,1.0,2.4,0.6,0.6,1.0,1455.2990746285884,1497.169817256679,0.5714285714285714,7
2026-04-10,West Ham,Wolves,4,0,H,PL_2025-26,1.0,0.8,1.6,1.6,1.6,1.2,1475.752033940445,1425.3090407161023,0.6363636363636364,11
2026-04-11,Burnley,Brighton,0,2,A,PL_2025-26,0.4,1.0,2.0,2.4,1.4,0.6,1365.586042924508,1582.1134217190295,0.14285714285714285,7
2026-04-11,Liverpool,Fulham,2,0,H,PL_2025-26,1.4,1.8,1.4,2.0,1.6,0.8,1654.0825383278438,1535.7502328241067,0.3333333333333333,9
2026-04-11,Arsenal,Bournemouth,1,2,A,PL_2025-26,2.6,2.2,0.8,1.0,0.6,0.6,1759.5050333484053,1556.188325180446,0.7142857142857143,7
2026-04-11,Brentford,Everton,2,2,D,PL_2025-26,1.2,1.2,1.4,1.8,1.6,1.0,1566.8247214630098,1560.9654786488777,0.3333333333333333,9
2026-04-12,Crystal Palace,Newcastle,2,1,H,PL_2025-26,1.4,1.4,1.2,1.2,1.4,1.6,1538.0055520997894,1567.9448555678873,0.18181818181818182,11
2026-04-12,Nott'm Forest,Aston Villa,1,1,D,PL_2025-26,1.0,1.2,1.0,0.8,1.0,2.0,1508.827473277163,1626.196970689056,0.2857142857142857,7
2026-04-12,Sunderland,Tottenham,1,0,H,PL_2025-26,1.4,1.0,1.2,0.2,0.8,2.6,1536.4817813449436,1443.6414186081042,0.0,1
2026-04-12,Chelsea,Man City,0,3,A,PL_2025-26,0.8,1.2,1.6,2.2,1.8,0.8,1610.2134680632546,1728.0096061107058,0.09090909090909091,11
2026-04-13,Man United,Leeds,1,2,A,PL_2025-26,2.0,1.8,1.2,0.6,0.2,0.6,1605.0711276412862,1465.0107423206155,0.5714285714285714,7
2026-04-18,Tottenham,Brighton,2,2,D,PL_2025-26,0.2,0.6,2.0,2.4,1.4,0.6,1438.6842930109174,1588.8798411897876,0.45454545454545453,11
2026-04-18,Chelsea,Man United,0,1,A,PL_2025-26,0.6,1.0,2.0,1.4,1.8,1.6,1600.7252346064029,1589.085212430679,0.18181818181818182,11
2026-04-18,Newcastle,Bournemouth,1,2,A,PL_2025-26,1.2,1.4,1.6,1.4,1.0,0.8,1559.9344693914265,1573.2173559160256,0.0,7
2026-04-18,Brentford,Fulham,0,0,D,PL_2025-26,1.4,1.6,1.4,1.4,1.0,1.0,1563.8687580797957,1531.3198030189303,0.2857142857142857,7
2026-04-18,Leeds,Wolves,3,0,H,PL_2025-26,1.0,0.4,0.6,1.4,1.2,1.6,1480.9966575312228,1419.3873759341718,0.5714285714285714,7
2026-04-19,Aston Villa,Sunderland,4,3,H,PL_2025-26,0.8,1.0,2.0,2.0,1.0,0.6,1625.6974524529107,1541.4389069421304,0.0,1
2026-04-19,Everton,Liverpool,1,2,A,PL_2025-26,2.0,2.0,1.2,1.4,2.0,1.4,1563.9214420320918,1658.5129681330202,0.18181818181818182,11
2026-04-19,Nott'm Forest,Burnley,4,1,H,PL_2025-26,1.2,1.4,1.0,0.2,0.8,2.2,1509.3269915133083,1358.81962345375,0.3333333333333333,3
2026-04-19,Man City,Arsenal,2,1,H,PL_2025-26,2.2,1.8,0.8,2.4,2.0,0.8,1737.4978395675575,1742.4760026128258,0.5454545454545454,11
2026-04-20,Crystal Palace,West Ham,0,0,D,PL_2025-26,2.0,1.4,0.8,1.4,1.6,1.6,1546.0159382762502,1481.6736987223755,0.45454545454545453,11
2026-04-21,Brighton,Chelsea,3,0,H,PL_2025-26,2.0,1.4,0.8,0.6,0.8,1.8,1587.4450659316508,1587.6181822399446,0.36363636363636365,11
2026-04-22,Bournemouth,Leeds,2,2,D,PL_2025-26,1.8,1.2,0.8,1.6,1.0,0.4,1585.6627061065908,1486.6539435288714,0.3333333333333333,3
2026-04-22,Burnley,Man City,0,1,A,PL_2025-26,0.2,0.4,2.2,2.2,1.8,0.8,1354.995019263956,1744.829101802334,0.0,7
2026-04-24,Sunderland,Nott'm Forest,0,5,A,PL_2025-26,1.8,1.4,1.2,1.8,2.0,0.8,1536.2953066553926,1513.1515957031022,1.0,1
2026-04-25,Wolves,Tottenham,0,1,A,PL_2025-26,1.4,1.2,2.0,0.4,0.8,2.0,1413.7300899365232,1440.1190682690542,0.45454545454545453,11
2026-04-25,Liverpool,Crystal Palace,3,1,H,PL_2025-26,1.4,1.4,1.2,1.6,1.2,0.8,1668.6686239522458,1541.6096167968265,0.5454545454545454,11
2026-04-25,West Ham,Everton,2,1,H,PL_2025-26,1.6,1.2,0.6,1.4,1.6,1.2,1486.0800202017992,1553.7657862128663,0.45454545454545453,11
2026-04-25,Fulham,Aston Villa,1,0,H,PL_2025-26,1.0,0.6,0.8,1.4,1.8,2.2,1534.9599541587454,1630.8410527396486,0.1111111111111111,9
2026-04-25,Arsenal,Newcastle,1,0,H,PL_2025-26,1.8,1.4,1.0,1.2,1.2,1.4,1735.1447403780494,1547.4891192008613,0.6363636363636364,11
2026-04-27,Man United,Brentford,2,1,H,PL_2025-26,1.4,1.6,1.4,1.0,0.8,0.8,1602.192264797137,1560.2286069399806,0.5555555555555556,9
2026-05-01,Leeds,Burnley,3,1,H,PL_2025-26,1.8,1.4,0.6,0.2,0.4,2.0,1491.8280206228874,1351.8223178961437,0.6,5
2026-05-02,Brentford,West Ham,3,0,H,PL_2025-26,0.8,1.0,1.2,1.6,1.4,0.8,1554.1014761858844,1495.1526144042891,0.7777777777777778,9
2026-05-02,Newcastle,Brighton,3,1,H,PL_2025-26,0.6,0.8,1.4,2.6,2.0,0.6,1544.2827994700854,1594.648358258542,0.18181818181818182,11
2026-05-02,Wolves,Sunderland,1,1,D,PL_2025-26,0.8,0.8,2.2,1.2,1.2,2.2,1401.6425371916494,1522.8922685440355,0.0,1
2026-05-02,Arsenal,Fulham,3,0,H,PL_2025-26,1.8,1.2,0.8,1.6,0.8,0.6,1738.3510601088253,1544.8414081997696,0.5555555555555556,9
2026-05-03,Bournemouth,Crystal Palace,3,0,H,PL_2025-26,1.8,1.6,1.2,1.6,1.2,1.0,1580.488629012575,1537.3500212095676,0.2857142857142857,7
2026-05-03,Man United,Liverpool,3,2,H,PL_2025-26,2.0,1.8,1.2,2.0,1.8,1.0,1608.3193955512334,1672.9282195395047,0.18181818181818182,11
2026-05-03,Aston Villa,Tottenham,1,2,A,PL_2025-26,1.4,1.6,1.6,1.0,0.8,1.4,1620.9595986986244,1452.206621013928,0.5454545454545454,11
2026-05-04,Chelsea,Nott'm Forest,1,3,A,PL_2025-26,0.0,0.0,2.2,2.2,2.6,0.4,1580.4148899130535,1526.5546338144593,0.42857142857142855,7
2026-05-04,Everton,Man City,3,3,D,PL_2025-26,0.8,1.4,1.6,2.2,1.8,0.8,1544.6931920103764,1748.0018031701463,0.0,11
2026-05-09,Liverpool,Chelsea,1,1,D,PL_2025-26,1.8,2.0,1.4,0.0,0.2,2.6,1663.9433508017112,1566.2548876851974,0.2727272727272727,11
2026-05-09,Brighton,Wolves,3,0,H,PL_2025-26,2.0,2.0,1.2,0.4,0.6,2.2,1586.0673123674812,1402.253392130046,0.45454545454545453,11
2026-05-09,Fulham,Bournemouth,0,1,A,PL_2025-26,1.4,0.8,1.2,2.2,2.2,1.2,1541.7247796439176,1586.5870520650315,0.14285714285714285,7
2026-05-09,Sunderland,Man United,0,0,D,PL_2025-26,1.4,1.4,2.2,2.0,1.8,1.4,1522.2814136056388,1617.3042642890268,0.0,1
2026-05-09,Man City,Brentford,3,0,H,PL_2025-26,2.2,2.0,1.0,1.2,1.2,0.8,1745.1129827364625,1559.8211002631315,0.6666666666666666,9
2026-05-10,West Ham,Arsenal,0,1,A,PL_2025-26,1.4,1.2,1.2,1.8,1.6,0.8,1489.432990327042,1741.4676886646773,0.18181818181818182,11
2026-05-10,Nott'm Forest,Newcastle,1,1,D,PL_2025-26,2.6,3.2,0.6,0.6,1.2,1.6,1540.7146360423153,1552.863845361146,0.14285714285714285,7
2026-05-10,Crystal Palace,Everton,2,2,D,PL_2025-26,1.0,0.6,1.4,1.0,2.0,1.8,1531.2515981571112,1547.5820124440602,0.09090909090909091,11
2026-05-10,Burnley,Aston Villa,2,2,D,PL_2025-26,0.0,0.6,2.6,1.4,1.6,1.4,1347.8072230639668,1604.4698059100292,0.14285714285714285,7
2026-05-11,Tottenham,Leeds,1,1,D,PL_2025-26,1.4,1.0,1.4,2.2,2.0,0.8,1468.6964138025232,1495.8431154550642,0.8571428571428571,7
2026-05-13,Man City,Crystal Palace,3,0,H,PL_2025-26,2.6,2.4,0.8,1.0,1.0,1.8,1748.356105457639,1528.888892894274,0.6363636363636364,11
2026-05-15,Aston Villa,Liverpool,4,2,H,PL_2025-26,1.0,1.6,1.8,2.0,2.0,1.2,1600.2433289923981,1658.797156321027,0.09090909090909091,11
2026-05-17,Man United,Nott'm Forest,3,2,H,PL_2025-26,2.0,1.4,1.0,2.2,2.8,0.8,1617.4475083632433,1538.2386317465284,0.42857142857142855,7
2026-05-17,Brentford,Crystal Palace,2,2,D,PL_2025-26,1.0,1.2,1.4,0.4,0.6,2.2,1556.577977541955,1526.1455034311996,0.2222222222222222,9
2026-05-17,Everton,Sunderland,1,3,A,PL_2025-26,0.6,1.8,2.2,1.0,1.0,2.0,1549.9447177068973,1522.1381695314224,0.0,1
2026-05-17,Leeds,Brighton,1,0,H,PL_2025-26,2.2,2.2,1.0,2.0,2.2,1.0,1497.9098001126354,1589.3336193349853,0.0,7
2026-05-17,Wolves,Fulham,1,1,D,PL_2025-26,0.2,0.2,2.4,0.8,0.2,1.2,1398.987085162542,1530.1509784229268,0.4444444444444444,9
2026-05-17,Newcastle,West Ham,3,1,H,PL_2025-26,0.8,1.2,1.4,1.4,1.2,1.0,1555.339849656933,1483.5494470222136,0.45454545454545453,11
2026-05-18,Arsenal,Burnley,1,0,H,PL_2025-26,1.8,1.4,0.8,0.2,0.8,2.4,1747.3512319695058,1352.033699981598,0.5714285714285714,7
2026-05-19,Bournemouth,Man City,1,1,D,PL_2025-26,2.6,2.0,0.8,2.6,2.4,0.8,1598.1608532860223,1751.0994949207134,0.14285714285714285,7
2026-05-19,Chelsea,Tottenham,2,1,H,PL_2025-26,0.2,0.4,2.2,1.6,1.2,1.0,1571.4010821658817,1466.629729144952,0.7272727272727273,11
2026-05-24,Man City,Aston Villa,1,2,A,PL_2025-26,2.2,2.2,0.8,1.4,2.2,2.0,1749.5874814879674,1609.0560388269955,0.6363636363636364,11
2026-05-24,Sunderland,Chelsea,2,1,H,PL_2025-26,1.0,1.4,2.2,0.8,0.8,1.8,1535.6593262366562,1576.1065914749283,1.0,1
2026-05-24,Nott'm Forest,Bournemouth,1,1,D,PL_2025-26,2.0,3.0,1.2,2.2,1.8,0.8,1532.983186899509,1599.6728667187683,0.0,7
2026-05-24,Fulham,Newcastle,2,0,H,PL_2025-26,1.0,0.4,1.0,1.4,1.6,1.2,1529.2564072868743,1560.7624177550836,0.2222222222222222,9
2026-05-24,Liverpool,Brentford,1,1,D,PL_2025-26,1.4,2.0,2.0,1.0,1.2,1.4,1649.9844464864295,1552.9907884497272,0.6666666666666666,9
2026-05-24,Brighton,Man United,0,3,A,PL_2025-26,1.4,1.8,1.2,2.6,1.8,1.0,1579.5804115377605,1622.7029532102626,0.5454545454545454,11
2026-05-24,Crystal Palace,Arsenal,1,2,A,PL_2025-26,0.4,1.0,2.6,2.4,1.4,0.4,1529.7326925234274,1748.4435389584646,0.09090909090909091,11
2026-05-24,Burnley,Wolves,1,1,D,PL_2025-26,0.2,0.8,2.2,0.4,0.4,1.8,1350.941392992639,1399.8816562985944,0.5714285714285714,7
2026-05-24,Tottenham,Everton,1,0,H,PL_2025-26,1.6,1.4,1.2,0.4,1.6,2.4,1461.9242198359054,1536.4235610016635,0.45454545454545453,11
2026-05-24,West Ham,Leeds,3,0,H,PL_2025-26,0.8,0.6,1.6,2.2,2.0,0.8,1478.126878924063,1507.6630079098602,0.5714285714285714,7
